item>>categories,item>>description,item>>image,item>>instock,item>>price,item>>seller,item>>sku,item>>title,item>>url
"Прочие аксессуары,Телефоны и планшеты,Электроника","Отличный помощник, чтобы делать фотографии самостоятельно, когда вы находитесь в одиночестве или делать большие снимки со всеми членами семьи. Может делать фотографии или видео в труднодоступных местах. Нет необходимости использовать таймер камеры телефона для съемки фотографий, просто нажмите кнопку камеры на моноподе, чтобы сделать снимок. Делайте селфи на расстоянии с помощью телескопической ручки и дистанционного затвора. Универсальный дизайн подходит для различных устройств шириной от 2,5 до 3 дюймов. Длина 91 см. Нет необходимости в батарее или приложении. Товар представлен в четырех цветах, отличие по цвету ручки: синий, зеленый, белый и розовый.",https://376727.selcdn.ru/robomarket/media/6059c2e84508e9d923a6ff70/76d6b1b7-9ea5-4c48-b893-d239222b514f.jpg,yes,349.00,Allunigoods,854652,Селфи-палка для смартфона,https://robo.market/api/v1/product/854652
"Прочие аксессуары,Телефоны и планшеты,Электроника",Противоскользящая накладка обеспечивает безопасность вашего устройства во время зарядки. Светодиодный индикатор указывает на работу беспроводной зарядной панели. Изготовлен из твердого материала ABS. Подходит для iPhone (разъем Lightning),https://376727.selcdn.ru/robomarket/media/606efc674508e9d923a78b55/9eb388ba-4f8f-4f52-88da-c3afb7be853b.jpg,yes,1199.00,Allunigoods,868184,Беспроводное зарядное устройство QI + адаптер разъем Lightning,https://robo.market/api/v1/product/868184
"Прочие аксессуары,Телефоны и планшеты,Электроника",Противоскользящая накладка обеспечивает безопасность вашего устройства во время зарядки. Светодиодный индикатор указывает на работу беспроводной зарядной панели. Изготовлен из твердого материала ABS. Тип: Адаптер для беспроводной зарядки QI Совместимость: устройства поддерживающие microUSB.,https://376727.selcdn.ru/robomarket/media/606efd904508e9d923a78b5a/1da8be2d-8291-4894-812e-cd423a114691.jpg,yes,999.00,Allunigoods,868185,Беспроводное зарядное устройство QI + адаптер разъем microUSB,https://robo.market/api/v1/product/868185
"Прочие аксессуары,Телефоны и планшеты,Электроника","<p>Питание - Емкость аккумулятора2600 mAh<br><br>Благодаря тому, что абсолютное большинство современных электронных устройств оснащены стандартными USB-портами, Power Bank является универсальным приспособлением. Таким образом, с его помощью можно зарядить:<br>&nbsp;</p><ul><li>мобильный телефон;</li><li>цифровой фотоаппарат;</li><li>видеокамеру;</li><li>планшет;</li><li>плеер;</li><li>GPS-навигатор;</li><li>игровую приставку;</li><li>многие другие аппараты.</li></ul><p>ОПИСАНИЕ ТОВАРА<br>- Емкость заявленная производителем: 2600 mAh.<br>- Входная мощность: 5В.<br>- Выходная мощность: 5В.<br>- Цвет: желтый<br>- Имеет защитный, съемный корпус.<br>- Материал: пластик.<br>- Размер в корпусе: 91*24*24мм.<br>- Входной разъем: microUSB.<br>- Выходной разъем: USB.<br>- Длинна комплектующего кабеля: 30см.<br>- Имеет индикатор зарядки.<br><br><br><br><br>&nbsp;</p>",https://376727.selcdn.ru/robomarket/media/610eb16c49cde6d1402bdf0e/6ba37724-2307-4fae-a2ac-14d2f91fde05.png,yes,600.00,Альфа-Бизнес,1450502,Беспроводная зарядка power bank 2600 mAh,https://robo.market/api/v1/product/1450502
"Прочие аксессуары,Телефоны и планшеты,Электроника","<p>ОПИСАНИЕ ТОВАРА:</p><ul><li>Материал: металл, силикон, пластик, стекло</li><li>Угол наклона: 360С</li><li>Размер: 130*106*15 мм</li><li>Длина кабеля: 60 см</li><li>Вес: 95 гр</li><li>В комплекте: автодержатель, зарядный кабель, крепление держателя к вентиляции.</li></ul><p>Автодержатель-зарядка для телефона Smart Sensor R- современное супер устройство 2 в 1, объединившее в себе функцию держателя и бесконтактной инкуктивной зарядки для современных смартфонов. Зарядку можно поворачивать под любым углом, смартфон может заряжаться в чехле толщиной до 5 мм. Держатель оснащен автоматическим зажимом, который реагирует на движение и захватывает телефон, когда его подносят к зарядке.<br><br>Особенности:</p><ul><li>стильный и эргономичный дизайн.</li><li>надежное крепление, с автоматическим зажимом.</li><li>два сенсорных датчика закрытия и открытия фиксаторов.</li><li>на держателе имеется два светодиода, синий-телефон заряжается, зеленый-телефон зарядился.</li><li>держатель крепится к любому дефлекатору горизонтального типа.</li></ul>",https://376727.selcdn.ru/robomarket/media/610eb35049cde6d1402bdf12/4413d4dc-a51b-477f-adf5-dba695fd7a37.jpg,yes,1450.00,Альфа-Бизнес,1450503,Автодержатель-зарядка для телефона smart sensor R1,https://robo.market/api/v1/product/1450503
"Прочие аксессуары,Телефоны и планшеты,Электроника","<p>Наушники беспроводные HBQ i7 - беспроводные TWS наушники с подключением по Bluetooth. Это одна из самых популярных моделей наушников на сегодняшний день. Наверное, высокая популярность данной модели вызвана выгодными условиями закупки и достойным качеством. Портативные беспроводные наушники-вкладыши с микрофоном подключаются ко всем мобильным устройствам. Вы можете использовать наушники для прослушивания музыки, либо в качестве гарнитуры.<br>Наушники HBQ i7 имеют систему активного шумоподавления. Время до полной зарядки аккумулятора наушников 1 час. Индикатор питания на наушниках с помощью цвета отображает уровень заряда.<br><br>Характеристики:<br>Тип наушников: наушники - вкладыши<br>Тип подключения: беспроводное<br>Радиус действия: 10 метров;<br>Импеданс: 32 Ом;<br>Частотный диапазон: 20 – 20000 Гц;<br>Чувствительность: 94 дБ;<br>Диаметр динамика: 15 мм;<br>Разъем для зарядки: microUSB;<br>Время работы: 2 часа;<br>Вес: 7 грамм<br>Комплектация:<br><br>- Наушники<br>- Инструкция<br>- Зарядный кабель</p><p><br>Чтобы синхронзировать наушники между собой нужно:<br>1. Включить оба наушника. Дождаться мигания.<br>2. Затем на одном из них нажать клавишу включения и удерживать в течение 3х секунд.<br><br>&nbsp;</p>",https://376727.selcdn.ru/robomarket/media/610eb4f149cde6d1402bdf20/7bf70d98-2c4a-4f73-b9b3-0a1099183e32.jpg,yes,690.00,Альфа-Бизнес,1450505,Беспроводные bluetooth наушники HBQ I7 TWS,https://robo.market/api/v1/product/1450505
"Прочие аксессуары,Телефоны и планшеты,Электроника","<p>Кольцевая лампа для фото Professional Live Stream с держателем для смартфона-доступное каждому профессиональное освещение для фото и видео съемки, живых трансляций в социальных сетях, детальной съемки, дополнительного освещения. Кольцевая лампа- новый дизайн, сочетающая в себе держатель для телефона и кольцо для селфи установленные на гибких регулированных кронштейнах с креплением к столешнице на прищепке. Лампа имеет 10 уровней настойки яркости, а температура ее освещения имеет 3 режима: белый, теплый желтый, теплый желтый + белый.<br>&nbsp;</p><ul><li>Количество светодиодов: 24 шт</li><li>Диаметр кольца: 9 см</li><li>Мощность лампы: 12 Вт</li><li>Ширина крепления зажима: до 7 см</li><li>Длина гибкого держателя смартфона: 35 см</li><li>Длина гибкого держателя кольца: 55 см</li><li>Длина провода: 160 см</li><li>Материал: металл, ABS-пластик</li><li>Вес: 850 гр</li></ul>",https://376727.selcdn.ru/robomarket/media/610eb84b49cde6d1402bdf35/dc54a62e-edf7-4cdc-8f5c-faf8be78a1fd.jpg,yes,1400.00,Альфа-Бизнес,1450507,Кольцевая лампа для фото Рrofessional live stream,https://robo.market/api/v1/product/1450507
"Прочие аксессуары,Телефоны и планшеты,Электроника","<p>Беспроводные Bluethoot наушники i12 TWS нового поколения. Они вобрали в себя все самое лучшее: сенсорное управление, беспроводная зарядка, отличный звук, микрофон в каждом наушнике (по отдельности может работать любой из них), легкие и компактные, светодиод в каждом наушнике оперативно уведомит Вас о разрядке и статусе подключения к устройству.<br><br>Портативные наушники-вкладыши подключаются по Bluetooth. Имеют хорошее качество звука. Девайс надежно и удобно крепится в ухо Благодаря встроенному микрофону их можно использовать для звонков в качестве гарнитуры. Компактные размеры позволяют всегда брать с собой наушники при выходе из дома.<br><br>Мини портативные беспроводные Bluetooth наушники-вкладыши TWS i12 подходят, как для Android, так и для iOS. Великолепно взаимодействуют с iPhone, Apple Watch, iPad и Mac. Они вообще подключаются по Bluetooth к любым мобильным устройствам.<br><br>КРАТКИЕ ХАРАКТЕРИСТИКИ:</p><ul><li>Вес изделия: 4гр. (один наушник)</li><li>Время работы: 3-4 часа</li><li>Емкость аккумулятора: 35 мАч</li><li>Емкость аккумулятора кейса: 350 мАч</li><li>Радиус действия: 10м.</li><li>Совместим с телефоном: Android, IOS, Microsoft.</li><li>В комплекте: пара наушников, кабель для зарядки, кейс, руководство пользователя.</li><li>Упаковка: 10*10*5 см.</li></ul><p>Комплектация:</p><ul><li>Наушники i12 - 2 шт</li><li>Зарядный кейс</li><li>Зарядный шнур</li><li>Инструкция</li></ul><p>ТЕХНИЧЕСКИЕ ХАРАКТЕРИСТИКИ&nbsp;<br>Основные:</p><ul><li>Размер5,4х4,4х1,5 см</li><li>Доступные цвет -белый</li><li>Аккумулятор кейса350 mAh</li><li>Аккумулятор наушников35 mAh</li><li>Работа в режиме разговора3</li><li>Микрофон - Есть</li><li>Особенности - Сенсорное управление, микрофон в каждом наушнике.</li><li>TWSДа</li><li>Поддержка IPhoneЕсть</li><li>Тип крепления - Без крепления</li><li>Функция гарнитуры - Да</li></ul><p>Беспроводная связь</p><ul><li>Радиус действия -10 м</li></ul><p>Питание:</p><ul><li>Время зарядки - 2 ч</li><li>Время работы - 3 ч</li><li><br>Подключение<br><ul><li>Тип подключения - Bluetooth</li></ul></li></ul>",https://376727.selcdn.ru/robomarket/media/61100e4c49cde6d1402be135/a4e4a46f-a11c-41d6-9401-61a313ad0946.jpg,yes,900.00,Альфа-Бизнес,1450524,Беспроводные наушники i12 TWS,https://robo.market/api/v1/product/1450524
"Прочие аксессуары,Телефоны и планшеты,Электроника","<p>Беспроводные наушники i11 TWS 5.0 имеют сенсорное управление. Наушники с кейсом подключаются по Bluetooth. Наушники отличаются хорошим качеством звука. Благодаря встроенному микрофону их можно использовать для звонков в качестве гарнитуры. Мини портативные беспроводные Bluetooth наушники-вкладыши подходят, как для Android, так и для iOS. Великолепно взаимодействуют с iPhone, Apple Watch, iPad и Mac. Обладают глубоким басом и мощной системой шумоподавления. Отвечают на телефонный звонок сразу двумя наушниками, запоминают последний вызов.</p><p><br>Особенности</p><ul><li>Автоматическое подключение ко всем мобильным устройствам,</li><li>сенсорное управление.</li><li>Есть возможность использовать Siri</li><li>Высокое качественное стерео звучание</li><li>Система активного шумоподавления</li><li>Переключение режима на телефонный разговор с любого наушника</li><li>Компактные размеры</li><li>Совместимость с устройствами на IOS и Android</li></ul><p><br>ХАРАКТЕРИСТИКИ:</p><ul><li>Совместимость: IOS, Anfroid</li><li>Bluetooth: 5,0</li><li>Воспроизведение музыки: около 2,5-3 часов</li><li>Время разговора: около 4 часов</li><li>Время в режиме ожидания: около 7 часов</li><li>Емкость аккумулятора для зарядки: 300 мАч</li><li>Емкость аккумулятора для наушников: 35 мАч</li><li>Зарядка: около 70 минут</li></ul><p><br>Комплектация</p><ul><li>Bluetooth мини-наушники - 2 шт</li><li>Контейнер для хранения</li><li>USB кабель для зарядки</li><li>Инструкция</li></ul><p><br>ТЕХНИЧЕСКИЕ ХАРАКТЕРИСТИКИ</p><p>Питание</p><ul><li>Емкость аккумулятора - 100 mAh</li><li>Время зарядки - 2 ч</li><li>Время работы - 3 ч</li></ul><p>Основные</p><ul><li>Чувствительность - 42 дБ</li><li>Работа в режиме разговора - 2</li><li>Микрофон - Есть</li><li>Управление музыкой - Есть</li><li>TWS - Да</li><li>Диапазон частот - 8 Гц</li><li>Поддержка IPhone - Да</li><li>Тип крепления - Без крепления</li></ul><p><br>Беспроводная связь</p><ul><li>Радиус действия -12 м</li><li>Версия Bluetooth - Bluetooth 5.0</li></ul><p><br>Комплектация</p><ul><li>Комплектация - Наушники, зарядный кейс, кабель, инструкция, упаковка.</li></ul><p><br>Подключение</p><ul><li>Тип подключения - Bluetooth</li></ul><p><br>Функционал</p><ul><li>Функция ответа на звонок - Есть</li></ul><p><br><br><br><br>&nbsp;</p>",https://376727.selcdn.ru/robomarket/media/61102db849cde6d1402be17d/c8610da8-3f2a-4f79-ad96-19322243add4.png,yes,1400.00,Альфа-Бизнес,1450538,Беспроводные сенсорные наушники i11 TWS 5.0,https://robo.market/api/v1/product/1450538
"Прочие аксессуары,Телефоны и планшеты,Электроника","<p>Беспроводные Bluetooth наушники I7S TWS - это портативные беспроводные наушники, воплощающие простоту, инновацию и качество.<br><br>Они подарят свободу действий и обеспечат чистым и мощным звуком, даже пока вы занимаетесь спортом или танцами, так как благодаря форме вкладыша наушники плотно прилегают к уху. Такие наушники не выпадут при активном беге или прыжках.<br><br>Беспроводные наушники оборудованы консолью с микрофоном. Вы сможете, не отвлекаясь от своих занятий, принимать и отвечать на звонки, микрофон обеспечит высокое качество вашего звучания.<br>Наушники легко и просто синхронизируются со всеми устройствами, которые поддерживают функцию Bluetooth на платформах Android, Apple, Windows. Радиус действия наушников до 10-ти метров.<br><br>Если же вы находитесь далеко от розетки - бокс-зарядка выручит вас, полного заряда бокса хватает на три полных заряда наушников, что дополнительно обеспечит вас до 100 часов музыки.<br><br>Комплектация:<br>· Bluetooth наушники (левый и правый) - 2 шт;<br>· бокс для хранения с зарядным устройством - 1 шт;<br>· USB кабель для зарядки - 1 шт;<br>· руководство пользователя - 1 шт.<br><br><br>&nbsp;</p>",https://376727.selcdn.ru/robomarket/media/61102f8749cde6d1402be185/a7c8e81c-6d12-4188-b67b-b2eca13c915b.jpg,yes,1700.00,Альфа-Бизнес,1450539,Наушники беспроводные i7S TWS,https://robo.market/api/v1/product/1450539
"Внешние аккумуляторы,Телефоны и планшеты,Электроника","Внешний аккумулятор с УФ-лампой и системой быстрой зарядки. Портативная и мобильная стерилизация. Для дезинфекции различных поверхностей дома и на улице: Многофункциональный аккумулятор с УФ-стерилизатором обеспечит быструю зарядку смартфонов (PD/QC) и дезинфекцию поверхности. Портативный стерилизатор применяется в различных случаях, чтобы обеспечить безопасность Ваших поездок. В течение нескольких секунд уничтожает 99% различных видов бактерий и вирусов, которые существуют в воде, воздухе или на поверхности объекта: Коронавирус КОВИД-19 (COVID-19), патогенные дрожжи, Escherichia coli, сальмонеллу, Mycobacterium tuberculosis, фекальный гриб, вирус гриппа Streptococcus pneumoniae, вирус гепатита B, ротавирус, вирус кори, вирус краснухи, вирус ветряной оспы, микробактерии, хламидии, вирус чумы и др. - Элегантный дизайн, миниатюрный размер, очень эффективная стерилизация. - Легкое использование: несколько движений лампой над поверхностью обезопасит Вас от 99% вирусов и микробов. - Поддержка протоколов PD/QC для быстрой зарядки. - Удвоенная скорость зарядки. Надеемся, что наша продукция окажет Вам полезной в обеспечении защиты в период распространения КОВИД-19. Модель: UV-10 Емкость: 9600 мАч / 3.7В / 35.52 ВтЧ Габариты: 116*58*24 мм Вес: 290г (в упаковке：314г) Мощность УФ лампы: 2 Вт Длина волны УФ излучения: 254 нм Расстояние облучения: 5 cm Срок работы УФ лампы: >8000 часов Цвет: Белый/Синий/Красный Графеновые внешние аккумуляторы www.g-pb.ru / +7 (903) 102.22.20 Видео применения: https://youtu.be/77VrVvwOfYU Примечание: УФ-лампы не следует использовать для стерилизации рук или других участков кожного покрова, поскольку ультрафиолетовое излучение может вызвать эритему (раздражение) кожи. Рекомендуется ознакомиться с перечнем всех профилактических мер, позволяющих защититься от нового коронавируса. https://www.rospotrebnadzor.ru/region/rss/rss.php?ELEMENT_ID=13990",https://storage.robo.market/shop-23123/offer-17727027/offerimage-155085465,yes,1950,Графеновые внешние аккумуляторы,666033,Внешний аккумулятор с УФ-лампой и системой быстрой зарядки. Емкость 9600мАч. Type-C+USB (PD/QC) - ПРЕДЗАКАЗ.,https://robo.market/api/v1/product/666033
"Внешние аккумуляторы,Телефоны и планшеты,Электроника","Инновационный внешний графеновый аккумулятор KY55-K10W-1 Емкость 10000 мАч. Время полной зарядки аккумулятора около 20 минут при использовании оригинального зарядного устройства (90Вт) или аналогичного по параметрам. Предназначен для универсальной зарядки смартфонов, ноутбуков, макбуков, часов, наушников, курток с нагревом и любых других устройств, различной потребляемой мощности. - Ноутбуки заряжаются прямым подключением через порт Type-С или через DC адаптеры (до 65Вт) - Возможна одновременная зарядка 2 устройства (ноутбук и смартфон) благодаря 2-х раздельным независимым контурам портов USB-2 и USB Type-C. Type-C - на 65Вт; USB - на 18Вт. - Протокол QC (QuickCharge) обеспечивает деликатную и быструю зарядку устройств. - Новый протокол PD2.0 автоматически регулирует подаваемое напряжение и ток для различных устройств: от 5В/0.2А до 20В/3.25А (до 65Вт). За счет новой версии протокола PD2.0 данный графеновый аккумулятор заряжает ноутбуки и другие устройства автоматическим подбором напряжения и тока, как указано в параметрах. - Легкодоступные адаптеры ""TypeC-to-Magsafe"" для зарядки ранних версий MacBook (Pro/Air) и ""TypeC-to-DC"" для зарядки устройств с питанием постоянным током Технические характеристики: Тип: Графеновый внешний аккумулятор с функцией сверхбыстрой зарядки Время полной зарядки: около 20 минут Емкость: 10000 мАч Материал: АБС / ПС Цвет: Белый Размеры, мм: 131 х 72 х 22 Вес, гр: 270 Размеры упаковки, мм: 190 х 166 х 60 Вес в коробке с зарядным устройством, гр: 700 Type-C Вход (QC3.0/PD2.0): 5V/1A-3A; 9V/1A-3A; 12V/1A-3A; 15V/1A-3A; 20V/1A-5A (5 Вт - 100 Вт) Type-C Выход (QC3.0/PD2.0): 5V/1A-3A; 9V/1A-3A; 12V/1A-3A; 15V/1A-3A; 20V1A-3.25A(5 Вт - 65 Вт) USB Выход (QC3.0): 5V/0.2A-3A; 9V/1A-2A,12V/1A-1.5A(1 Вт – 18 Вт) Зарядное устройство: Type С, 90 Вт Соответствие стандарту: GB/T 35590-2017 Гарантия: 1 год",https://storage.robo.market/shop-23123/offer-18243116/offerimage-158667002,yes,3950,Графеновые внешние аккумуляторы,666034,Графеновый аккумулятор KY55-K10W-1. 10000мАч. В комплекте с з/у,https://robo.market/api/v1/product/666034
"Внешние аккумуляторы,Телефоны и планшеты,Электроника","Инновационный внешний графеновый аккумулятор KY55-K10W-1 Емкость 10000 мАч. Время полной зарядки аккумулятора около 20 минут при использовании оригинального зарядного устройства (90Вт) или аналогичного по параметрам. Предназначен для универсальной зарядки смартфонов, ноутбуков, макбуков, часов, наушников, курток с нагревом и любых других устройств, различной потребляемой мощности. - Ноутбуки заряжаются прямым подключением через порт Type-С или через DC адаптеры (до 65Вт) - Возможна одновременная зарядка 2 устройства (ноутбук и смартфон) благодаря 2-х раздельным независимым контурам портов USB-2 и USB Type-C. Type-C - на 65Вт; USB - на 18Вт. - Протокол QC (QuickCharge) обеспечивает деликатную и быструю зарядку устройств. - Новый протокол PD2.0 автоматически регулирует подаваемое напряжение и ток для различных устройств: от 5В/0.2А до 20В/3.25А (до 65Вт). За счет новой версии протокола PD2.0 данный графеновый аккумулятор заряжает ноутбуки и другие устройства автоматическим подбором напряжения и тока, как указано в параметрах. - Легкодоступные адаптеры ""TypeC-to-Magsafe"" для зарядки ранних версий MacBook (Pro/Air) и ""TypeC-to-DC"" для зарядки устройств с питанием постоянным током Технические характеристики: Тип: Графеновый внешний аккумулятор с функцией сверхбыстрой зарядки Время полной зарядки: около 20 минут Емкость: 10000 мАч Материал: АБС / ПС Цвет: Белый Размеры, мм: 131 х 72 х 22 Вес, гр: 270 Размеры упаковки, мм: 190 х 166 х 60 Вес в коробке с зарядным устройством, гр: 700 Type-C Вход (QC3.0/PD2.0): 5V/1A-3A; 9V/1A-3A; 12V/1A-3A; 15V/1A-3A; 20V/1A-5A (5 Вт - 100 Вт) Type-C Выход (QC3.0/PD2.0): 5V/1A-3A; 9V/1A-3A; 12V/1A-3A; 15V/1A-3A; 20V1A-3.25A(5 Вт - 65 Вт) USB Выход (QC3.0): 5V/0.2A-3A; 9V/1A-2A,12V/1A-1.5A(1 Вт – 18 Вт) Зарядное устройство: Type С, 90 Вт Соответствие стандарту: GB/T 35590-2017 Гарантия: 1 год",https://storage.robo.market/shop-23123/offer-18243148/offerimage-158667014,yes,3950,Графеновые внешние аккумуляторы,666035,Графеновый аккумулятор KY55-K10B-1. 10000 мАч. В комплекте с з/у,https://robo.market/api/v1/product/666035
"Внешние аккумуляторы,Телефоны и планшеты,Электроника","Инновационный внешний графеновый аккумулятор KY55-K10W Емкость 10000 мАч. Цвет: Белый (глянец) Время полной зарядки аккумулятора около 20 минут при использовании оригинального зарядного устройства (90Вт) или аналогичного по параметрам. Предназначен для универсальной зарядки смартфонов, ноутбуков, макбуков, часов, наушников, курток с нагревом и любых других устройств, различной потребляемой мощности. - Ноутбуки заряжаются прямым подключением через порт Type-С или через DC адаптеры (до 65Вт) - Возможна попеременная зарядка 2 устройств (ноутбук, смартфон и др). * Type-C - на 65Вт; * USB - на 18Вт. - Протокол QC (Quick Charge) обеспечивает деликатную и быструю зарядку устройств. - Новый протокол PD2.0 автоматически регулирует подаваемое напряжение и ток для различных устройств: от 5В/0.2А до 20В/3.25А (до 65Вт). За счет новой версии протокола PD2.0 данный графеновый аккумулятор заряжает ноутбуки и другие устройства автоматическим подбором напряжения и тока, как указано в параметрах. - Легкодоступные адаптеры ""TypeC-to-Magsafe"" для зарядки ранних версий MacBook (Pro/Air) и ""TypeC-to-DC"" для зарядки устройств с питанием постоянным током Технические характеристики: Тип: Графеновый внешний аккумулятор с функцией сверхбыстрой зарядки Время полной зарядки: около 20 минут Емкость: 10000 мАч Материал: АБС / ПС Цвет: Белый Размеры, мм: 131 х 72 х 22 Вес, гр: 270 Размеры упаковки, мм: 190 х 166 х 60 Вес в коробке с зарядным устройством, гр: 700 Type-C Вход (QC3.0/PD2.0): 5V/1A-3A; 9V/1A-3A; 12V/1A-3A; 15V/1A-3A; 20V/1A-5A (5 Вт - 100 Вт) Type-C Выход (QC3.0/PD2.0): 5V/1A-3A; 9V/1A-3A; 12V/1A-3A; 15V/1A-3A; 20V1A-3.25A(5 Вт - 65 Вт) USB Выход (QC3.0): 5V/0.2A-3A; 9V/1A-2A,12V/1A-1.5A(1 Вт – 18 Вт) Зарядное устройство: Type С, 90 Вт Соответствие стандарту: GB/T 35590-2017 Гарантия: 1 год",https://storage.robo.market/shop-23123/offer-18243149/offerimage-158667026,yes,3700.00,Графеновые внешние аккумуляторы,666036,Графеновый аккумулятор KY55-K10W. 10000мАч. Белый. В комплекте с з/у,https://robo.market/api/v1/product/666036
"Внешние аккумуляторы,Телефоны и планшеты,Электроника","Инновационный внешний графеновый аккумулятор KY55-K10B Емкость 10000 мАч. Цвет: Черный (глянец) Время полной зарядки аккумулятора около 20 минут при использовании оригинального зарядного устройства (90Вт) или аналогичного по параметрам. Предназначен для универсальной зарядки смартфонов, ноутбуков, макбуков, часов, наушников, курток с нагревом и любых других устройств, различной потребляемой мощности. * Ноутбуки заряжаются прямым подключением через порт Type-С или через DC адаптеры (до 65Вт) * Возможна попеременная зарядка 2 устройств (ноутбук, смартфон и др). - Type-C - на 65Вт; - USB - на 18Вт. * Протокол QC (Quick Charge) обеспечивает деликатную и быструю зарядку устройств. * Новый протокол PD2.0 автоматически регулирует подаваемое напряжение и ток для различных устройств: от 5В/0.2А до 20В/3.25А (до 65Вт). За счет новой версии протокола PD2.0 данный графеновый аккумулятор заряжает ноутбуки и другие устройства автоматическим подбором напряжения и тока, как указано в параметрах. * Легкодоступные адаптеры ""TypeC-to-Magsafe"" для зарядки ранних версий MacBook (Pro/Air) и ""TypeC-to-DC"" для зарядки устройств с питанием постоянным током Технические характеристики: Тип: Графеновый внешний аккумулятор с функцией сверхбыстрой зарядки Время полной зарядки: около 20 минут Емкость: 10000 мАч Материал: АБС / ПС Цвет: Черный Размеры, мм: 131 х 72 х 22 Вес, гр: 270 Размеры упаковки, мм: 190 х 166 х 60 Вес в коробке с зарядным устройством, гр: 700 Type-C Вход (QC3.0/PD2.0): 5V/1A-3A; 9V/1A-3A; 12V/1A-3A; 15V/1A-3A; 20V/1A-5A (5 Вт - 100 Вт) Type-C Выход (QC3.0/PD2.0): 5V/1A-3A; 9V/1A-3A; 12V/1A-3A; 15V/1A-3A; 20V1A-3.25A(5 Вт - 65 Вт) USB Выход (QC3.0): 5V/0.2A-3A; 9V/1A-2A,12V/1A-1.5A(1 Вт – 18 Вт) Зарядное устройство: Type С, 90 Вт Соответствие стандарту: GB/T 35590-2017 Гарантия: 6 месяцев",https://storage.robo.market/shop-23123/offer-18243577/offerimage-158668666,yes,3700.00,Графеновые внешние аккумуляторы,666037,Графеновый аккумулятор KY55-K10B. 10000 мАч. В комплекте с з/у,https://robo.market/api/v1/product/666037
"Внешние аккумуляторы,Телефоны и планшеты,Электроника","НОВИНКА Инновационный внешний графеновый аккумулятор KY55-K20B Емкость: 20000 мАч. Цвет: Черный Время полной зарядки аккумулятора около 60 минут при использовании оригинального зарядного устройства (90Вт) или аналогичного по параметрам. Предназначен для универсальной зарядки смартфонов, ноутбуков, макбуков, часов, наушников, курток с нагревом и любых других устройств, различной потребляемой мощности. - Ноутбуки заряжаются прямым подключением через порт Type-С или через DC адаптеры (до 100 Вт) - Функция беспроводной зарядки (включая Apple 7,5 Вт) - Возможна одновременная зарядка 4-х устройств (ноутбук, смартфон и др). Type-C1 - до 100Вт Type-C2 - до 45 Вт USB - до 18 Вт TX - до 10 Вт - Протокол QC (QuickCharge) обеспечивает деликатную и быструю зарядку устройств. - Новый протокол PD автоматически регулирует подаваемое напряжение и ток для различных устройств: от 5В/0.2А до 20В/5А (до 100 Вт). За счет новой версии протокола PD данный графеновый аккумулятор заряжает ноутбуки и другие устройства автоматическим подбором напряжения и тока, как указано в параметрах. - Цифровой дисплей - Легкодоступные адаптеры ""TypeC-to-Magsafe"" для зарядки ранних версий MacBook (Pro/Air) и ""TypeC-to-DC"" для зарядки устройств с питанием постоянным током Технические параметры: Емкость батареи: 3.7В/20000мАч/74ВтЧ Номинальная выходная мощность: 5В/13000мАч/65ВтЧ Материал корпуса: ABS+PC Габариты: 195*85*25 мм Цвет: Черный Вес: 545 г Тип батарей: 8x18650 Графеновый литиевый аккумулятор повышенной емкости C1 порт, Вход: - PD2.0 5В/3A, 9В/3A, 12В/3A, 15В/3A, 20В/5.0A (макс. 100 Вт) - QC2.0 5В/3A, 9В/2A, 12В/1.5A (макс. 18 Вт) C1 порт, Выход: - PD2.0 5В/3A, 9В/3A, 12В/3A, 15В/3A, 20В/5.0A (макс. 100Вт） - QC3.0 5В/3A, 9В/2A, 12В/1.5A (макс. 18Вт） C2 порт, Выход: - PD2.0 5В/3A, 9В/3A, 12В/3A, 15В/3A, 20В/2.25A (макс. 45Вт) - QC3.0 5В/3A, 9В/2A, 12В/1.5A (макс. 18Вт) USB порт, Выход: - QC3.0： 5В/3A, 9В/2A, 12В/1.5A (Max 18Вт) - AFC：5В/3A, 9В/2A,12В/1.5A (Max 18Вт) - FCP：5В/3A, 9В/2A, (Max 18Вт) Беспроводной выход: 5В/1A, 9В/1.1A (10 Вт, включая Apple 7.5 Вт) Рабочая температура: -20°C - +70°C Сертификация продукции: FCC CE ROHS Соответствие стандарт: GB/T 35590-2017 Гарантия: 1 год",https://storage.robo.market/shop-23123/offer-18426733/offerimage-159653122,yes,5250,Графеновые внешние аккумуляторы,666038,Графеновый аккумулятор KY55-K20B. 20000 мАч. В комплекте с з/у,https://robo.market/api/v1/product/666038
"Внешние аккумуляторы,Телефоны и планшеты,Электроника","Согласитесь, никому не хочется заблудиться в чужом городе с разряженной батареей мобильного. Несмотря на обширный функционал, современные устройства редко могут похвастаться длительным зарядом батареи, и абсолютно каждому знаком ежедневный обряд около розетки.Если Вы хотите быть на связи всегда и везде, совершенно не беспокоясь об уровне заряда вашей батареи, в любой момент привести в чувство фотоаппарат и сделать незабываемые снимки, побродить по просторам интернета с любимого планшета — для всех этих целей Вам необходимо приобрести Внешний аккумулятор LuazON PB-11, 7200 мАч, USB, 1 A, индикатор зарядки, МИКС. Эта вещь должна быть у каждого!ПреимуществаКомпактный размер 90х77х22 мм позволяет спокойно положить устройство в небольшую сумку. Встроенный индикатор заряда демонстрирует запас питания. ХарактеристикиЁмкость: 10400 mAh. Тип батареи: литий-ионный аккумулятор (Li-ion). Один разъем USB, 1А. Приобретайте Внешний аккумулятор LuazON PB-11, 7200 мАч, USB, 1 A, индикатор зарядки, МИКС и аппараты всегда будут полны энергии, будь вы в городе или в путешествии!",https://cdn2.static1-sima-land.com/items/1039765/6/700-nw.jpg,yes,590,BONBON — BEAUTY AND HEALTH,1173874,"Внешний аккумулятор LuazON PB-11, 7200 мАч, USB, 1 A, индикатор зарядки, МИКС",https://robo.market/api/v1/product/1173874
"Внешние аккумуляторы,Телефоны и планшеты,Электроника","Современные телефоны многофункциональны, но в самый неподходящий момент они разряжаются. Пару часов в социальных сетях, десяток звонков, и заряд батареи на нуле. Выход из ситуации есть. Внешний аккумулятор OXION OPB-1018, 2 USB, 10000 мАч, Li-pol, 2 A, индик. зарядки, черный большой ёмкости может заряжать любую мобильную технику.",https://cdn2.static1-sima-land.com/items/2328716/5/700-nw.jpg,yes,1141,BONBON — BEAUTY AND HEALTH,1204027,"Внешний аккумулятор OXION OPB-1018, 2 USB, 10000 мАч, Li-pol, 2 A, индик. зарядки, черный",https://robo.market/api/v1/product/1204027
"Внешние аккумуляторы,Телефоны и планшеты,Электроника",PickPoint,https://cdn2.static1-sima-land.com/items/3604950/6/700-nw.jpg,yes,331,BONBON — BEAUTY AND HEALTH,1245077,"Внешний аккумулятор LuazON PB-06, 2200 мАч, USB, 1 А, провод в комплекте, МИКС",https://robo.market/api/v1/product/1245077
"Внешние аккумуляторы,Телефоны и планшеты,Электроника",PickPoint,https://cdn2.static1-sima-land.com/items/3729635/4/700-nw.jpg,yes,592,BONBON — BEAUTY AND HEALTH,1252250,"Внешний аккумулятор Qumo PowerAid, 5000 мАч, 2 USB, 2 А, USB/Type C, черный",https://robo.market/api/v1/product/1252250
"Внешние аккумуляторы,Телефоны и планшеты,Электроника",PickPoint,https://cdn2.static1-sima-land.com/items/3903759/6/700-nw.jpg,yes,1099,BONBON — BEAUTY AND HEALTH,1264225,"Внешний аккумулятор LuazON 8000 мАч, USB, microUSB, Type-C, с беспроводной зарядкой, МИКС",https://robo.market/api/v1/product/1264225
"Внешние аккумуляторы,Телефоны и планшеты,Электроника","Набор станет отличным подарком для тех, кто старается всегда оставаться мобильным. Вакуумные наушники помогут оградить себя от лишнего шума и сосредоточиться на важной лекции или насладиться музыкой, а портативный аккумулятор не даст вашему телефону подвести вас в самый ответственный момент.",https://cdn2.static1-sima-land.com/items/3945950/8/700-nw.jpg,yes,909,BONBON — BEAUTY AND HEALTH,1268247,"Набор наушники и портативный аккумулятор 5000 mAh Happy new year, 16 х 7 см",https://robo.market/api/v1/product/1268247
"Внешние аккумуляторы,Телефоны и планшеты,Электроника",PickPoint,https://cdn2.static1-sima-land.com/items/4022789/4/700-nw.jpg,yes,306,BONBON — BEAUTY AND HEALTH,1275403,"Внешний аккумулятор LuazON PB-03, 2200 мАч, USB, 1 А, крепление кольцо, синий",https://robo.market/api/v1/product/1275403
"Внешние аккумуляторы,Телефоны и планшеты,Электроника",PickPoint,https://cdn2.static1-sima-land.com/items/4022795/3/700-nw.jpg,yes,353,BONBON — BEAUTY AND HEALTH,1275404,"Внешний аккумулятор LuazON PB-18, 3600 мАч, USB, 1 А, индикатор зарядки, чёрный",https://robo.market/api/v1/product/1275404
"Внешние аккумуляторы,Телефоны и планшеты,Электроника",PickPoint,https://cdn2.static1-sima-land.com/items/4022796/3/700-nw.jpg,yes,424,BONBON — BEAUTY AND HEALTH,1275405,"Внешний аккумулятор LuazON PB-18, 3600 мАч, USB, 1 А, индикатор зарядки, белый",https://robo.market/api/v1/product/1275405
"Внешние аккумуляторы,Телефоны и планшеты,Электроника",PickPoint,https://cdn2.static1-sima-land.com/items/4022798/4/700-nw.jpg,yes,449,BONBON — BEAUTY AND HEALTH,1275406,"Внешний аккумулятор LuazON PB-17, 4000 мАч, USB, 1 А, индикатор, тонкий корпус,металл,чёрный",https://robo.market/api/v1/product/1275406
"Внешние аккумуляторы,Телефоны и планшеты,Электроника",PickPoint,https://cdn2.static1-sima-land.com/items/4022799/3/700-nw.jpg,yes,546,BONBON — BEAUTY AND HEALTH,1275407,"Внешний аккумулятор LuazON, 4000 мАч, USB, 1 А, индикатор, тонкий корпус, металл, розовый",https://robo.market/api/v1/product/1275407
"Внешние аккумуляторы,Телефоны и планшеты,Электроника",PickPoint,https://cdn2.static1-sima-land.com/items/4022805/3/700-nw.jpg,yes,594,BONBON — BEAUTY AND HEALTH,1275408,"Внешний аккумулятор LuazON PB-05, 6000 мАч, 3 USB, 2 А, дисплей, фонарик, белый",https://robo.market/api/v1/product/1275408
"Внешние аккумуляторы,Телефоны и планшеты,Электроника",PickPoint,https://cdn2.static1-sima-land.com/items/4022806/4/700-nw.jpg,yes,594,BONBON — BEAUTY AND HEALTH,1275409,"Внешний аккумулятор LuazON PB-05, 6000 мАч, 3 USB, 2 А, дисплей, фонарик, черный",https://robo.market/api/v1/product/1275409
"Внешние аккумуляторы,Телефоны и планшеты,Электроника",PickPoint,https://cdn2.static1-sima-land.com/items/4022807/3/700-nw.jpg,yes,722,BONBON — BEAUTY AND HEALTH,1275410,"Внешний аккумулятор LuazON PB-01, 7200 мАч, 2 USB, 1/2.1 А, фонарик, белый",https://robo.market/api/v1/product/1275410
"Внешние аккумуляторы,Телефоны и планшеты,Электроника",PickPoint,https://cdn2.static1-sima-land.com/items/4022808/3/700-nw.jpg,yes,722,BONBON — BEAUTY AND HEALTH,1275411,"Внешний аккумулятор LuazON PB-01, 7200 мАч, 2 USB, 1/2.1 А, фонарик, чёрный",https://robo.market/api/v1/product/1275411
"Внешние аккумуляторы,Телефоны и планшеты,Электроника",PickPoint,https://cdn2.static1-sima-land.com/items/4022809/3/700-nw.jpg,yes,709,BONBON — BEAUTY AND HEALTH,1275412,"Внешний аккумулятор LuazON PB-04, 7500 мАч, 3 USB, 2 А, дисплей, фонарик, белый",https://robo.market/api/v1/product/1275412
"Внешние аккумуляторы,Телефоны и планшеты,Электроника",PickPoint,https://cdn2.static1-sima-land.com/items/4022810/3/700-nw.jpg,yes,709,BONBON — BEAUTY AND HEALTH,1275413,"Внешний аккумулятор LuazON PB-16, 7500 мАч, 3 USB, 2 А, дисплей, фонарик, чёрный",https://robo.market/api/v1/product/1275413
"Внешние аккумуляторы,Телефоны и планшеты,Электроника",PickPoint,https://cdn2.static1-sima-land.com/items/4056839/4/700-nw.jpg,yes,306,BONBON — BEAUTY AND HEALTH,1278021,"Внешний аккумулятор LuazON, 2200 мАч, USB, 1 А, крепление кольцо, розовый",https://robo.market/api/v1/product/1278021
"Внешние аккумуляторы,Телефоны и планшеты,Электроника",PickPoint,https://cdn2.static1-sima-land.com/items/4057033/4/700-nw.jpg,yes,319,BONBON — BEAUTY AND HEALTH,1278034,"Внешний аккумулятор LuazON PB-03, 2200 мАч, USB, 1 А, крепление кольцо, чёрный",https://robo.market/api/v1/product/1278034
"Внешние аккумуляторы,Телефоны и планшеты,Электроника",PickPoint,https://cdn2.static1-sima-land.com/items/4057034/4/700-nw.jpg,yes,306,BONBON — BEAUTY AND HEALTH,1278035,"Внешний аккумулятор LuazON PB-03, 2200 мАч, USB, 1 А, крепление кольцо, зелёный",https://robo.market/api/v1/product/1278035
"Внешние аккумуляторы,Телефоны и планшеты,Электроника",PickPoint,https://cdn2.static1-sima-land.com/items/4057042/4/700-nw.jpg,yes,679,BONBON — BEAUTY AND HEALTH,1278036,"Внешний аккумулятор LuazON PB-02, 7500 мАч, 2 USB, 1 А, индикатор зарядки, чёрный",https://robo.market/api/v1/product/1278036
"Внешние аккумуляторы,Телефоны и планшеты,Электроника",PickPoint,https://cdn2.static1-sima-land.com/items/4089912/4/700-nw.jpg,yes,1076,BONBON — BEAUTY AND HEALTH,1280784,"Внешний аккумулятор Ritmix RPB-10002, 10000 мАч, 1хUSB 2.1 А, индикатор зарядки, синий",https://robo.market/api/v1/product/1280784
"Внешние аккумуляторы,Телефоны и планшеты,Электроника",PickPoint,https://cdn2.static1-sima-land.com/items/4174267/7/700-nw.jpg,yes,971,BONBON — BEAUTY AND HEALTH,1289803,"Внешний аккумулятор LuazON, 7000 мАч, 2хUSB, microUSB, 1 A, Li-pol,солнеч бат,фонарик,компас",https://robo.market/api/v1/product/1289803
"Внешние аккумуляторы,Телефоны и планшеты,Электроника","Набор станет отличным подарком для тех, кто старается всегда оставаться мобильным. Вакуумные наушники помогут оградить себя от лишнего шума и сосредоточиться на важной лекции или насладиться музыкой, а портативный аккумулятор с ёмкостью 5000 mAh не даст вашему телефону подвести вас в самый ответственный момент.В комплекте к внешнему аккумулятору идёт отдельный шнур для разъема USB и micro USB. Подходит для пополнения заряда аккумулятора мобильных телефонов, планшетов, MP3-плееров, цифровых фотокамер и других устройств.ВАЖНО! Есть возможность использовать для заряда любого телефона (необходим свой шнур), но ёмкость аккумуляторной батареи должна быть меньше ёмкости зарядного устройства (5000 mAh).",https://cdn2.static1-sima-land.com/items/4219189/8/700-nw.jpg,yes,1000,BONBON — BEAUTY AND HEALTH,1294344,Набор наушники вакуумные и внешний аккумулятор 5000 mAh «Лапка»,https://robo.market/api/v1/product/1294344
"Внешние аккумуляторы,Телефоны и планшеты,Электроника",PickPoint,https://cdn2.static1-sima-land.com/items/4509507/4/700-nw.jpg,yes,1093,BONBON — BEAUTY AND HEALTH,1327890,"Внешний аккумулятор Ritmix RPB-10007, 10000 мАч, 2хUSB, 2.1 А, рисунок",https://robo.market/api/v1/product/1327890
"Внешние аккумуляторы,Телефоны и планшеты,Электроника","Зарядное устройство и грелка для рук – это уникальная вещь, которая не только поможет оставаться всегда на связи, но и согреет в холода. Грелка имеет три уровня нагрева, нагревается с первой секунды с двух сторон до 55 градусов.Зарядное устройство имеет световой индикатор, вход и выход USB.",https://cdn2.static1-sima-land.com/items/4549513/9/700-nw.jpg,yes,844,BONBON — BEAUTY AND HEALTH,1331440,"Портативный аккумулятор и грелка для рук ""Котейки греют"", 2500 mAh, 10,2 х 5,9 см",https://robo.market/api/v1/product/1331440
"Внешние аккумуляторы,Телефоны и планшеты,Электроника","Зарядное устройство и грелка для рук – это уникальная вещь, которая не только поможет оставаться всегда на связи, но и согреет в холода. Грелка имеет три уровня нагрева, нагревается с первой секунды с двух сторон до 55 градусов.Зарядное устройство имеет световой индикатор, вход и выход USB.",https://cdn2.static1-sima-land.com/items/4549514/8/700-nw.jpg,yes,844,BONBON — BEAUTY AND HEALTH,1331441,"Портативный аккумулятор и грелка для рук ""Абсолютное тепло"", 2500 mAh, 10,2 х 5,9 см",https://robo.market/api/v1/product/1331441
"Внешние аккумуляторы,Телефоны и планшеты,Электроника","Зарядное устройство и грелка для рук – это уникальная вещь, которая не только поможет оставаться всегда на связи, но и согреет в холода. Грелка имеет три уровня нагрева, нагревается с первой секунды с двух сторон до 55 градусов.Зарядное устройство имеет световой индикатор, вход и выход USB. В комплекте идёт отдельный шнур для разъема USB и micro USB.Подходит для пополнения заряда аккумулятора мобильных телефонов, планшетов, MP3-плееров, цифровых фотокамер и других устройств.ВАЖНО! Есть возможность использовать для заряда любого телефона (необходим свой шнур), но ёмкость аккумуляторной батареи должна быть меньше ёмкости зарядного устройства (2500 mAh).",https://cdn2.static1-sima-land.com/items/4549517/10/700-nw.jpg,yes,782,BONBON — BEAUTY AND HEALTH,1331444,"Портативный аккумулятор и грелка для рук «Горячего улова», 2500 mAh, 10,2 х 5,9 см",https://robo.market/api/v1/product/1331444
"Внешние аккумуляторы,Телефоны и планшеты,Электроника","Зарядное устройство и грелка для рук – это уникальная вещь, которая не только поможет оставаться всегда на связи, но и согреет в холода. Грелка имеет три уровня нагрева, нагревается с первой секунды с двух сторон до 55 градусов.Зарядное устройство имеет световой индикатор, вход и выход USB.",https://cdn2.static1-sima-land.com/items/4549518/8/700-nw.jpg,yes,844,BONBON — BEAUTY AND HEALTH,1331445,"Портативный аккумулятор и грелка для рук ""Грею лучше, чем кофе"", PB-08, 10,2 х 5,9 см",https://robo.market/api/v1/product/1331445
"Внешние аккумуляторы,Телефоны и планшеты,Электроника",PickPoint,https://cdn2.static1-sima-land.com/items/4580480/6/700-nw.jpg,yes,948,BONBON — BEAUTY AND HEALTH,1336885,"Внешний аккумулятор Red Line J01, 4000 мАч, металл, Marvel №50, розовое золото",https://robo.market/api/v1/product/1336885
"Внешние аккумуляторы,Телефоны и планшеты,Электроника",PickPoint,https://cdn2.static1-sima-land.com/items/4580553/6/700-nw.jpg,yes,910,BONBON — BEAUTY AND HEALTH,1336922,"Внешний аккумулятор Red Line J01, 4000 мАч, металл, Marvel №2, серебристый",https://robo.market/api/v1/product/1336922
"Внешние аккумуляторы,Телефоны и планшеты,Электроника",PickPoint,https://cdn2.static1-sima-land.com/items/4580560/6/700-nw.jpg,yes,705,BONBON — BEAUTY AND HEALTH,1336923,"Внешний аккумулятор Red Line J01, 4000 мАч, металл, Армия России №11, серебристый",https://robo.market/api/v1/product/1336923
"Внешние аккумуляторы,Телефоны и планшеты,Электроника",PickPoint,https://cdn2.static1-sima-land.com/items/3565843/9/700-nw.jpg,yes,3119,BONBON — BEAUTY AND HEALTH,1355922,"Внешний аккумулятор Qumo PowerAid, 26000 мАч, 2 USB, 2 A, USB/Type C, черный",https://robo.market/api/v1/product/1355922
