item>>brand,item>>categories,item>>description,item>>image,item>>instock,item>>price,item>>rating,item>>sku,item>>title,item>>total_reviews,item>>url
ВкусВилл,"Молочные продукты, яйцо,Кисломолочные продукты","О своем продукте мы всегда напишем вкусно. А вот покупателей не обманешь. Поэтому здесь представлены реальные отзывы от реальных покупателей из рубрики ""Народный гурман""",https://img.vkusvill.ru/pim/images/site/c2c7cffb-6b68-4d28-9f4d-ea20ed577c27.jpg,yes,62,4.7,37029,Айран 2%,4,https://vkusvill.ru/goods/ayran-2-37029.html
ВкусВилл,"Молочные продукты, яйцо,Кисломолочные продукты","Нормализованное молоко на закваске с ацидофильной палочкой. Если йогурт способен поддержать здоровье ЖКТ, то ацидофилин можно назвать лечебным продуктом, который необходим при наличии некоторых заболеваний. В отличие от других молочнокислых бактерий ацидофильная палочка, попадая в наш желудок, не поддается воздействиям желудочного сока, поэтому попадает в кишечник в своем первоначальном виде без изменений. В кишечнике она способна какое-то время развиваться, препятствуя при этом развитию гнилостных бактерий и восстанавливая здоровую микрофлору. Открыл эту чудо-палочку в 1903 году врач И. Подгаецкий. Он же обнаружил, что ацидофильная палочка приживается в нашем организме лучше, чем болгарская. Для организма человека ацидофильная палочка является самым настоящим санитаром. Развиваясь в нашем организме, она оказывает бактерицидное действие, подавляя гнилостные и бродильные процессы в пищеварительной системе. В Европе в отличие от России ацидофильная палочка широко используется и входит в состав многих молочных продуктов. Ацидофильную палочку там даже прописывают в виде сухого препарата тем, кто проходит курс лечения антибиотиками. А в США и других странах пытаются сделать лечебные продукты с ацидофильными бактериями.",https://img.vkusvill.ru/pim/images/site/2820fc4a-97fb-49fd-a738-c7f2013623fa.jpg,yes,51,4.9,18888,"Ацидофилин 3,2%, 200 г",3,https://vkusvill.ru/goods/atsidofilin-3-2-200-g-18888.html
ВкусВилл,"Молочные продукты, яйцо,Яйцо","Лучший друг спортсменов! Зарядит энергией и бодростью. Готовьте диетические блюда, добавляйте в фарш для котлет, придумывайте собственные рецепты для силы и красоты. Но знайте, что и в выпечке он хорош!",https://img.vkusvill.ru/pim/images/site/53901715-8976-41a5-81b5-795fd45521ca.jpg,yes,128,4.8,24891,"Белок, 500 мл",4,https://vkusvill.ru/goods/belok-500-ml-24891.html
ВкусВилл,"Молочные продукты, яйцо,Йогурты и молочные напитки","Йогурт из коровьего молока и закваски с живыми бифидобактериями. Приятный кисломолочный вкус основы дополнен терпкими нотами ароматных ягод: вишни и брусники. Для полезного завтрака или перекуса — то, что надо!",https://img.vkusvill.ru/pim/images/site/f06dc271-0f9b-4cf9-bd58-0efcfbfc9152.jpg,yes,58,,56978,"Биойогурт «Вишня-брусника» 2,5%",,https://vkusvill.ru/goods/bioyogurt-vishnya-brusnika-2-5-56978.html
ВкусВилл,"Молочные продукты, яйцо,Детские молочные продукты","В состав этого биойогурта входит пребиотик инулин, способствующий укреплению костей. Полезные бифидобактерии благотворно влияют на работу кишечника и поддерживают естественный баланс микрофлоры в организме. Рекомендован для питания детей с 8 месяцев.",https://img.vkusvill.ru/pim/images/site/464cb283-7150-4917-a0c0-3818cc59d66a.JPG,yes,48,4.8,31131,"Биойогурт детский питьевой с клубникой 2,5%",5,https://vkusvill.ru/goods/bioyogurt-detskiy-pitevoy-s-klubnikoy-2-5-31131.html
ВкусВилл,"Молочные продукты, яйцо,Детские молочные продукты","Напиток с натуральным персиковым наполнителем и мягким молочно-фруктовым вкусом. В состав этого биойогурта входит пребиотик инулин, способствующий укреплению костей. Полезные бифидобактерии благотворно влияют на работу кишечника и поддерживают естественный баланс микрофлоры в организме. Рекомендован для питания детей с 8 месяцев.",https://img.vkusvill.ru/pim/images/site/53564ea7-c404-4379-88a0-db6f66e498c8.jpg,yes,48,,22634,"Биойогурт детский питьевой с персиком 2,5%",,https://vkusvill.ru/goods/bioyogurt-detskiy-pitevoy-s-persikom-2-5-22634.html
ВкусВилл,"Молочные продукты, яйцо,Детские молочные продукты","Биойогурт питьевой обогащенный пребиотиком. Для питания детей с 8 месяцев. Перед употреблением взболтать, рекомендованный врачом объём продукта перелить в чистую прокипячённую посуду и нагреть на водяной бане до температуры 36–38 ºС. Продукт готов к употреблению.",https://img.vkusvill.ru/pim/images/site/5b1acdbe-8114-479a-8162-3b5d9a5a52b6.JPG,yes,48,4.8,33475,"Биойогурт детский с вишней 2,5%",3,https://vkusvill.ru/goods/bioyogurt-detskiy-s-vishney-2-5-33475.html
ВкусВилл,"Молочные продукты, яйцо,Детские молочные продукты","Биойогурт питьевой обогащенный пребиотиком с манго без добавления сахара. Для питания детей с 8 месяцев. Перед употреблением взболтать, рекомендованный врачом объём продукта перелить в чистую прокипячённую посуду и нагреть на водяной бане до температуры 36–38 ºС.",https://img.vkusvill.ru/pim/images/site/c9732781-50db-40ec-933a-78c8d5d09190.JPG,yes,47,4.7,33477,"Биойогурт детский с манго без добавления сахара 2,5%",5,https://vkusvill.ru/goods/bioyogurt-detskiy-s-mango-bez-dobavleniya-sakhara-2-5-33477.html
ВкусВилл,"Молочные продукты, яйцо,Детские молочные продукты","О своем продукте мы всегда напишем вкусно. А вот покупателей не обманешь. Поэтому здесь представлены реальные отзывы от реальных покупателей из рубрики ""Народный гурман""",https://img.vkusvill.ru/pim/images/site/200bb42f-0355-405d-a32a-ec7bbb623fbf.jpg,yes,34,4.7,34241,"Биойогурт детский с персиком 2,2%",4,https://vkusvill.ru/goods/bioyogurt-detskiy-s-persikom-2-2-34241.html
ВкусВилл,"Молочные продукты, яйцо,Из козьего, кобыльего и овечьего молока","Этот продукт просто незаменим для детей и людей с непереносимостью коровьего молока. А также такой йогурт очень полезен, ведь козье молоко усваивается легче и лучше, чем коровье, а бифидобактерии делают его «живым» продуктом. Козий йогурт – источник кальция, потому он особенно полезен растущему организму. Такой йогурт рекомендуется при аллергических заболеваниях и диатезе, беременным и кормящим женщинам для профилактики пищевой аллергии у ребенка. Чем полезен биойогурт из козьего молока: - улучшает обмен веществ и пищеварительные процессы; - препятствует развитию гнилостных процессов в кишечнике; - рекомендуется при аллергических заболеваниях и диатезе.",https://img.vkusvill.ru/pim/images/site/535855b8-9d8c-4158-bde9-0ba2a35a44ad.jpg,yes,60,4.8,1045,"Биойогурт из козьего молока 3-4,5%",5,https://vkusvill.ru/goods/bioyogurt-iz-kozego-moloka-3-4-5-1045.html
ВкусВилл,"Молочные продукты, яйцо,Из козьего, кобыльего и овечьего молока","О своем продукте мы всегда напишем вкусно. А вот покупателей не обманешь. Поэтому здесь представлены реальные отзывы от реальных покупателей из рубрики ""Народный гурман""",https://img.vkusvill.ru/pim/images/site/7c926d14-69ef-46b5-bb8b-28b2d1ea2047.jpg,yes,49,,49721,"Биойогурт из козьего молока с земляникой 3-4,5%",,https://vkusvill.ru/goods/bioyogurt-iz-kozego-moloka-s-zemlyanikoy-3-4-5-49721.html
ВкусВилл,"Молочные продукты, яйцо,Из козьего, кобыльего и овечьего молока","Питьевой йогурт из цельного молока на закваске с добавлением термофильных молочнокислых стрептококков, болгарской палочки и бифидобактерий. С натуральным фруктово-ягодным наполнителем «земляника». Так как закваска добавляется уже после пастеризации, все полезные вещества в йогурте сохраняются. Приставка «био» как раз и говорит о том, что йогурт «живой». Козий йогурт — источник кальция, потому он особенно полезен растущему организму. Такой йогурт рекомендуется при аллергических заболеваниях и диатезе, беременным и кормящим женщинам для профилактики пищевой аллергии у ребенка. Этот продукт просто незаменим для детей и людей с непереносимостью коровьего молока. А также такой йогурт очень полезен, ведь козье молоко усваивается легче и лучше, чем коровье, а бифидобактерии делают его «живым» продуктом. За счет фруктового наполнителя у этого йогурта практически отсутствует запах, свойственный продуктам из козьего молока. Потому он может прийтись по вкусу даже тем, кто из-за запаха не любит такие продукты.",https://img.vkusvill.ru/pim/images/site/cba64e45-245a-4c45-945b-bc4367726662.jpg,yes,128,4.7,12191,"Биойогурт козий питьевой с земляникой 3-4,5%",5,https://vkusvill.ru/goods/bioyogurt-koziy-pitevoy-s-zemlyanikoy-3-4-5-12191.html
ВкусВилл,"Молочные продукты, яйцо,Йогурты и молочные напитки","О своем продукте мы всегда напишем вкусно. А вот покупателей не обманешь. Поэтому здесь представлены реальные отзывы от реальных покупателей из рубрики ""Народный гурман""",https://img.vkusvill.ru/pim/images/site/989167cc-5f71-448f-b1f2-91eab377595f.jpg,yes,52,,48482,Биойогурт питьевой «Цукини-ананас»,,https://vkusvill.ru/goods/bioyogurt-pitevoy-tsukini-ananas-48482.html
ВкусВилл,"Молочные продукты, яйцо,Детские молочные продукты","Биолакт обладает мягким кисломолочным вкусом, благодаря которому дети пьют его с удовольствием. Ацидофильная молочная палочка в составе продукта оказывает благотворное влияние на работу кишечника и пищеварительные процессы малышей. Рекомендован для питания с 8 месяцев.",https://img.vkusvill.ru/pim/images/site/7d6ed6b4-98b1-46a6-aca1-3238ca3a99f6.jpg,yes,43,4.8,22778,"Биолакт детский без доб. сахара 3,2%",3,https://vkusvill.ru/goods/biolakt-detskiy-bez-dob-sakhara-3-2-22778.html
ВкусВилл,"Молочные продукты, яйцо,Детские молочные продукты","Биолакт обладает мягким кисломолочным вкусом, благодаря которому дети пьют его с удовольствием. Ацидофильная молочная палочка в составе продукта оказывает благотворное влияние на работу кишечника и пищеварительные процессы малышей. С добавлением натурального малинового пюре. Рекомендован для питания с 8 месяцев.",https://img.vkusvill.ru/pim/images/site/badb3ab7-7713-4258-98d4-4faa67be3f13.JPG,yes,45,4.9,32059,"Биолакт детский с малиной 2,5%",5,https://vkusvill.ru/goods/biolakt-detskiy-s-malinoy-2-5-32059.html
ВкусВилл,"Молочные продукты, яйцо,Детские молочные продукты","Биолакт обладает мягким кисломолочным вкусом, благодаря которому дети пьют его с удовольствием. А натуральный яблочный наполнитель делает напиток ещё вкуснее!Ацидофильная молочная палочка в составе продукта оказывает благотворное влияние на работу кишечника и пищеварительные процессы малышей. Рекомендован для питания с 8 месяцев.",https://img.vkusvill.ru/pim/images/site/4b83f2b4-b3f6-4d9c-9189-5f7f57fdccaa.jpg,yes,45,,47807,"Биолакт детский с яблоком 2,5%",,https://vkusvill.ru/goods/biolakt-detskiy-s-yablokom-2-5-47807.html
ВкусВилл,"Молочные продукты, яйцо,Детские молочные продукты","Творожок для питания детей с 6-ти месяцев. Изготавливают творожок на закваске по уникальной технологии ультрафильтрации. Эта технология позволяет сохранить молочную сыворотку, которую при изготовлении обычного творога отжимают. В молочной сыворотке содержится много белка и кальция, потому такой творог содержит этих элементов значительно больше, чем обычный. А, как известно, эти компоненты являются основой роста и развития ребенка.",https://img.vkusvill.ru/pim/images/site/8864aaa1-8179-4d7e-88ca-1f929c630d8a.jpg,yes,22,4.7,23208,"Биотворог детский 5%, 50 г",3,https://vkusvill.ru/goods/biotvorog-detskiy-5-50-g-23208.html
ВкусВилл,"Молочные продукты, яйцо,Детские молочные продукты","Нежный творог с густой кремообразной консистенцией, изготовленный с добавлением пробиотиков. Натуральный вишнёвый наполнитель смягчает кисломолочный вкус продукта, придавая ему умеренную сладость свежих ягод. Творожок не содержит искусственных красителей: приятный розоватый цвет ему придаёт сок чёрной моркови. Такой творог поддержит здоровье ЖКТ малыша и станет прекрасным завтраком, перекусом или полезным десертом. Рекомендован для питания детей от 6 месяцев.",https://img.vkusvill.ru/pim/images/site/c3a147e9-42f8-4eb6-8f8c-bd9cf6d0af5b.jpg,yes,42,,27031,"Биотворог детский с вишней 4,2%",,https://vkusvill.ru/goods/biotvorog-detskiy-s-vishney-4-2-27031.html
ВкусВилл,"Молочные продукты, яйцо,Детские молочные продукты","Нежный творог с густой кремообразной консистенцией, изготовленный с добавлением пробиотиков. Натуральный малиновый наполнитель смягчает кисломолочный вкус продукта, придавая ему умеренную сладость свежих ягод. Творожок не содержит искусственных красителей: приятный розоватый цвет ему придаёт свекольный сок. Такой творог поддержит здоровье ЖКТ малыша и станет прекрасным завтраком, перекусом или полезным десертом. Рекомендован для питания детей от 6 месяцев. Подогреть на водяной бане до температуры 36–38 °С. После вскрытия упаковки продукт хранению не подлежит.",https://img.vkusvill.ru/pim/images/site/c4efdefc-17f2-4f4f-93d2-4a95d306492d.jpg,yes,42,,33455,"Биотворог детский с малиной 4,2%",,https://vkusvill.ru/goods/biotvorog-detskiy-s-malinoy-4-2-33455.html
ВкусВилл,"Молочные продукты, яйцо,Детские молочные продукты","Уникальный кисломолочный продукт с клубничным пюре и банановым соком без добавления сахара! Содержит пять полезных бифидобактерий. Их одновременное действие оказывает эффективное оздоровительное действие на организм ребенка. Бифилайф нормализует работу кишечника, способствует укреплению иммунитета ребенка, восстановлению микрофлоры после приёма лекарств и при дисбактериозе. Рекомендован для питания детей с 8 месяцев.",https://img.vkusvill.ru/pim/images/site/736c725e-0e84-4840-9b9a-ab0167dd1885.jpg,yes,47,4.8,33472,"Бифилайф «Клубника-банан» без доб. сах. 2,5%",4,https://vkusvill.ru/goods/bifilayf-klubnika-banan-bez-dob-sakh-2-5-33472.html
ВкусВилл,"Молочные продукты, яйцо,Кисломолочные продукты","О своем продукте мы всегда напишем вкусно. А вот покупателей не обманешь. Поэтому здесь представлены реальные отзывы от реальных покупателей из рубрики ""Народный гурман""",https://img.vkusvill.ru/pim/images/site/46254658-3125-4c06-a401-57bbb460d475.jpg,yes,65,,63771,"Бифилайф 2,5% 330г_РП",,https://vkusvill.ru/goods/bifilayf-2-5-330g-rp-63771.html
ВкусВилл,"Молочные продукты, яйцо,Детские молочные продукты","Уникальный кисломолочный продукт с грушевым пюре, содержащий пять полезных бифидобактерий. Их одновременное действие оказывает эффективное оздоровительное действие на организм ребенка. Бифилайф нормализует работу кишечника, способствует укреплению иммунитета ребенка, восстановлению микрофлоры после приёма лекарств и при дисбактериозе. Рекомендован для питания детей с 8 месяцев. Внимание: теперь упаковка стала ярче и понятней, а любимый вкус и качество остались без изменений!",https://img.vkusvill.ru/pim/images/site/7bf3d20f-60d4-412c-a67e-b2b0956cdc17.jpg,yes,46,4.8,18715,"Бифилайф детский «Груша» 2,5%",5,https://vkusvill.ru/goods/bifilayf-detskiy-grusha-2-5-18715.html
ВкусВилл,"Молочные продукты, яйцо,Детские молочные продукты","Уникальный кисломолочный продукт с мягким ягодным вкусом, содержащий пять полезных бифидобактерий. Их одновременное действие оказывает эффективное оздоровительное действие на организм ребенка. Бифилайф нормализует работу кишечника, способствует укреплению иммунитета ребенка, восстановлению микрофлоры после приёма лекарств и при дисбактериозе. Рекомендован для питания детей с 8 месяцев. Внимание: теперь упаковка стала ярче и понятней, а любимый вкус и качество остались без изменений!",https://img.vkusvill.ru/pim/images/site/0ff9b1da-4355-4634-8b64-9f271f299be0.jpg,yes,46,4.9,732,"Бифилайф детский «Малина-шиповник» 2,5%",4,https://vkusvill.ru/goods/bifilayf-detskiy-malina-shipovnik-2-5-732.html
ВкусВилл,"Молочные продукты, яйцо,Детские молочные продукты","Уникальный кисломолочный продукт с пюре облепихи и абрикоса, содержащий пять полезных бифидобактерий. Их одновременное действие оказывает эффективное оздоровительное действие на организм ребенка. Бифилайф нормализует работу кишечника, способствует укреплению иммунитета ребенка, восстановлению микрофлоры после приёма лекарств и при дисбактериозе. Рекомендован для питания детей с 8 месяцев. Внимание: теперь упаковка стала ярче и понятней, а любимый вкус и качество остались без изменений!",https://img.vkusvill.ru/pim/images/site/e43a3aca-3c75-4bb1-a786-f17475f344cd.jpg,yes,46,4.9,20282,"Бифилайф детский «Облепиха-абрикос» 2,5%",3,https://vkusvill.ru/goods/bifilayf-detskiy-oblepikha-abrikos-2-5-20282.html
ВкусВилл,"Молочные продукты, яйцо,Детские молочные продукты","Уникальный кисломолочный продукт с соком и пюре свежей черники, содержащий пять полезных бифидобактерий. Их одновременное действие оказывает эффективное оздоровительное действие на организм ребенка. Бифилайф нормализует работу кишечника, способствует укреплению иммунитета ребенка, восстановлению микрофлоры после приёма лекарств и при дисбактериозе. Рекомендован для питания детей с 8 месяцев. Внимание: теперь упаковка стала ярче и понятней, а любимый вкус и качество остались без изменений!",https://img.vkusvill.ru/pim/images/site/5c25f946-a3eb-4d69-82ab-8b3b0a110cfc.jpg,yes,46,4.9,298,"Бифилайф детский «Черника» 2,5%",4,https://vkusvill.ru/goods/bifilayf-detskiy-chernika-2-5-298.html
ВкусВилл,"Молочные продукты, яйцо,Детские молочные продукты","Уникальный кисломолочный продукт с пюре чернослива, содержащий пять полезных бифидобактерий. Их одновременное действие оказывает эффективное оздоровительное действие на организм ребенка. Бифилайф нормализует работу кишечника, способствует укреплению иммунитета ребенка, восстановлению микрофлоры после приёма лекарств и при дисбактериозе. Рекомендован для питания детей с 8 месяцев.",https://img.vkusvill.ru/pim/images/site/8f586770-f171-46bd-89cc-a4c35cb8689c.jpg,yes,46,4.8,17150,"Бифилайф детский «Чернослив» 2,5%",7,https://vkusvill.ru/goods/bifilayf-detskiy-chernosliv-2-5-17150.html
ВкусВилл,"Молочные продукты, яйцо,Детские молочные продукты","Уникальный кисломолочный продукт с яблочно-банановым вкусом, содержащий пять полезных бифидобактерий. Их одновременное действие оказывает эффективное оздоровительное действие на организм ребенка. Бифилайф нормализует работу кишечника, способствует укреплению иммунитета ребенка, восстановлению микрофлоры после приёма лекарств и при дисбактериозе. Рекомендован для питания детей с 8 месяцев. Внимание: теперь упаковка стала ярче и понятней, а любимый вкус и качество остались без изменений!",https://img.vkusvill.ru/pim/images/site/028ac221-496e-461e-9825-4b04c69a5222.jpg,yes,46,4.8,15257,"Бифилайф детский «Яблоко-Банан» 2,5%",5,https://vkusvill.ru/goods/bifilayf-detskiy-yabloko-banan-2-5-15257.html
ВкусВилл,"Молочные продукты, яйцо,Детские молочные продукты","Уникальный кисломолочный продукт, содержащий пять полезных бифидобактерий. Их одновременное действие оказывает эффективное оздоровительное действие на организм ребенка. Бифилайф нормализует работу кишечника, способствует укреплению иммунитета ребенка, восстановлению микрофлоры после приёма лекарств и при дисбактериозе. Рекомендован для питания детей с 8 месяцев. Внимание: теперь упаковка стала ярче и понятней, а любимый вкус и качество остались без изменений!",https://img.vkusvill.ru/pim/images/site/ca81b9c1-576e-44fb-90c4-bbdfb4149f5f.jpg,yes,42,4.9,272,"Бифилайф детский без доб. сахара 2,9%",4,https://vkusvill.ru/goods/bifilayf-detskiy-bez-dob-sakhara-2-9-272.html
ВкусВилл,"Молочные продукты, яйцо,Топпинги","Вареное сгущенное молоко приготовлено из натурального коровьего молока и сахарозы. Наша сгущенка изготовлена без добавления сухого молока. Этот продукт может послужить самостоятельным лакомством, а может использоваться для приготовления различных десертов. Чем уникально вареное сгущенное молоко под маркой «ВкусВилл»: - приготовлено из настоящего молока; - без растительных жиров.",https://img.vkusvill.ru/pim/images/site/7fa27d49-0592-4b1f-9df8-6f07e71674f7.jpg,yes,88,4.8,14619,Варёнка «Вологодская»,5,https://vkusvill.ru/goods/varyenka-vologodskaya-14619.html
ВкусВилл,"Сладости, десерты. Мороженое,Пирожные и десерты","Тирамису –изысканный итальянский десерт, приготовленный на основе сыра маскарпоне. - десерт состоит из нескольких слоев печенья савоярди и нежного сырного крема и пропитанного ароматным кофе (обычно эспрессо)",https://img.vkusvill.ru/pim/images/site/ab12dce1-e85b-4309-9462-f368e0f0fe86.jpg,yes,184,4.6,39512,Десерт «Тирамису» безлактозный,2,https://vkusvill.ru/goods/desert-tiramisu-bezlaktoznyy-39512.html
ВкусВилл,"Молочные продукты, яйцо,Из козьего, кобыльего и овечьего молока","Кахета - это мягкая карамель из козьего молока, приготовленная по традиционному мексиканскому рецепту",https://img.vkusvill.ru/pim/images/site/26ba9b9a-a27b-4304-a0d8-e4d65f9aeb75.jpg,yes,220,,58282,Десерт из козьего молока «Кахета» с ванилью,,https://vkusvill.ru/goods/desert-iz-kozego-moloka-kakheta-s-vanilyu-58282.html
ВкусВилл,"Молочные продукты, яйцо,Растительные напитки и йогурты","Нежнейший веганский десерт, изготовленный из кокосовой мякоти с добавлением питательных семян чиа. На дне баночки — слой ароматного малинового пюре, который дополняет нежный вкус основы своими сочными ягодными нотами. В составе нет белого сахара — сладость придаёт фруктоза. Десерт прекрасно подходит для завтраков и перекусов.",https://img.vkusvill.ru/pim/images/site/0222d5b7-f392-482b-ab54-5e862e2e8e2b.jpg,yes,135,,61641,Десерт кокосовый с семенами чиа и малиной,,https://vkusvill.ru/goods/desert-kokosovyy-s-semenami-chia-i-malinoy-61641.html
ВкусВилл,"Сладости, десерты. Мороженое,Пирожные и десерты","Традиционный «Медовик» в обновлённом формате. Мягкие медовые коржи в сливочно-сметанном креме с бисквитной крошкой. Нежная тающая текстура не оставит равнодушным ни одного сладкоежку. Удобная порционная упаковка позволяет взять десерт с собой, ведь он не помнётся и не испачкает сумку.",https://img.vkusvill.ru/pim/images/site/f67daace-e5b8-4751-b1e8-5cca4aff8cf1.jpg,yes,127,4.6,27698,Десерт молочный «Медовик»,3,https://vkusvill.ru/goods/desert-molochnyy-medovik-27698.html
ВкусВилл,"Сладости, десерты. Мороженое,Пирожные и десерты","Классический «Наполеон» в неклассическом формате. Слоёные коржи на сливочном масле и большое количество заварного крема, которые тают во рту. Натуральная ваниль в составе придаёт пирожному изысканные ноты. Удобная порционная упаковка позволяет взять десерт с собой, ведь он не помнётся и не испачкает сумку. Гликемический индекс (ГИ)* = 50 Гликемическая нагрузка (ГН)* 100 г продукта = 14 Данные получены расчетным путем для поставщика Моисеева Инна Сергеевна ИП Продукт относится к категории со средним гликемическим индексом и со средней гликемической нагрузкой. * средние значения (возможны незначительные отклонения) без смены категории продукта",https://img.vkusvill.ru/pim/images/site/510d3d79-65c9-4cae-9373-5315378d83d9.jpg,yes,160,4.4,20744,Десерт молочный «Наполеон»,5,https://vkusvill.ru/goods/desert-molochnyy-napoleon-20744.html
ВкусВилл,"Сладости, десерты. Мороженое,Пирожные и десерты","Новое прочтение классического «Наполеона». Слоёные коржи на сливочном масле и большое количество заварного крема, которыё тает во рту. Прослойка из манго и маракуйи придают пирожному сочность тропических фруктов. Удобная порционная упаковка позволяет взять десерт с собой, он не помнётся и не испачкает сумку. А ещё побаловать себя сладостью могут даже те, кто следит за фигурой. Ведь в одной порции десерта содержится менее 300 килокалорий!",https://img.vkusvill.ru/pim/images/site/fcad6141-bad3-4806-b0f6-deedeee06555.jpg,yes,166,4.7,42385,Десерт молочный «Наполеон» манго-маракуйя,5,https://vkusvill.ru/goods/desert-molochnyy-napoleon-mango-marakuyya-42385.html
ВкусВилл,"Сладости, десерты. Мороженое,Пирожные и десерты","Новое прочтение классического «Наполеона». Слоёные коржи на сливочном масле и большое количество заварного крема, которыё тает во рту. Прослойка из перетёртой малины добавляет пирожному оригинальную кислинку. Удобная порционная упаковка позволяет взять десерт с собой, он не помнётся и не испачкает сумку. А ещё побаловать себя сладостью могут даже те, кто следит за фигурой. Ведь в одной порции десерта чуть больше 300 килокалорий! Гликемический индекс (ГИ)* = 42; Гликемическая нагрузка (ГН)*100 г продукта = 15. Данные получены расчетнымпутем для поставщика Моисеева Инна Сергеевна ИП. Продукт относится к категории с низким гликемическим индексом и со средней гликемической нагрузкой. *средние значения (возможны незначительные отклонения) без смены категории продукта",https://img.vkusvill.ru/pim/images/site/1fc2a6ac-04ce-4cda-be63-bc4e9888cf71.jpg,yes,158,4.6,24014,Десерт молочный «Наполеон» с малиной,5,https://vkusvill.ru/goods/desert-molochnyy-napoleon-s-malinoy-24014.html
ВкусВилл,"Сладости, десерты. Мороженое,Пирожные и десерты","Современное прочтение легендарного десерта. В основе лакомства — бархатистый сливочно-сырный крем из безлактозного маскарпоне и натуральный клубничный наполнитель. Финальный аккорд — фирменная воздушная меренга. Десерт удобно брать с собой, чтобы побаловать себя в дороге.",https://img.vkusvill.ru/pim/images/site/d367e628-b9e2-4edd-8f88-ace0838046d6.jpg,yes,168,,56532,Десерт молочный «Павлова» безлактозный,,https://vkusvill.ru/goods/desert-molochnyy-pavlova-bezlaktoznyy-56532.html
ВкусВилл,"Молочные продукты, яйцо,Растительные напитки и йогурты","О своем продукте мы всегда напишем вкусно. А вот покупателей не обманешь. Поэтому здесь представлены реальные отзывы от реальных покупателей из рубрики ""Народный гурман""",https://img.vkusvill.ru/pim/images/site/7de5a7aa-3c51-43ff-856e-ef4168439be5.JPG,yes,108,,53030,Десерт растительный «Какао-фундук»,,https://vkusvill.ru/goods/desert-rastitelnyy-kakao-funduk--53030.html
ВкусВилл,"Сладости, десерты. Мороженое,Пирожные и десерты","Сытный десерт, состоящий из морковных бисквитных коржей, промазанных тающим сырным кремом. Грецкий орех придаёт торту лёгкую терпкость, а молотая корица — умеренную пряность. Небольшую упаковку можно взять с собой, чтобы полакомиться в дороге. Продукт подходит для вегетарианцев.",https://img.vkusvill.ru/pim/images/site/f30523a0-ce60-4b6c-84fd-ff4809f3aac7.jpg,yes,187,4.8,39368,Десерт сливочный «Керот Кейк»,5,https://vkusvill.ru/goods/desert-slivochnyy-kerot-keyk-39368.html
ВкусВилл,"Молочные продукты, яйцо,Сырники, запеканки и десерты","Классический чизкейк в мини-формате. Нежный, ярко-сливочный, с приятным ванильным ароматом. Идеальный вариант для скорого перекуса в дороге, который прекрасно подойдёт тем, у кого нет времени для размеренного чаепития, и тем, кто боится увлечься сладким.",https://img.vkusvill.ru/pim/images/site/aa859fa4-d2c5-45aa-9e98-0e70f6d4b8ce.jpg,yes,55,,24799,Десерт творожный «Чизкейк» с ванилью 15%,,https://vkusvill.ru/goods/desert-tvorozhnyy-chizkeyk-s-vanilyu-15-24799.html
ВкусВилл,"Молочные продукты, яйцо,Сырки творожные","О своем продукте мы всегда напишем вкусно. А вот покупателей не обманешь. Поэтому здесь представлены реальные отзывы от реальных покупателей из рубрики ""Народный гурман""",https://img.vkusvill.ru/pim/images/site/6a8df1f9-5962-4057-a0ff-39965dcf9698.jpg,yes,35,4.6,43930,Десерт творожный с ванилью в вафельном рожке 15%,11,https://vkusvill.ru/goods/desert-tvorozhnyy-s-vanilyu-v-vafelnom-rozhke-15-43930.html
ВкусВилл,"Молочные продукты, яйцо,Сырники, запеканки и десерты","О своем продукте мы всегда напишем вкусно. А вот покупателей не обманешь. Поэтому здесь представлены реальные отзывы от реальных покупателей из рубрики ""Народный гурман""",https://img.vkusvill.ru/pim/images/site/b40c4ce5-c138-4706-8714-27a532e4ad14.jpg,yes,200,,63417,Запеканка «Чизкейк»_РП,,https://vkusvill.ru/goods/zapekanka-chizkeyk-rp-63417.html
ВкусВилл,"Молочные продукты, яйцо,Сырники, запеканки и десерты","Нежная запеканка на твороге и сметане с тонким ванильным ароматом. Идеальна для завтрака и перекуса. По желанию вы можете добавить к ней варенье, сгущённое молоко или любой другой наполнитель. Вкусно, как дома!",https://img.vkusvill.ru/pim/images/site/b24f6442-2c3d-423b-ac5e-def5bca378cd.jpg,yes,540,4.6,69,Запеканка классическая,5,https://vkusvill.ru/goods/zapekanka-klassicheskaya-69.html
ВкусВилл,"Молочные продукты, яйцо,Сырники, запеканки и десерты","Полезный десерт с простым составом. Для приготовления начинки используются только свежие фрукты и ягоды. Какой вкус попадётся вам? Каждую неделю мы привозим одну и ту же запеканку, но кладём в неё разные наполнители: грушевый, клюквенный, черничный, чёрносмородиновый, или яблочно-коричный. Ещё один вкус — морковно-яблочный с изюмом. Поскольку такая начинка отличается большей плотностью, она будет равномерно распределена по всей запеканке. Вкусное и сытное лакомство, которое, к тому же, идеально подходит для завтрака!",https://img.vkusvill.ru/pim/images/site/97871176-254b-4f58-ba66-52ae232c4e45.JPG,yes,580,,103,Запеканка с прослойкой,,https://vkusvill.ru/goods/zapekanka-s-prosloykoy-103.html
ВкусВилл,"Молочные продукты, яйцо,Сырники, запеканки и десерты","Нежная запеканка на твороге с айвой и бананом, обладающая тонким ванильным ароматом. Готовится без добавения сахара и подаётся в удобной порционной упаковке. Идеальна для завтрака и перекуса. По желанию вы можете добавить к ней варенье, сгущённое молоко или любой другой наполнитель. Вкусно, как дома!",https://img.vkusvill.ru/pim/images/site/946d108f-9c57-4423-93cf-aa110446a0ef.jpg,yes,168,4.5,29330,Запеканка творожная «Айва-банан» без доб. сахара,5,https://vkusvill.ru/goods/zapekanka-tvorozhnaya-ayva-banan-bez-dob-sakhara-29330.html
ВкусВилл,"Молочные продукты, яйцо,Сырники, запеканки и десерты","Нежная творожная запеканка с кусочками манго и семенами чиа. Готовится без добавления сахара и подаётся в удобной порционной упаковке. Идеальна для завтрака и перекуса. По желанию вы можете добавить к ней варенье, сгущённое молоко или любой другой наполнитель. Вкусно, как дома!",https://img.vkusvill.ru/pim/images/site/d2becd84-110e-4000-bd91-3973d8de6679.jpg,yes,178,,53298,Запеканка творожная без доб. сахара с манго и семенами чиа,,https://vkusvill.ru/goods/zapekanka-tvorozhnaya-bez-dob-sakhara-s-mango-i-semenami-chia-53298.html
ВкусВилл,"Молочные продукты, яйцо,Сырники, запеканки и десерты","Нежная запеканка на твороге с кусочками вишни. Готовится без добавления сахара. Подаётся в удобной порционной упаковке. Идеальна для завтрака и перекуса. По желанию вы можете добавить к ней варенье, сгущённое молоко или любой другой наполнитель. Вкусно, как дома!",https://img.vkusvill.ru/pim/images/site/6a319e8b-7b66-4b58-bc53-60efb5cb4b5d.jpg,yes,186,4.6,38255,Запеканка творожная с вишней без доб. сахара,5,https://vkusvill.ru/goods/zapekanka-tvorozhnaya-s-vishney-bez-dob-sakhara-38255.html
ВкусВилл,"Молочные продукты, яйцо,Сырники, запеканки и десерты","Нежная запеканка на твороге с кусочками свежей груши. Подаётся в удобной порционной упаковке. Идеальна для завтрака и перекуса. По желанию вы можете добавить к ней варенье, сгущённое молоко или любой другой наполнитель. Вкусно, как дома!",https://img.vkusvill.ru/pim/images/site/ea4a1e04-1d79-4af6-b8d4-e290b5370097.JPG,yes,178,4.9,39477,Запеканка творожная с грушей,3,https://vkusvill.ru/goods/zapekanka-tvorozhnaya-s-grushey-39477.html
ВкусВилл,"Молочные продукты, яйцо,Сырники, запеканки и десерты","Нежная запеканка на твороге с изюмом, обладающая тонким ванильным ароматом. Подаётся в удобной порционной упаковке. Идеальна для завтрака и перекуса. По желанию вы можете добавить к ней варенье, сгущённое молоко или любой другой наполнитель. Вкусно, как дома!",https://img.vkusvill.ru/pim/images/site/0c43e3a9-6ac4-442b-82bf-fdc163aa8b8d.jpg,yes,148,4.7,23586,Запеканка творожная с изюмом,5,https://vkusvill.ru/goods/zapekanka-tvorozhnaya-s-izyumom-23586.html
ВкусВилл,"Молочные продукты, яйцо,Сырники, запеканки и десерты","Нежная запеканка на твороге с кусочками клубники. Готовится без добавления сахара. Подаётся в удобной порционной упаковке. Идеальна для завтрака и перекуса. По желанию вы можете добавить к ней варенье, сгущённое молоко или любой другой наполнитель. Вкусно, как дома!",https://img.vkusvill.ru/pim/images/site/d085f484-f794-4a67-a4f5-afcccb8f2bd7.jpg,yes,196,4.6,38253,Запеканка творожная с клубникой без добавленного сахара,8,https://vkusvill.ru/goods/zapekanka-tvorozhnaya-s-klubnikoy-bez-dobavlennogo-sakhara-38253.html
