item>>01 ASIN,item>>02 Parent ASIN,item>>03 Title,item>>04 Brand,item>>05 Seller,item>>06 Fulfilled by Amazon,item>>07 Sales Rank 1,item>>08 Sales Rank 1 Caregory,item>>09 Sales Rank 2,item>>10 Sales Rank 2 Category,item>>11 Sales Rank 3,item>>12 Sales Rank 3 Category,item>>13 Categories,item>>14 URL,item>>15 Color,item>>16 Size,item>>17 Style,item>>19 Price,item>>20 Availability,item>>21 Images
B019HZEKSQ,B00RF2ZNI0,[ヘインズ] ビーフィー Tシャツ BEEFY-T 2枚組 綿100% 肉厚生地 ヘビーウェイト H5180-2 メンズ,Hanes(ヘインズ),Amazon,no,4,服＆ファッション小物,1,メンズTシャツ・カットソー,1,レディースTシャツ･カットソー,服＆ファッション小物|Hanes(ヘインズ),https://www.amazon.co.jp/dp/B019HZEKSQ?psc=1,ブラック,XS,,1330,在庫あり。 在庫状況について,https://images-na.ssl-images-amazon.com/images/I/71NbH7TarNL._AC_UL1500_.jpg|https://images-na.ssl-images-amazon.com/images/I/31aoej01WDL._AC_.jpg|https://images-na.ssl-images-amazon.com/images/I/31f8GWLR65L._AC_.jpg|https://images-na.ssl-images-amazon.com/images/I/61hOHoyFBVL._AC_UL1500_.jpg|https://images-na.ssl-images-amazon.com/images/I/41Jv-07stdL._AC_.jpg|https://images-na.ssl-images-amazon.com/images/I/516hN3jYPIL._AC_UL1000_.jpg
B07SJ68PBS,B07SK91XPX,SUKIYO レディース メンズ 魔法レインコート レインコート ポンチョ かっぱ 通勤通学 収納袋付き 防風防水 防塵防雪 男女兼用,SUKIYO,SUKIYO「商願2019-126746」,yes,5,服＆ファッション小物,1,レディースレインコート・ポンチョ,,,服＆ファッション小物|レディース|レインウェア|レインコート・ポンチョ,https://www.amazon.co.jp/dp/B07SJ68PBS?psc=1,ブラック,2XL,,1938,在庫あり。 在庫状況について,https://images-na.ssl-images-amazon.com/images/I/614scNqI4oL._AC_UL1500_.jpg|https://images-na.ssl-images-amazon.com/images/I/71MxASevXRL._AC_UL1500_.jpg|https://images-na.ssl-images-amazon.com/images/I/71PoNN-qPfL._AC_UL1500_.jpg|https://images-na.ssl-images-amazon.com/images/I/71noomyHViL._AC_UL1500_.jpg|https://images-na.ssl-images-amazon.com/images/I/71vpmZKOBcL._AC_UL1500_.jpg|https://images-na.ssl-images-amazon.com/images/I/713z9x2m%2BnL._AC_UL1500_.jpg
B07H9Z362Q,B075GGC6ZD,Angellir ふんわりルームブラ,Angellir,,yes,12,服＆ファッション小物,1,レディースブラジャー,,,服＆ファッション小物|レディース|インナーウェア・ルームウェア|インナーウェア|ブラジャー,https://www.amazon.co.jp/dp/B07H9Z362Q?psc=1,ブラック,+S-M,,4378,在庫あり。 在庫状況について,https://images-na.ssl-images-amazon.com/images/I/61kSrFGlrFL._AC_UL1000_.jpg|https://images-na.ssl-images-amazon.com/images/I/41415eXySsL._AC_.jpg|https://images-na.ssl-images-amazon.com/images/I/41IPIQvvHkL._AC_.jpg|https://images-na.ssl-images-amazon.com/images/I/41CAWGVALaL._AC_.jpg|https://images-na.ssl-images-amazon.com/images/I/41veKSqI%2BCL._AC_.jpg|https://images-na.ssl-images-amazon.com/images/I/41d3DEh-u%2BL._AC_.jpg|https://images-na.ssl-images-amazon.com/images/I/71tusC3-v7L._AC_UL1000_.jpg|https://images-na.ssl-images-amazon.com/images/I/61s7fZB9vCL._AC_UL1000_.jpg|https://images-na.ssl-images-amazon.com/images/I/61xOCHAo8gL._AC_UL1200_.jpg
B085HN5S1T,,新型コロナウィルス 新型肺炎 コロナウィルス対策 サンバイザー ハット 漁師帽 飛沫防止 帽子,品質セレクトショップ,,no,13,服＆ファッション小物,1,レディースバイザー,,,服＆ファッション小物|レディース|ファッション小物|帽子|バイザー,https://www.amazon.co.jp/dp/B085HN5S1T?psc=1,,,,899,通常4～5日以内に発送します。 在庫状況について,https://images-na.ssl-images-amazon.com/images/I/61iOWMfQIqL._AC_SL1001_.jpg|https://images-na.ssl-images-amazon.com/images/I/61p6wRanCCL._AC_SL1001_.jpg|https://images-na.ssl-images-amazon.com/images/I/61PwCDXuT2L._AC_SL1001_.jpg|https://images-na.ssl-images-amazon.com/images/I/41JrzEIopeL._AC_.jpg|https://images-na.ssl-images-amazon.com/images/I/415dn2%2BHv6L._AC_.jpg|https://images-na.ssl-images-amazon.com/images/I/41pm%2BwKp5wL._AC_.jpg|https://images-na.ssl-images-amazon.com/images/I/71lCYIukJFL._AC_SL1001_.jpg|https://images-na.ssl-images-amazon.com/images/I/71JR%2BrOyZgL._AC_SL1000_.jpg
B00EY20MXU,B0183EA7XO,メガネクリーナふきふき 眼鏡拭きシート くもり止めタイプ 20包(個包装タイプ),メガネクリーナ,Amazon,no,619,ドラッグストア,1,レディース眼鏡小物,9,コンタクトレンズ・メガネ,服＆ファッション小物|レディース|ファッション小物|眼鏡小物,https://www.amazon.co.jp/dp/B00EY20MXU?psc=1,,1個,,369,在庫あり。 在庫状況について,https://images-na.ssl-images-amazon.com/images/I/71R%2BYf%2Be0fL._AC_SL1500_.jpg|https://images-na.ssl-images-amazon.com/images/I/61Rgsmh-usL._AC_SL1094_.jpg|https://images-na.ssl-images-amazon.com/images/I/81uBvnX-7nL._AC_SL1496_.jpg|https://images-na.ssl-images-amazon.com/images/I/61amdponNuL._AC_SL1176_.jpg|https://images-na.ssl-images-amazon.com/images/I/713Co5GhveL._AC_SL1188_.jpg|https://images-na.ssl-images-amazon.com/images/I/71YZyuIE1IL._AC_SL1500_.jpg|https://images-na.ssl-images-amazon.com/images/I/818YM2QM62L._AC_SL1394_.jpg
B07C21SYC2,B07C1P3PVD,Ctrilady シェイプアップショーツ 補正ショーツ 骨盤ガードル 補正ガードル 美尻 パンツ 美腰コルセット 骨盤矯正 くびれ 腹 引き締め 姿勢矯正 ダイエット 産後 補正下着 通気性 ヒップアップ ハイウエスト 加圧 レディース,CtriLady,CtriLady,yes,20,服＆ファッション小物,1,補正ショーツ・ガードル,,,服＆ファッション小物|レディース|インナーウェア・ルームウェア|インナーウェア|補正下着|補正ショーツ・ガードル,https://www.amazon.co.jp/dp/B07C21SYC2?psc=1,ブラック,S,,1500,在庫あり。 在庫状況について,https://images-na.ssl-images-amazon.com/images/I/81A2DYeluGL._AC_UL1500_.jpg|https://images-na.ssl-images-amazon.com/images/I/91RVYG6pMJL._AC_UL1500_.jpg|https://images-na.ssl-images-amazon.com/images/I/81e1cGUn0eL._AC_UL1500_.jpg|https://images-na.ssl-images-amazon.com/images/I/91v-vL3Ui7L._AC_UL1500_.jpg|https://images-na.ssl-images-amazon.com/images/I/91VZlISJ9BL._AC_UL1500_.jpg|https://images-na.ssl-images-amazon.com/images/I/81RDHt7yRiL._AC_UL1500_.jpg|https://images-na.ssl-images-amazon.com/images/I/915%2BamPh%2BOL._AC_UL1500_.jpg
B01IQXWUI2,B07XD7CSZH,[セシール] ストッキング 10足組 日本製 静電気防止加工 つま先補強 PR-245 レディース,cecile(セシール),Amazon,no,28,服＆ファッション小物,1,レディースストッキング,,,服＆ファッション小物|レディース|靴下・ストッキング|ストッキング,https://www.amazon.co.jp/dp/B01IQXWUI2?psc=1,シルクベージュ,日本 SS-S-(日本サイズXS相当),,979,在庫あり。 在庫状況について,https://images-na.ssl-images-amazon.com/images/I/61zXGNlbwyL._AC_UL1500_.jpg|https://images-na.ssl-images-amazon.com/images/I/51bPnEh-fTL._AC_UL1500_.jpg|https://images-na.ssl-images-amazon.com/images/I/51DTrZJ6ImL._AC_UL1500_.jpg|https://images-na.ssl-images-amazon.com/images/I/51Cu2pVp%2BNL._AC_UL1500_.jpg|https://images-na.ssl-images-amazon.com/images/I/51q51sx5eIL._AC_UL1500_.jpg|https://images-na.ssl-images-amazon.com/images/I/81%2BymOM-nmL._AC_UL1500_.jpg|https://images-na.ssl-images-amazon.com/images/I/71qgk2oPMeL._AC_UL1500_.jpg|https://images-na.ssl-images-amazon.com/images/I/71nhqf6D1xL._AC_UL1500_.jpg|https://images-na.ssl-images-amazon.com/images/I/71JCc2UCsvL._AC_UL1500_.jpg
B079894FMM,B07NVYZL6J,[オカモト] 脱げない ココピタ 3足組 フットカバー 浅履き フォーマルタイプ レディース,okamoto(オカモト),Amazon,no,29,服＆ファッション小物,1,フットカバー・パンプスソックス,,,服＆ファッション小物|レディース|靴下・ストッキング|フットカバー・パンプスソックス,https://www.amazon.co.jp/dp/B079894FMM?psc=1,ブラック,日本 21-23cm (日本サイズS相当),,1100,在庫あり。 在庫状況について,https://images-na.ssl-images-amazon.com/images/I/61UMOkJBv4L._AC_UL1500_.jpg|https://images-na.ssl-images-amazon.com/images/I/41CsC9xN0zL._AC_.jpg|https://images-na.ssl-images-amazon.com/images/I/61G85GDSF5L._AC_UL1500_.jpg|https://images-na.ssl-images-amazon.com/images/I/51uFe4FVc7L._AC_.jpg|https://images-na.ssl-images-amazon.com/images/I/71lT7EifL6L._AC_UL1500_.jpg|https://images-na.ssl-images-amazon.com/images/I/71LY9WybvCL._AC_UL1500_.jpg|https://images-na.ssl-images-amazon.com/images/I/61UMOkJBv4L._AC_UL1500_.jpg|https://images-na.ssl-images-amazon.com/images/I/71lT7EifL6L._AC_UL1500_.jpg
B078X775JD,B078X6L12V,CtriLady ウエストニッパー コルセット 矯正下着 補正下着 骨盤補正 猫背矯正 レディース 産後 ダイエット用 腰痛サポート お腹引き締め くびれ バストアップ シェイプウエア 通気 伸縮,CtriLady,CtriLady,yes,31,服＆ファッション小物,1,コルセット・ウエストニッパー,,,服＆ファッション小物|レディース|インナーウェア・ルームウェア|インナーウェア|補正下着|コルセット・ウエストニッパー,https://www.amazon.co.jp/dp/B078X775JD?psc=1,ブラック,S,,1900,在庫あり。 在庫状況について,https://images-na.ssl-images-amazon.com/images/I/71LRv3%2BiW9L._AC_UL1500_.jpg|https://images-na.ssl-images-amazon.com/images/I/71s0KymQTHL._AC_UL1500_.jpg|https://images-na.ssl-images-amazon.com/images/I/71hWQNpCk9L._AC_UL1500_.jpg|https://images-na.ssl-images-amazon.com/images/I/81F9QYKfNNL._AC_UL1500_.jpg|https://images-na.ssl-images-amazon.com/images/I/71wAFWFEzAL._AC_UL1500_.jpg|https://images-na.ssl-images-amazon.com/images/I/71CyOfwRD2L._AC_UL1500_.jpg|https://images-na.ssl-images-amazon.com/images/I/71QuU%2BwFDLL._AC_UL1500_.jpg
B083M21SCV,B083LZYHHN,TONGMO レインコート レディース 自転車 バイク 2020 魔法 レインウェア ロングレインポンチョ おしゃれ 雨具 超軽量 防風防水 防塵防雪 雨合羽 雨着 通勤 通学 男女兼用,TONGMO,TONGMO [登録番号: 第6191576号],yes,34,服＆ファッション小物,2,レディースレインコート・ポンチョ,,,服＆ファッション小物|レディース|レインウェア|レインコート・ポンチョ,https://www.amazon.co.jp/dp/B083M21SCV?psc=1,ブラック,L(150cm-165cm),,2480,在庫あり。 在庫状況について,https://images-na.ssl-images-amazon.com/images/I/51pwZe-Y2dL._AC_SL1500_.jpg|https://images-na.ssl-images-amazon.com/images/I/71y4b59w1fL._AC_SL1500_.jpg|https://images-na.ssl-images-amazon.com/images/I/61ExBxQvWWL._AC_SL1500_.jpg|https://images-na.ssl-images-amazon.com/images/I/715gqI2ihPL._AC_SL1500_.jpg|https://images-na.ssl-images-amazon.com/images/I/61BjsSJuZeL._AC_SL1500_.jpg|https://images-na.ssl-images-amazon.com/images/I/61SSZTS4XSL._AC_SL1500_.jpg|https://images-na.ssl-images-amazon.com/images/I/71bNZsbL6-L._AC_SL1500_.jpg
B00DM2JPJU,B07B13MDFN,[アツギ] ATSUGI STOCKING(アツギ ストッキング) 引きしめて、美しい。 〈3足組〉 FP8813P レディース,ATSUGI(アツギ),Amazon,no,44,服＆ファッション小物,2,レディースストッキング,,,服＆ファッション小物|レディース|靴下・ストッキング|ストッキング,https://www.amazon.co.jp/dp/B00DM2JPJU?psc=1,ブラック,日本 S~M (日本サイズS-(日本サイズS-M相当),,968,在庫あり。 在庫状況について,https://images-na.ssl-images-amazon.com/images/I/71NAbCnIzlL._AC_UL1500_.jpg|https://images-na.ssl-images-amazon.com/images/I/51Gt3din0UL._AC_UL1333_.jpg|https://images-na.ssl-images-amazon.com/images/I/613uu1qDtgL._AC_UL1500_.jpg|https://images-na.ssl-images-amazon.com/images/I/61f81sq4LkL._AC_UL1500_.jpg|https://images-na.ssl-images-amazon.com/images/I/61mdSM4F9zL._AC_UL1500_.jpg
B07YYHNYB7,B07S9RKT15,Gifort パジャマ 綿100 二重 ガーゼ ペア 夫婦 ルームウェア メンズ レディース 長袖 上下セット 吸汗 通気 肌に優しい 部屋着 春・夏・秋・冬用,Gifort,Gifort JP〔メーカー直営店・１年保証付〕,yes,53,服＆ファッション小物,1,レディースパジャマ・ルームウェアセット,1,メンズパジャマ,服＆ファッション小物|レディース|インナーウェア・ルームウェア|パジャマ・ルームウェア|パジャマ・ルームウェアセット,https://www.amazon.co.jp/dp/B07YYHNYB7?psc=1,イエロー-レディース,M,,2580,在庫あり。 在庫状況について,https://images-na.ssl-images-amazon.com/images/I/61%2BE-P2VH3L._AC_UL1001_.jpg|https://images-na.ssl-images-amazon.com/images/I/61VRN14oAWL._AC_UL1000_.jpg|https://images-na.ssl-images-amazon.com/images/I/71dB9HPrU4L._AC_UL1000_.jpg|https://images-na.ssl-images-amazon.com/images/I/71qYDcYtgBL._AC_UL1000_.jpg|https://images-na.ssl-images-amazon.com/images/I/61r46CpYz7L._AC_UL1000_.jpg|https://images-na.ssl-images-amazon.com/images/I/61SgsI0QxOL._AC_UL1001_.jpg|https://images-na.ssl-images-amazon.com/images/I/71cI159FttL._AC_UL1300_.jpg
B00VPUF0G8,B013AKQV6S,[グンゼ] ストッキング サブリナ なめらかゾッキPS 3足組 SP76 レディース,GUNZE(グンゼ),Amazon,no,54,服＆ファッション小物,3,レディースストッキング,,,服＆ファッション小物|レディース|靴下・ストッキング|ストッキング,https://www.amazon.co.jp/dp/B00VPUF0G8?psc=1,ブラック,日本 L-LL (日本サイズL相当),,1061,在庫あり。 在庫状況について,https://images-na.ssl-images-amazon.com/images/I/81SBHN1YykL._AC_UL1500_.jpg|https://images-na.ssl-images-amazon.com/images/I/71PCXfvrALL._AC_UL1500_.jpg|https://images-na.ssl-images-amazon.com/images/I/71pWS0iqEUL._AC_UL1500_.jpg|https://images-na.ssl-images-amazon.com/images/I/81tQv44yLRL._AC_UL1500_.jpg|https://images-na.ssl-images-amazon.com/images/I/61lXQY852KL._AC_UL1346_.jpg
B07GRLPHSY,B07MFD1WRF,Cyxus（シクサズ）青色光カットメガネ（透明レンズ）PCメガネ 輻射防止 視力保護 睡眠改善 目の疲れを緩和する ファション眼鏡 ラウンド ステンレス お洒落 男女兼用,Cyxus(シクサズ),Cyxus Technology Ltd,yes,57,服＆ファッション小物,1,レディースファッションメガネ,,,服＆ファッション小物|レディース|ファッション小物|ファッション眼鏡,https://www.amazon.co.jp/dp/B07GRLPHSY?psc=1,1-8090金茶色,,,2199,在庫あり。 在庫状況について,https://images-na.ssl-images-amazon.com/images/I/513nEHwtx5L._AC_UL1001_.jpg|https://images-na.ssl-images-amazon.com/images/I/61n8idYHOmL._AC_UL1000_.jpg|https://images-na.ssl-images-amazon.com/images/I/61BhfxJB9uL._AC_UL1000_.jpg|https://images-na.ssl-images-amazon.com/images/I/61eEcQV0qKL._AC_UL1000_.jpg|https://images-na.ssl-images-amazon.com/images/I/51wWvML8pcL._AC_UL1000_.jpg|https://images-na.ssl-images-amazon.com/images/I/51%2BuFXTQioL._AC_UL1000_.jpg|https://images-na.ssl-images-amazon.com/images/I/61TcUWV7XsL._AC_UL1001_.jpg
B0763KTMHD,B008V6XD8G,(アツギ)ATSUGI ストッキング ASTIGU(アスティーグ) 【強】 丈夫 ストッキング 〈3足組〉,ATSUGI(アツギ),Amazon,no,58,服＆ファッション小物,4,レディースストッキング,,,服＆ファッション小物|レディース|靴下・ストッキング|ストッキング,https://www.amazon.co.jp/dp/B0763KTMHD?psc=1,NEWコスモブラウン,日本 L (日本サイズL相当),,1650,在庫あり。 在庫状況について,https://images-na.ssl-images-amazon.com/images/I/81hWQ%2BGz9eL._AC_UL1500_.jpg|https://images-na.ssl-images-amazon.com/images/I/71q1Zgke-ML._AC_UL1500_.jpg|https://images-na.ssl-images-amazon.com/images/I/71G-9bGDo0L._AC_UL1500_.jpg|https://images-na.ssl-images-amazon.com/images/I/51DiHx%2BUJML._AC_UL1500_.jpg|https://images-na.ssl-images-amazon.com/images/I/51XZXTSC-gL._AC_UL1125_.jpg|https://images-na.ssl-images-amazon.com/images/I/51Kgg72GJEL._AC_UL1125_.jpg|https://images-na.ssl-images-amazon.com/images/I/61BfgwhWNtL._AC_UL1000_.jpg|https://images-na.ssl-images-amazon.com/images/I/61T9rg-rEfL._AC_UL1400_.jpg|https://images-na.ssl-images-amazon.com/images/I/71DNTUbQEBL._AC_UL1500_.jpg
B07V8SH5R9,B07Z5TD3FV,夜用ブラ 2枚セット ナイトブラ ブラジャー 【バストアップ＆3D補正＆谷間メイク】 ノンワイヤー ノンストレス ソフトふんわり 背中美人 スポーツブラ 寄せブラ 盛る 育乳 ブラ,YUUMICO,YUUMICO[メーカー直営店],yes,61,服＆ファッション小物,2,レディースブラジャー,,,服＆ファッション小物|レディース|インナーウェア・ルームウェア|インナーウェア|ブラジャー,https://www.amazon.co.jp/dp/B07V8SH5R9?psc=1,パープル ブラ二枚,M,,1580,在庫あり。 在庫状況について,https://images-na.ssl-images-amazon.com/images/I/61Hyaa2xSQL._AC_UL1000_.jpg|https://images-na.ssl-images-amazon.com/images/I/714p6cWZctL._AC_UL1300_.jpg|https://images-na.ssl-images-amazon.com/images/I/71%2BgCKqv1yL._AC_UL1300_.jpg|https://images-na.ssl-images-amazon.com/images/I/71BfY%2BRU6oL._AC_UL1300_.jpg|https://images-na.ssl-images-amazon.com/images/I/71J965YOqCL._AC_UL1300_.jpg|https://images-na.ssl-images-amazon.com/images/I/71-ueIC9mGL._AC_UL1300_.jpg|https://images-na.ssl-images-amazon.com/images/I/71mzLbeq-7L._AC_UL1300_.jpg
B086M921L3,B086K2KFLV,使い捨て三層保護 （ブルー）,EQUEEN,anhuituofeng,no,66,服＆ファッション小物,2,レディースTシャツ･カットソー,,,服＆ファッション小物|レディース|トップス|Tシャツ・カットソー,https://www.amazon.co.jp/dp/B086M921L3?psc=1,ブルー1000枚,,,37592,通常2～3日以内に発送します。 在庫状況について,https://images-na.ssl-images-amazon.com/images/I/71xuiG5jQpL._AC_UL1500_.jpg|https://images-na.ssl-images-amazon.com/images/I/61%2B560fh8wL._AC_UL1500_.jpg|https://images-na.ssl-images-amazon.com/images/I/61074sNycSL._AC_UL1500_.jpg|https://images-na.ssl-images-amazon.com/images/I/71uhMouiT5L._AC_UL1500_.jpg|https://images-na.ssl-images-amazon.com/images/I/61OFRfAjUfL._AC_UL1500_.jpg|https://images-na.ssl-images-amazon.com/images/I/71n1hd1%2BXnL._AC_UL1500_.jpg|https://images-na.ssl-images-amazon.com/images/I/71McykKlulL._AC_UL1500_.jpg
B0791GBCLJ,B079FX3D2Y,SARABEAUTY 骨盤ガードル お腹から太ももまでトータルメイク,SaraBeauty,SARABEAUTY,yes,70,服＆ファッション小物,2,補正ショーツ・ガードル,1,マタニティリフォームガードル,服＆ファッション小物|レディース|インナーウェア・ルームウェア|インナーウェア|補正下着|補正ショーツ・ガードル,https://www.amazon.co.jp/dp/B0791GBCLJ?psc=1,ブラック,"S〜M:ウエスト56～66cm,ヒップ79～90cm",,1399,在庫あり。 在庫状況について,https://images-na.ssl-images-amazon.com/images/I/515MeEJ3cSL._AC_UL1500_.jpg|https://images-na.ssl-images-amazon.com/images/I/61UdEOn8QzL._AC_UL1000_.jpg|https://images-na.ssl-images-amazon.com/images/I/61xkg3M2WTL._AC_UL1000_.jpg|https://images-na.ssl-images-amazon.com/images/I/61PjKO1hzeL._AC_UL1000_.jpg|https://images-na.ssl-images-amazon.com/images/I/61a5fUMr2ZL._AC_UL1000_.jpg|https://images-na.ssl-images-amazon.com/images/I/61C7THDJllL._AC_UL1000_.jpg|https://images-na.ssl-images-amazon.com/images/I/5141zJbZyVL._AC_.jpg
B07FMT6NSM,B071F7MPPY,Yvette（イベット）スポーツブラ 揺れない ハイサポート 後ろホックタイプ メッシュ素材 内蔵成型カップ,Yvette,mts sports,yes,73,服＆ファッション小物,1,スポーツブラ,,,服＆ファッション小物|スポーツウェア|フィットネス・トレーニング|レディース|スポーツブラ,https://www.amazon.co.jp/dp/B07FMT6NSM?psc=1,グレー,S(A-C) アンダーバスト70cm対応,,2549,在庫あり。 在庫状況について,https://images-na.ssl-images-amazon.com/images/I/6166A%2BkVFdL._AC_UL1300_.jpg|https://images-na.ssl-images-amazon.com/images/I/617o8uo0ZkL._AC_UL1300_.jpg|https://images-na.ssl-images-amazon.com/images/I/6192GrCRQ1L._AC_UL1300_.jpg|https://images-na.ssl-images-amazon.com/images/I/81xj9W3iquL._AC_UL1500_.jpg|https://images-na.ssl-images-amazon.com/images/I/814k7l1BCrL._AC_UL1500_.jpg|https://images-na.ssl-images-amazon.com/images/I/71vyteewCmL._AC_UL1500_.jpg
B01M0QC361,,【セット品】くり返し使えるメガネのくもり止めクロス 3枚 ×3個,ソフト99,,yes,76,服＆ファッション小物,2,レディース眼鏡小物,,,服＆ファッション小物|レディース|ファッション小物|眼鏡小物,https://www.amazon.co.jp/dp/B01M0QC361?psc=1,,,,2280,残り2点 ご注文はお早めに 在庫状況について,https://images-na.ssl-images-amazon.com/images/I/51m1HerWh%2BL._AC_.jpg
B01FQT6GVQ,B01FQT6FLW,[M*R collection] ブラジャー ショーツ セット 脇高ブラ,M*R collection,株式会社SEED,yes,81,服＆ファッション小物,1,レディースインナーセット,,,服＆ファッション小物|レディース|インナーウェア・ルームウェア|インナーウェア|セット,https://www.amazon.co.jp/dp/B01FQT6GVQ?psc=1,グレー,70AB,,1450,在庫あり。 在庫状況について,https://images-na.ssl-images-amazon.com/images/I/51wdo7pUDwL._AC_.jpg|https://images-na.ssl-images-amazon.com/images/I/71oIz0JDkBL._AC_UL1000_.jpg|https://images-na.ssl-images-amazon.com/images/I/71rlkyFc9DL._AC_UL1500_.jpg|https://images-na.ssl-images-amazon.com/images/I/71AxyrRs7wL._AC_UL1000_.jpg|https://images-na.ssl-images-amazon.com/images/I/61WRcIcTMmL._AC_UL1000_.jpg|https://images-na.ssl-images-amazon.com/images/I/71RlkDW%2BTOL._AC_UL1000_.jpg|https://images-na.ssl-images-amazon.com/images/I/61lfCyzOCvL._AC_UL1000_.jpg|https://images-na.ssl-images-amazon.com/images/I/71gIcMzuZ2L._AC_UL1100_.jpg|https://images-na.ssl-images-amazon.com/images/I/81uyR4VwosL._AC_UL1280_.jpg
B07YPVBQ65,B07YS7Y95Z,UHAIR エクステ 襟足ウィッグ ロング カール ワンタッチハーフウィッグ 耐熱 つけ毛 50cm,U hair,U HAIR,yes,84,服＆ファッション小物,1,レディースエクステンション,,,服＆ファッション小物|レディース|ファッション小物|ウィッグ|エクステンション,https://www.amazon.co.jp/dp/B07YPVBQ65?psc=1,ブラック,,,1799,在庫あり。 在庫状況について,https://images-na.ssl-images-amazon.com/images/I/71ioxDIH%2BFL._AC_UL1200_.jpg|https://images-na.ssl-images-amazon.com/images/I/71fcn6w7wHL._AC_UL1175_.jpg|https://images-na.ssl-images-amazon.com/images/I/81CFQ0TZXRL._AC_UL1500_.jpg|https://images-na.ssl-images-amazon.com/images/I/61vSv60ibYL._AC_UL1000_.jpg|https://images-na.ssl-images-amazon.com/images/I/71%2B35LoAG3L._AC_UL1304_.jpg|https://images-na.ssl-images-amazon.com/images/I/61odIZBkgiL._AC_UL1000_.jpg
B01CCEV36G,B01CCESIJG,(アツギ)ATSUGI ストッキング SLIM LINE(スリムライン) ひざ下丈 ストッキング 〈3足組〉,ATSUGI(アツギ),Amazon,no,89,服＆ファッション小物,5,レディースストッキング,,,服＆ファッション小物|レディース|靴下・ストッキング|ストッキング,https://www.amazon.co.jp/dp/B01CCEV36G?psc=1,ブラック,日本 22~25cm-(FREE サイズ),,920,在庫あり。 在庫状況について,https://images-na.ssl-images-amazon.com/images/I/81Dp8i5MumL._AC_UL1500_.jpg|https://images-na.ssl-images-amazon.com/images/I/51smOfRzqpL._AC_UL1200_.jpg
B07532ND98,B07532ND6H,[フクスケ] デイリー満足 30デニール オペイクタイツ 3足組 レディース,fukuske(フクスケ),,no,92,服＆ファッション小物,1,レディースタイツ,,,服＆ファッション小物|レディース|靴下・ストッキング|タイツ,https://www.amazon.co.jp/dp/B07532ND98?psc=1,ライトブラウン,日本 L2L(ヒップ90-103cm、身長155-170cm) (日本サイズ2L...,,998,通常3～4日以内に発送します。 在庫状況について,https://images-na.ssl-images-amazon.com/images/I/91%2B5nNjVWqL._AC_UL1500_.jpg|https://images-na.ssl-images-amazon.com/images/I/617cmpoDE9L._AC_UL1200_.jpg|https://images-na.ssl-images-amazon.com/images/I/517WqWV0m%2BL._AC_UL1200_.jpg|https://images-na.ssl-images-amazon.com/images/I/61msbPU%2BHhL._AC_UL1200_.jpg|https://images-na.ssl-images-amazon.com/images/I/51tXpk0VzoL._AC_.jpg
B08575Z5TZ,B0856TT138,B-PLAID ガーゼハンカチ 日本製 2枚 セット,B-PLAID(ビープレイド),ファブリックハンカチーフ・クロス専門店 B-PLAID(ビープレイド),yes,97,服＆ファッション小物,1,レディースハンカチ・バンダナ,,,服＆ファッション小物|レディース|ファッション小物|ハンカチ・バンダナ,https://www.amazon.co.jp/dp/B08575Z5TZ?psc=1,ハウスチェック カーキ+パープル,,,1600,残り5点 ご注文はお早めに 在庫状況について,https://images-na.ssl-images-amazon.com/images/I/61oC9sJs1gL._AC_UL1000_.jpg|https://images-na.ssl-images-amazon.com/images/I/71IhD9N1mqL._AC_UL1500_.jpg|https://images-na.ssl-images-amazon.com/images/I/81q-dn-pLlL._AC_UL1500_.jpg|https://images-na.ssl-images-amazon.com/images/I/71-Yyql-MXL._AC_UL1500_.jpg|https://images-na.ssl-images-amazon.com/images/I/71VeebwHVOL._AC_UL1500_.jpg|https://images-na.ssl-images-amazon.com/images/I/712EmIiG9dL._AC_UL1500_.jpg|https://images-na.ssl-images-amazon.com/images/I/71SCq42iALL._AC_UL1500_.jpg|https://images-na.ssl-images-amazon.com/images/I/716k97QAtFL._AC_UL1500_.jpg|https://images-na.ssl-images-amazon.com/images/I/71ICpqcl9tL._AC_UL1500_.jpg
B0811RG4TD,B07Y3DYD2K,[Viage] Viageビューティアップナイトブラ,Viage,HRC公式ストア,yes,99,服＆ファッション小物,3,レディースブラジャー,,,服＆ファッション小物|レディース|インナーウェア・ルームウェア|インナーウェア|ブラジャー,https://www.amazon.co.jp/dp/B0811RG4TD?psc=1,パープル,S,,3980,在庫あり。 在庫状況について,https://images-na.ssl-images-amazon.com/images/I/51Lm4nQ4uKL._AC_UL1200_.jpg|https://images-na.ssl-images-amazon.com/images/I/61kIDLHKF2L._AC_UL1200_.jpg|https://images-na.ssl-images-amazon.com/images/I/71pCJurEQXL._AC_UL1200_.jpg|https://images-na.ssl-images-amazon.com/images/I/714LNQ4KpPL._AC_UL1200_.jpg|https://images-na.ssl-images-amazon.com/images/I/71hJ%2B0zRNWL._AC_UL1200_.jpg|https://images-na.ssl-images-amazon.com/images/I/61tAHRw%2Bh-L._AC_UL1200_.jpg|https://images-na.ssl-images-amazon.com/images/I/611G7X1FNZL._AC_UL1200_.jpg
B0858YHRJD,,新型コロナウィルス 新型肺炎 コロナウィルス対策 サンバイザー ハット 漁師帽 飛沫防止 花粉症対策 紫外線対策 UVカット,品質セレクトショップ,,no,103,服＆ファッション小物,2,レディースバイザー,,,服＆ファッション小物|レディース|ファッション小物|帽子|バイザー,https://www.amazon.co.jp/dp/B0858YHRJD?psc=1,,,,878,在庫あり。 在庫状況について,https://images-na.ssl-images-amazon.com/images/I/61hD3zxWQpL._AC_SL1001_.jpg|https://images-na.ssl-images-amazon.com/images/I/61dk97yaOYL._AC_SL1001_.jpg|https://images-na.ssl-images-amazon.com/images/I/61kkzVDgQZL._AC_SL1001_.jpg|https://images-na.ssl-images-amazon.com/images/I/61rSSFmHYML._AC_SL1001_.jpg|https://images-na.ssl-images-amazon.com/images/I/61-pDkD4oWL._AC_SL1001_.jpg|https://images-na.ssl-images-amazon.com/images/I/6120KbPULvL._AC_SL1001_.jpg|https://images-na.ssl-images-amazon.com/images/I/61i8oh6tIuL._AC_SL1001_.jpg
B06W58G97T,B06WRVKLTZ,シルク手袋 ALUL(アルール) 手袋 シルク uvカット おやすみ 手触りが良い 紫外線 日焼け防止 手荒い 保湿 夏 ハンド ケア レディース/メンズ,ALUL(アルール),【✿ALUL(アルール）✿】【品質保証・お急ぎ便対応】【ご不明な点やご質問、お気軽にご連絡ください】,yes,106,服＆ファッション小物,2,レディース手袋,,,服＆ファッション小物|レディース|ファッション小物|手袋,https://www.amazon.co.jp/dp/B06W58G97T?psc=1,グレー,,,1580,在庫あり。 在庫状況について,https://images-na.ssl-images-amazon.com/images/I/6107XtTUKvL._AC_UL1000_.jpg|https://images-na.ssl-images-amazon.com/images/I/41yp6qarknL._AC_.jpg|https://images-na.ssl-images-amazon.com/images/I/51LAOVO9RXL._AC_.jpg|https://images-na.ssl-images-amazon.com/images/I/41W8fWLd3mL._AC_.jpg|https://images-na.ssl-images-amazon.com/images/I/51EAyOgbQeL._AC_.jpg|https://images-na.ssl-images-amazon.com/images/I/81VnnTVOYZL._AC_UL1500_.jpg|https://images-na.ssl-images-amazon.com/images/I/71Cl6iRxXoL._AC_UL1500_.jpg|https://images-na.ssl-images-amazon.com/images/I/41wUOo-gzoL._AC_.jpg
B07QBGJW8T,B07FXT129Y,(ミュモイ) MIUMOY 靴下 カジュアルソックス(6足セット) 綿,MIUMOY,MIUMOY-JP,yes,108,服＆ファッション小物,3,メンズスポーツソックス,1,レディースソックス,服＆ファッション小物|メンズ|靴下・タイツ|スポーツソックス,https://www.amazon.co.jp/dp/B07QBGJW8T?psc=1,グレー,Lサイズ,,1480,在庫あり。 在庫状況について,https://images-na.ssl-images-amazon.com/images/I/81um2qy2vAL._AC_UL1500_.jpg|https://images-na.ssl-images-amazon.com/images/I/81m3L4EUyUL._AC_UL1500_.jpg|https://images-na.ssl-images-amazon.com/images/I/81t0awiMqgL._AC_UL1500_.jpg|https://images-na.ssl-images-amazon.com/images/I/81b7YdlbtrL._AC_UL1500_.jpg|https://images-na.ssl-images-amazon.com/images/I/81RKRpaMViL._AC_UL1500_.jpg
B082ZGN1DZ,B082ZGPP3P,【Juale】 ナイトブラ バストアップ ブラジャー 寝ながら 育乳ブラ,Juale(ジュアル),performanceup,yes,109,服＆ファッション小物,4,レディースブラジャー,,,服＆ファッション小物|レディース|インナーウェア・ルームウェア|インナーウェア|ブラジャー,https://www.amazon.co.jp/dp/B082ZGN1DZ?psc=1,,M,,1390,在庫あり。 在庫状況について,https://images-na.ssl-images-amazon.com/images/I/61%2BVqndz2LL._AC_UL1309_.jpg|https://images-na.ssl-images-amazon.com/images/I/718c7WWuuUL._AC_UL1500_.jpg|https://images-na.ssl-images-amazon.com/images/I/61mJ9HjcfWL._AC_UL1500_.jpg|https://images-na.ssl-images-amazon.com/images/I/61Ydi60JwRL._AC_UL1500_.jpg|https://images-na.ssl-images-amazon.com/images/I/71gsX6k2iEL._AC_UL1500_.jpg|https://images-na.ssl-images-amazon.com/images/I/71Rk5VGYp1L._AC_UL1300_.jpg|https://images-na.ssl-images-amazon.com/images/I/71Jq3Do4MfL._AC_UL1500_.jpg
B01IQXSZD6,B01IQXORPG,[セシール] ソックス はき口ゆったり仕様 5足組 しっかり素材 ずり落ちにくい SP-38 レディース,cecile(セシール),Amazon,no,114,服＆ファッション小物,2,レディースソックス,,,服＆ファッション小物|レディース|靴下・ストッキング|ソックス,https://www.amazon.co.jp/dp/B01IQXSZD6?psc=1,A,日本 22-25-(FREE サイズ),,1419,在庫あり。 在庫状況について,https://images-na.ssl-images-amazon.com/images/I/91WwvFO8xBL._AC_UL1500_.jpg|https://images-na.ssl-images-amazon.com/images/I/71wLIIKc8eL._AC_UL1500_.jpg
B06XBRC985,B07CMFTLDP,[アンドイット] and it_ フェイクレイヤードくしゅくしゅシャーリングカットソー M L LL 3L 4L サイズ,and it_(アンドイット),and it_(アンドイット),yes,116,服＆ファッション小物,3,レディースTシャツ･カットソー,,,服＆ファッション小物|レディース|トップス|Tシャツ・カットソー,https://www.amazon.co.jp/dp/B06XBRC985?psc=1,Ecru,M,,999,在庫あり。 在庫状況について,https://images-na.ssl-images-amazon.com/images/I/61ZqHAa71GL._AC_UL1500_.jpg|https://images-na.ssl-images-amazon.com/images/I/71t1HHkZnyL._AC_UL1209_.jpg|https://images-na.ssl-images-amazon.com/images/I/61MEiyKWciL._AC_UL1200_.jpg|https://images-na.ssl-images-amazon.com/images/I/61sj02dErRL._AC_UL1054_.jpg|https://images-na.ssl-images-amazon.com/images/I/61com6QgEkL._AC_UL1287_.jpg|https://images-na.ssl-images-amazon.com/images/I/71IPdfc6X0L._AC_UL1500_.jpg|https://images-na.ssl-images-amazon.com/images/I/61e3K4c8k%2BL._AC_UL1500_.jpg|https://images-na.ssl-images-amazon.com/images/I/61CdLZ8x5ZL._AC_UL1162_.jpg|https://images-na.ssl-images-amazon.com/images/I/71GfvIpAV8L._AC_UL1244_.jpg
B0053WMWPQ,,イサム商会 玉川晒 10M,イサム商会,,no,61,ベビー＆マタニティ,1,腹帯・マタニティガードル,,,ベビー＆マタニティ|マタニティ|マタニティ下着|腹帯・マタニティガードル,https://www.amazon.co.jp/dp/B0053WMWPQ?psc=1,,,,3999,出品者からお求めいただけます。 在庫状況について,https://images-na.ssl-images-amazon.com/images/I/61rVan7%2BIhL._AC_SL1500_.jpg|https://images-na.ssl-images-amazon.com/images/I/81i7ocILR8L._AC_SL1280_.jpg|https://images-na.ssl-images-amazon.com/images/I/61RPUy4IR2L._AC_SL1280_.jpg
B06XG2NRBV,B01JOF34X6,（アーバン ココ）[Urban CoCo]レデース フレア Aライン ミニスカート ハイウェスト 無地 美脚,Urban CoCo(アーバン ココ),Bingo E-Commerce,yes,124,服＆ファッション小物,1,レディーススカート,,,服＆ファッション小物|レディース|スカート,https://www.amazon.co.jp/dp/B06XG2NRBV?psc=1,ブルー,XS,,980,残り1点 ご注文はお早めに 在庫状況について,https://images-na.ssl-images-amazon.com/images/I/71hay7pFKvL._AC_UL1244_.jpg|https://images-na.ssl-images-amazon.com/images/I/71Bhp0hAFIL._AC_UL1206_.jpg|https://images-na.ssl-images-amazon.com/images/I/71PpE8x739L._AC_UL1284_.jpg|https://images-na.ssl-images-amazon.com/images/I/41Xq0zr3pKL._AC_.jpg
B07XXSRDWR,B084JV254B,【Juale】 ナイトブラ バストアップ ブラジャー ノンワイヤー 寝ながら 育乳ブラ,Juale(ジュアル),performanceup,yes,126,服＆ファッション小物,5,レディースブラジャー,,,服＆ファッション小物|レディース|インナーウェア・ルームウェア|インナーウェア|ブラジャー,https://www.amazon.co.jp/dp/B07XXSRDWR?psc=1,,M,,990,在庫あり。 在庫状況について,https://images-na.ssl-images-amazon.com/images/I/61gNAZXHmlL._AC_UL1308_.jpg|https://images-na.ssl-images-amazon.com/images/I/71qZLhkAOXL._AC_UL1500_.jpg|https://images-na.ssl-images-amazon.com/images/I/71n6DlDhMKL._AC_UL1500_.jpg|https://images-na.ssl-images-amazon.com/images/I/71KquZ2HX7L._AC_UL1500_.jpg|https://images-na.ssl-images-amazon.com/images/I/71Oh0YGIXXL._AC_UL1500_.jpg|https://images-na.ssl-images-amazon.com/images/I/71izirEnbsL._AC_UL1500_.jpg|https://images-na.ssl-images-amazon.com/images/I/61wh-g88yXL._AC_UL1500_.jpg
B076BTQ6RG,B076BVTKK2,[グンゼ] ノンワイヤーブラジャー キレイラボ・完全無縫製・綿混 ハーフトップ KL2055 レディース,GUNZE(グンゼ),Amazon,no,127,服＆ファッション小物,6,レディースブラジャー,,,服＆ファッション小物|レディース|インナーウェア・ルームウェア|インナーウェア|ブラジャー,https://www.amazon.co.jp/dp/B076BTQ6RG?psc=1,ブラック,日本 M (日本サイズM相当),,1899,在庫あり。 在庫状況について,https://images-na.ssl-images-amazon.com/images/I/81ih0P-F9NL._AC_UL1500_.jpg|https://images-na.ssl-images-amazon.com/images/I/71qLIb%2B4EWL._AC_UL1500_.jpg|https://images-na.ssl-images-amazon.com/images/I/51-Fyc2zXCL._AC_UL1000_.jpg|https://images-na.ssl-images-amazon.com/images/I/51PFbyffFlL._AC_UL1000_.jpg|https://images-na.ssl-images-amazon.com/images/I/61jOTjw3uZL._AC_UL1000_.jpg
B06Y44YY2M,B085XVKJ8J,[サムシング] SOMETHING サムシング 自転車 リュック対応 バイザーシステム搭載 軽量 レインコート ウィズレインハイポンチョPlus レディース,SOMETHING(サムシング),Amazon,no,130,服＆ファッション小物,3,レディースレインコート・ポンチョ,,,服＆ファッション小物|レディース|レインウェア|レインコート・ポンチョ,https://www.amazon.co.jp/dp/B06Y44YY2M?psc=1,ギンガム,Free Size,SOMETHING サムシング 自転車 リュック対応 バイザーシステム搭載 軽量 レインコート,3960,在庫あり。 在庫状況について,https://images-na.ssl-images-amazon.com/images/I/81pAa3nyugL._AC_UL1500_.jpg|https://images-na.ssl-images-amazon.com/images/I/81A16ZopXIL._AC_UL1500_.jpg|https://images-na.ssl-images-amazon.com/images/I/913XeyNqh9L._AC_UL1500_.jpg|https://images-na.ssl-images-amazon.com/images/I/51UbXGYNniL._AC_UL1001_.jpg|https://images-na.ssl-images-amazon.com/images/I/51lt0-7090L._AC_UL1001_.jpg|https://images-na.ssl-images-amazon.com/images/I/61ZsNiqIn3L._AC_UL1001_.jpg|https://images-na.ssl-images-amazon.com/images/I/81EOp0eQMCL._AC_UL1500_.jpg
B06XKN7WS7,B0811LGT9P,VICHERIA ショーツ レディース ハイウェスト 純綿 高通気性と伸縮性 女性 美形ショーツ 深ばき お腹まで包む 産後 骨盤 矯正 補正下着【5枚セット/3枚セット】,VICHERIA,VICHERIA,yes,138,服＆ファッション小物,1,レディースハイウエストショーツ,,,服＆ファッション小物|レディース|インナーウェア・ルームウェア|インナーウェア|ショーツ|ハイウエスト,https://www.amazon.co.jp/dp/B06XKN7WS7?psc=1,エビの色【3枚セット】,M,,1680,在庫あり。 在庫状況について,https://images-na.ssl-images-amazon.com/images/I/81bw5FqsKdL._AC_UL1500_.jpg|https://images-na.ssl-images-amazon.com/images/I/51KgmtAJy2L._AC_UL1200_.jpg|https://images-na.ssl-images-amazon.com/images/I/61BMrBT9RsL._AC_UL1200_.jpg|https://images-na.ssl-images-amazon.com/images/I/71kklxkmBjL._AC_UL1200_.jpg|https://images-na.ssl-images-amazon.com/images/I/71YnApjQEcL._AC_UL1500_.jpg|https://images-na.ssl-images-amazon.com/images/I/71C6qwDIRPL._AC_UL1500_.jpg|https://images-na.ssl-images-amazon.com/images/I/71fECj%2BjVVL._AC_UL1500_.jpg
B0794W9JBQ,B0794WZDX9,ブラジャー＆ショーツ 5セット入り 下着福袋,Pancute,nicoインナーショップ,no,142,服＆ファッション小物,2,レディースインナーセット,,,服＆ファッション小物|レディース|インナーウェア・ルームウェア|インナーウェア|セット,https://www.amazon.co.jp/dp/B0794W9JBQ?psc=1,,A70,,3999,在庫あり。 在庫状況について,https://images-na.ssl-images-amazon.com/images/I/71aENjFdWhL._AC_UL1000_.jpg|https://images-na.ssl-images-amazon.com/images/I/71I%2B09Cx1RL._AC_UL1000_.jpg|https://images-na.ssl-images-amazon.com/images/I/71QrKmsPvNL._AC_UL1000_.jpg|https://images-na.ssl-images-amazon.com/images/I/71a6fGA32jL._AC_UL1000_.jpg|https://images-na.ssl-images-amazon.com/images/I/71iaUFMu37L._AC_UL1000_.jpg|https://images-na.ssl-images-amazon.com/images/I/719DK-NRp0L._AC_UL1000_.jpg|https://images-na.ssl-images-amazon.com/images/I/71wZH96v6ZL._AC_UL1000_.jpg|https://images-na.ssl-images-amazon.com/images/I/71s8VS1-49L._AC_UL1000_.jpg
B01KL7ZOMA,B01KL7SV5W,[グンゼ] インナー Tuche トゥシェ INTIMATE 着るコスメ 綿100% 8分袖 TC4046 レディース,GUNZE(グンゼ),Amazon,no,143,服＆ファッション小物,1,レディースインナーシャツ,,,服＆ファッション小物|レディース|インナーウェア・ルームウェア|インナーウェア|インナーシャツ,https://www.amazon.co.jp/dp/B01KL7ZOMA?psc=1,ブラック,日本L (日本サイズL相当),,1141,在庫あり。 在庫状況について,https://images-na.ssl-images-amazon.com/images/I/81CBVXJ9RsL._AC_UL1500_.jpg|https://images-na.ssl-images-amazon.com/images/I/81uxI%2Bq1RjL._AC_UL1500_.jpg|https://images-na.ssl-images-amazon.com/images/I/51WwD7Yus5L._AC_UL1000_.jpg|https://images-na.ssl-images-amazon.com/images/I/617-lvJiM3L._AC_UL1500_.jpg|https://images-na.ssl-images-amazon.com/images/I/819Y9%2BvsrDL._AC_UL1500_.jpg|https://images-na.ssl-images-amazon.com/images/I/81GEWxpAsSL._AC_UL1500_.jpg
B07VD4TVD2,B086DRB89J,Cisico 男女兼用自転車バイク 長いポンチョ レインコート サイクルレインコート レインポンチョ 厚手生地 防水 通勤 通学 大きい二重ツバ 収納袋付き フリーサイズ4XL（145 * 120 * 140 * 15cm）,caffmo,Uniphone,yes,147,服＆ファッション小物,4,レディースレインコート・ポンチョ,,,服＆ファッション小物|レディース|レインウェア|レインコート・ポンチョ,https://www.amazon.co.jp/dp/B07VD4TVD2?psc=1,ピンク,,,1550,在庫あり。 在庫状況について,https://images-na.ssl-images-amazon.com/images/I/61QZ8uYy6TL._AC_SL1000_.jpg|https://images-na.ssl-images-amazon.com/images/I/61YPP957L6L._AC_SL1000_.jpg|https://images-na.ssl-images-amazon.com/images/I/61rG6US2KbL._AC_SL1188_.jpg|https://images-na.ssl-images-amazon.com/images/I/61kNSVTVGoL._AC_SL1200_.jpg|https://images-na.ssl-images-amazon.com/images/I/51XJHYW9u5L._AC_.jpg|https://images-na.ssl-images-amazon.com/images/I/61aRBc4K-4L._AC_SL1000_.jpg|https://images-na.ssl-images-amazon.com/images/I/61VEZ2UDAgL._AC_SL1000_.jpg|https://images-na.ssl-images-amazon.com/images/I/61PPahAIqjL._AC_SL1000_.jpg|https://images-na.ssl-images-amazon.com/images/I/81sKISGXuTL._AC_SL1500_.jpg
B07ZB6VQ37,B07ZB7TGNJ,Ansen シルクナイトキャップ 渡辺直美 シルク ナイトキャップ ロングヘア ヘアキャップ リボン 天然シルク100% 1/4周ゴム 枝毛防止 保湿美髪 ピンク,Ansen,Ansen Japan,yes,156,服＆ファッション小物,1,レディースヘアバンド・ターバン,,,服＆ファッション小物|レディース|ファッション小物|帽子|ヘアバンド・ターバン,https://www.amazon.co.jp/dp/B07ZB6VQ37?psc=1,ピンク,,,1999,在庫あり。 在庫状況について,https://images-na.ssl-images-amazon.com/images/I/51MBgZQTKHL._AC_SL1001_.jpg|https://images-na.ssl-images-amazon.com/images/I/61uDmXEjP9L._AC_SL1000_.jpg|https://images-na.ssl-images-amazon.com/images/I/51KM-%2BkltRL._AC_SL1000_.jpg|https://images-na.ssl-images-amazon.com/images/I/61D4BDTxPxL._AC_SL1000_.jpg|https://images-na.ssl-images-amazon.com/images/I/615dcyd14FL._AC_SL1000_.jpg|https://images-na.ssl-images-amazon.com/images/I/516pANAtiTL._AC_SL1000_.jpg|https://images-na.ssl-images-amazon.com/images/I/610vk2WObVL._AC_SL1500_.jpg
B071XWVJT5,B076BT8KWY,[グンゼ] ショーツ キレイラボ・完全無縫製・綿混 KL2070 レディース,GUNZE(グンゼ),Amazon,no,158,服＆ファッション小物,1,レディースレギュラーショーツ,,,服＆ファッション小物|レディース|インナーウェア・ルームウェア|インナーウェア|ショーツ|レギュラーショーツ,https://www.amazon.co.jp/dp/B071XWVJT5?psc=1,ブラック,M,,1054,在庫あり。 在庫状況について,https://images-na.ssl-images-amazon.com/images/I/81Gn%2B9Pag-L._AC_UL1500_.jpg|https://images-na.ssl-images-amazon.com/images/I/81g1cYrXr6L._AC_UL1500_.jpg|https://images-na.ssl-images-amazon.com/images/I/51AjoK4nKIL._AC_UL1000_.jpg|https://images-na.ssl-images-amazon.com/images/I/51n8KZGvJaL._AC_UL1000_.jpg|https://images-na.ssl-images-amazon.com/images/I/61eh27lGYoL._AC_UL1500_.jpg|https://images-na.ssl-images-amazon.com/images/I/61V9xcrDbtL._AC_UL1000_.jpg
B07T328CTJ,B07T325GGQ,ずれにくい盛れるストラップレスブラ Aquiverゆうパケットストラップレス ブラジャードレスブラ ノンワイヤーブラ,Aquiver,MyAquiver,yes,164,服＆ファッション小物,7,レディースブラジャー,,,服＆ファッション小物|レディース|インナーウェア・ルームウェア|インナーウェア|ブラジャー,https://www.amazon.co.jp/dp/B07T328CTJ?psc=1,ピンク,32/70AB,,1560,在庫あり。 在庫状況について,https://images-na.ssl-images-amazon.com/images/I/61RUFlUhesL._AC_UL1000_.jpg|https://images-na.ssl-images-amazon.com/images/I/61QlJSM46ZL._AC_UL1000_.jpg|https://images-na.ssl-images-amazon.com/images/I/61fhXo9DTgL._AC_UL1000_.jpg|https://images-na.ssl-images-amazon.com/images/I/51nD9Qi6diL._AC_UL1000_.jpg|https://images-na.ssl-images-amazon.com/images/I/618ZDTNCPVL._AC_UL1319_.jpg|https://images-na.ssl-images-amazon.com/images/I/51Hpm4N%2BZQL._AC_UL1000_.jpg|https://images-na.ssl-images-amazon.com/images/I/71-niybfHvL._AC_UL1435_.jpg
B07YH9ZQCH,B07YHKC3Y5,"クリームシルク ナイトキャップ シルク100％ ロングヘア対応 コーム付き (アイボリー, M)",Omahit,Omahit,yes,165,服＆ファッション小物,2,レディースヘアバンド・ターバン,,,服＆ファッション小物|レディース|ファッション小物|帽子|ヘアバンド・ターバン,https://www.amazon.co.jp/dp/B07YH9ZQCH?psc=1,アイボリー,Medium,,2780,在庫あり。 在庫状況について,https://images-na.ssl-images-amazon.com/images/I/71a5pQn4k3L._AC_SL1500_.jpg|https://images-na.ssl-images-amazon.com/images/I/71PJViN9MlL._AC_SL1500_.jpg|https://images-na.ssl-images-amazon.com/images/I/71aMhHaPN4L._AC_SL1500_.jpg|https://images-na.ssl-images-amazon.com/images/I/81ObUmPFlxL._AC_SL1500_.jpg|https://images-na.ssl-images-amazon.com/images/I/7107dmaV2PL._AC_SL1500_.jpg|https://images-na.ssl-images-amazon.com/images/I/714cd2%2B%2BF2L._AC_SL1500_.jpg|https://images-na.ssl-images-amazon.com/images/I/71sR3dTD08L._AC_SL1500_.jpg
B07QTGSL2G,B07GDJ77BS,ROSE HALCYON パジャマ レディース ルームウェア 寝巻き ルームワンピース 部屋着 サテン 7点セット 可愛い 長袖 パンツ ズボン キャミソール 秋 春 夏,Rose Halcyon,ROSE HALCYON LTD.,yes,167,服＆ファッション小物,2,レディースパジャマ・ルームウェアセット,,,服＆ファッション小物|レディース|インナーウェア・ルームウェア|パジャマ・ルームウェア|パジャマ・ルームウェアセット,https://www.amazon.co.jp/dp/B07QTGSL2G?psc=1,ピンクイチゴ(綿),S,,4980,在庫あり。 在庫状況について,https://images-na.ssl-images-amazon.com/images/I/51QbAWt-vtL._AC_UL1001_.jpg|https://images-na.ssl-images-amazon.com/images/I/71tJrwVEmML._AC_UL1001_.jpg|https://images-na.ssl-images-amazon.com/images/I/71lPdtgoewL._AC_UL1001_.jpg|https://images-na.ssl-images-amazon.com/images/I/51YDeFglOrL._AC_UL1001_.jpg|https://images-na.ssl-images-amazon.com/images/I/61gMP6cZIrL._AC_UL1092_.jpg|https://images-na.ssl-images-amazon.com/images/I/512tV%2Bfr8rL._AC_.jpg|https://images-na.ssl-images-amazon.com/images/I/6148XaJE3IL._AC_UL1001_.jpg|https://images-na.ssl-images-amazon.com/images/I/61DdXwKT0uL._AC_UL1001_.jpg|https://images-na.ssl-images-amazon.com/images/I/510Gk8YQfqL._AC_UL1001_.jpg
B07SB5TYTH,,グラマラスパッツ M-L,グラマラスパッツ,日本メディカルLab,yes,171,服＆ファッション小物,1,レディースレギンス･トレンカ,,,服＆ファッション小物|レディース|靴下・ストッキング|レギンス・スパッツ,https://www.amazon.co.jp/dp/B07SB5TYTH?psc=1,,,,6000,在庫あり。 在庫状況について,https://images-na.ssl-images-amazon.com/images/I/41CX0-qj2CL._AC_UL1000_.jpg|https://images-na.ssl-images-amazon.com/images/I/41PIixlaaIL._AC_.jpg
B078N352NB,B078MY287J,ベルト レディース メンズ ゴムベルト 男女兼用 ノーバックルベルト 裏技ベルト フリーサイズ おしゃれ カジュアル トイレ楽々 大きいサイズ（ジャスグッド）JASGOOD （ブラック),JASGOOD(ジャスグッド),MyJasgood(ジャスグッドベルト専門店☆顧客満足度100%目指して30日間の返品返金保証付き）,yes,173,服＆ファッション小物,1,レディースベルト,,,服＆ファッション小物|レディース|ファッション小物|ベルト,https://www.amazon.co.jp/dp/B078N352NB?psc=1,01 ブラック＋ゴールドボタン,M,,1100,在庫あり。 在庫状況について,https://images-na.ssl-images-amazon.com/images/I/71FwPbDFPlL._AC_UL1102_.jpg|https://images-na.ssl-images-amazon.com/images/I/81w6lOa8L8L._AC_UL1500_.jpg|https://images-na.ssl-images-amazon.com/images/I/817HZ3qHKcL._AC_UL1500_.jpg|https://images-na.ssl-images-amazon.com/images/I/712XCBOsekL._AC_UL1500_.jpg|https://images-na.ssl-images-amazon.com/images/I/71qlL2-tewL._AC_UL1500_.jpg|https://images-na.ssl-images-amazon.com/images/I/713zyBJsJKL._AC_UL1500_.jpg
B07452QML7,B01J1GH880,Burvogue女子24スチール骨を 2 鋼板 抜かアンダーバストコルセットウエスト ニッパーボディシェイパー,Burvogue,burvogue,yes,175,服＆ファッション小物,2,コルセット・ウエストニッパー,,,服＆ファッション小物|レディース|インナーウェア・ルームウェア,https://www.amazon.co.jp/dp/B07452QML7?psc=1,ホワイト,XXS,,2990,残り5点 ご注文はお早めに 在庫状況について,https://images-na.ssl-images-amazon.com/images/I/6172XnMAHTL._AC_UL1200_.jpg|https://images-na.ssl-images-amazon.com/images/I/61RX0PgwngL._AC_UL1001_.jpg|https://images-na.ssl-images-amazon.com/images/I/61FOImcIrXL._AC_UL1001_.jpg|https://images-na.ssl-images-amazon.com/images/I/61HwXz37kPL._AC_UL1001_.jpg|https://images-na.ssl-images-amazon.com/images/I/61cB7Vuc7fL._AC_UL1001_.jpg|https://images-na.ssl-images-amazon.com/images/I/71fgQKR3hmL._AC_UL1445_.jpg|https://images-na.ssl-images-amazon.com/images/I/619N7cSnAoL._AC_UL1001_.jpg
B07NGPR37P,B07GP235T4,神戸レタス KOBE LETTUCE 進化形ストレッチフィットスキニーデニムパンツ レディース [M1700],KOBE LETTUCE(コウベレタス),KOBELETTUCE,yes,176,服＆ファッション小物,1,レディースロングパンツ,1,レディースジーンズ,服＆ファッション小物|レディース|パンツ|ジーンズ,https://www.amazon.co.jp/dp/B07NGPR37P?psc=1,アンクル丈 ライトブルー,2XS,,1998,残り4点 ご注文はお早めに 在庫状況について,https://images-na.ssl-images-amazon.com/images/I/61lZLbfz05L._AC_UL1500_.jpg|https://images-na.ssl-images-amazon.com/images/I/519fIYy82ML._AC_.jpg|https://images-na.ssl-images-amazon.com/images/I/51fJYIE02xL._AC_.jpg|https://images-na.ssl-images-amazon.com/images/I/51xN4uBn9rL._AC_.jpg|https://images-na.ssl-images-amazon.com/images/I/51%2BMQ6bUwNL._AC_.jpg|https://images-na.ssl-images-amazon.com/images/I/51cmc53%2BdjL._AC_.jpg|https://images-na.ssl-images-amazon.com/images/I/51gQTlRMxsL._AC_.jpg|https://images-na.ssl-images-amazon.com/images/I/61GViI7SJWL._AC_UL1040_.jpg|https://images-na.ssl-images-amazon.com/images/I/61KUaMeniOL._AC_UL1020_.jpg
