item>>brand,item>>categories,item>>color,item>>currency,item>>description,item>>gender,item>>image,item>>instock,item>>price,item>>rating,item>>reviews,item>>seller,item>>size,item>>sku,item>>title,item>>url
ASOS DESIGN,"Women, Dresses, Party Dresses",Navy,GBP,Dress by ASOS DESIGN Invitation: accepted One-shoulder design High split Drape back Slim fit,Women,https://images.asos-media.com/products/asos-design-one-shoulder-midaxi-dress-in-satin-with-drape-back-in-navy/14943915-1-navy?$n_1280w$,yes,50.0,3.3,260,,UK 4,9846734,ASOS DESIGN one shoulder midaxi dress in satin with drape back in navy,https://www.asos.com/asos-design/asos-design-one-shoulder-midaxi-dress-in-satin-with-drape-back-in-navy/prd/14943915
ASOS DESIGN,"Women, Dresses, Party Dresses",Navy,GBP,Dress by ASOS DESIGN Invitation: accepted One-shoulder design High split Drape back Slim fit,Women,https://images.asos-media.com/products/asos-design-one-shoulder-midaxi-dress-in-satin-with-drape-back-in-navy/14943915-1-navy?$n_1280w$,yes,50.0,3.3,260,,UK 6,9846735,ASOS DESIGN one shoulder midaxi dress in satin with drape back in navy,https://www.asos.com/asos-design/asos-design-one-shoulder-midaxi-dress-in-satin-with-drape-back-in-navy/prd/14943915
ASOS DESIGN,"Women, Dresses, Party Dresses",Navy,GBP,Dress by ASOS DESIGN Invitation: accepted One-shoulder design High split Drape back Slim fit,Women,https://images.asos-media.com/products/asos-design-one-shoulder-midaxi-dress-in-satin-with-drape-back-in-navy/14943915-1-navy?$n_1280w$,yes,50.0,3.3,260,,UK 8,9846736,ASOS DESIGN one shoulder midaxi dress in satin with drape back in navy,https://www.asos.com/asos-design/asos-design-one-shoulder-midaxi-dress-in-satin-with-drape-back-in-navy/prd/14943915
ASOS DESIGN,"Women, Dresses, Party Dresses",Navy,GBP,Dress by ASOS DESIGN Invitation: accepted One-shoulder design High split Drape back Slim fit,Women,https://images.asos-media.com/products/asos-design-one-shoulder-midaxi-dress-in-satin-with-drape-back-in-navy/14943915-1-navy?$n_1280w$,yes,50.0,3.3,260,,UK 10,9846737,ASOS DESIGN one shoulder midaxi dress in satin with drape back in navy,https://www.asos.com/asos-design/asos-design-one-shoulder-midaxi-dress-in-satin-with-drape-back-in-navy/prd/14943915
ASOS DESIGN,"Women, Dresses, Party Dresses",Navy,GBP,Dress by ASOS DESIGN Invitation: accepted One-shoulder design High split Drape back Slim fit,Women,https://images.asos-media.com/products/asos-design-one-shoulder-midaxi-dress-in-satin-with-drape-back-in-navy/14943915-1-navy?$n_1280w$,yes,50.0,3.3,260,,UK 12,9846738,ASOS DESIGN one shoulder midaxi dress in satin with drape back in navy,https://www.asos.com/asos-design/asos-design-one-shoulder-midaxi-dress-in-satin-with-drape-back-in-navy/prd/14943915
ASOS DESIGN,"Women, Dresses, Party Dresses",Navy,GBP,Dress by ASOS DESIGN Invitation: accepted One-shoulder design High split Drape back Slim fit,Women,https://images.asos-media.com/products/asos-design-one-shoulder-midaxi-dress-in-satin-with-drape-back-in-navy/14943915-1-navy?$n_1280w$,yes,50.0,3.3,260,,UK 14,9846740,ASOS DESIGN one shoulder midaxi dress in satin with drape back in navy,https://www.asos.com/asos-design/asos-design-one-shoulder-midaxi-dress-in-satin-with-drape-back-in-navy/prd/14943915
ASOS DESIGN,"Women, Dresses, Party Dresses",Navy,GBP,Dress by ASOS DESIGN Invitation: accepted One-shoulder design High split Drape back Slim fit,Women,https://images.asos-media.com/products/asos-design-one-shoulder-midaxi-dress-in-satin-with-drape-back-in-navy/14943915-1-navy?$n_1280w$,yes,50.0,3.3,260,,UK 16,9846742,ASOS DESIGN one shoulder midaxi dress in satin with drape back in navy,https://www.asos.com/asos-design/asos-design-one-shoulder-midaxi-dress-in-satin-with-drape-back-in-navy/prd/14943915
ASOS DESIGN,"Women, Dresses, Party Dresses",Navy,GBP,Dress by ASOS DESIGN Invitation: accepted One-shoulder design High split Drape back Slim fit,Women,https://images.asos-media.com/products/asos-design-one-shoulder-midaxi-dress-in-satin-with-drape-back-in-navy/14943915-1-navy?$n_1280w$,yes,50.0,3.3,260,,UK 18,9846744,ASOS DESIGN one shoulder midaxi dress in satin with drape back in navy,https://www.asos.com/asos-design/asos-design-one-shoulder-midaxi-dress-in-satin-with-drape-back-in-navy/prd/14943915
AsYou,"Women, Dresses, Party Dresses",Black,GBP,Mini dress by ASYOU Cue the party playlist Square neck Cami straps Split hem Slim fit Close-fitting cut,Women,https://images.asos-media.com/products/asyou-satin-square-neck-cami-mini-dress-with-split-front-in-black/22206820-1-black?$n_1280w$,yes,15.99,2.8,66,,UK 4,10968817,ASYOU satin square neck cami mini dress with split front in black,https://www.asos.com/asyou/asyou-satin-square-neck-cami-mini-dress-with-split-front-in-black/prd/22206820
AsYou,"Women, Dresses, Party Dresses",Black,GBP,Mini dress by ASYOU Cue the party playlist Square neck Cami straps Split hem Slim fit Close-fitting cut,Women,https://images.asos-media.com/products/asyou-satin-square-neck-cami-mini-dress-with-split-front-in-black/22206820-1-black?$n_1280w$,yes,15.99,2.8,66,,UK 6,10968818,ASYOU satin square neck cami mini dress with split front in black,https://www.asos.com/asyou/asyou-satin-square-neck-cami-mini-dress-with-split-front-in-black/prd/22206820
AsYou,"Women, Dresses, Party Dresses",Black,GBP,Mini dress by ASYOU Cue the party playlist Square neck Cami straps Split hem Slim fit Close-fitting cut,Women,https://images.asos-media.com/products/asyou-satin-square-neck-cami-mini-dress-with-split-front-in-black/22206820-1-black?$n_1280w$,yes,15.99,2.8,66,,UK 8,10968819,ASYOU satin square neck cami mini dress with split front in black,https://www.asos.com/asyou/asyou-satin-square-neck-cami-mini-dress-with-split-front-in-black/prd/22206820
AsYou,"Women, Dresses, Party Dresses",Black,GBP,Mini dress by ASYOU Cue the party playlist Square neck Cami straps Split hem Slim fit Close-fitting cut,Women,https://images.asos-media.com/products/asyou-satin-square-neck-cami-mini-dress-with-split-front-in-black/22206820-1-black?$n_1280w$,yes,15.99,2.8,66,,UK 10,10968820,ASYOU satin square neck cami mini dress with split front in black,https://www.asos.com/asyou/asyou-satin-square-neck-cami-mini-dress-with-split-front-in-black/prd/22206820
AsYou,"Women, Dresses, Party Dresses",Black,GBP,Mini dress by ASYOU Cue the party playlist Square neck Cami straps Split hem Slim fit Close-fitting cut,Women,https://images.asos-media.com/products/asyou-satin-square-neck-cami-mini-dress-with-split-front-in-black/22206820-1-black?$n_1280w$,yes,15.99,2.8,66,,UK 12,10968821,ASYOU satin square neck cami mini dress with split front in black,https://www.asos.com/asyou/asyou-satin-square-neck-cami-mini-dress-with-split-front-in-black/prd/22206820
AsYou,"Women, Dresses, Party Dresses",Black,GBP,Mini dress by ASYOU Cue the party playlist Square neck Cami straps Split hem Slim fit Close-fitting cut,Women,https://images.asos-media.com/products/asyou-satin-square-neck-cami-mini-dress-with-split-front-in-black/22206820-1-black?$n_1280w$,yes,15.99,2.8,66,,UK 14,10968822,ASYOU satin square neck cami mini dress with split front in black,https://www.asos.com/asyou/asyou-satin-square-neck-cami-mini-dress-with-split-front-in-black/prd/22206820
AsYou,"Women, Dresses, Party Dresses",Black,GBP,Mini dress by ASYOU Cue the party playlist Square neck Cami straps Split hem Slim fit Close-fitting cut,Women,https://images.asos-media.com/products/asyou-satin-square-neck-cami-mini-dress-with-split-front-in-black/22206820-1-black?$n_1280w$,yes,15.99,2.8,66,,UK 16,10968823,ASYOU satin square neck cami mini dress with split front in black,https://www.asos.com/asyou/asyou-satin-square-neck-cami-mini-dress-with-split-front-in-black/prd/22206820
AsYou,"Women, Dresses, Party Dresses",Black,GBP,Mini dress by ASYOU Cue the party playlist Square neck Cami straps Split hem Slim fit Close-fitting cut,Women,https://images.asos-media.com/products/asyou-satin-square-neck-cami-mini-dress-with-split-front-in-black/22206820-1-black?$n_1280w$,no,15.99,2.8,66,,UK 18,10968824,ASYOU satin square neck cami mini dress with split front in black,https://www.asos.com/asyou/asyou-satin-square-neck-cami-mini-dress-with-split-front-in-black/prd/22206820
ASOS DESIGN,"Women, Dresses, Party Dresses",Black,GBP,Midi dress by ASOS DESIGN Easily dressed up or down Scoop neck and back Plain design Slim fit Cut close to the body,Women,https://images.asos-media.com/products/asos-design-scoop-neck-midi-satin-slip-dress-in-black/14296625-1-black?$n_1280w$,yes,28.0,4,333,,UK 4,9526687,ASOS DESIGN scoop neck midi satin slip dress in black,https://www.asos.com/asos-design/asos-design-scoop-neck-midi-satin-slip-dress-in-black/prd/14296625
ASOS DESIGN,"Women, Dresses, Party Dresses",Black,GBP,Midi dress by ASOS DESIGN Easily dressed up or down Scoop neck and back Plain design Slim fit Cut close to the body,Women,https://images.asos-media.com/products/asos-design-scoop-neck-midi-satin-slip-dress-in-black/14296625-1-black?$n_1280w$,yes,28.0,4,333,,UK 6,9526688,ASOS DESIGN scoop neck midi satin slip dress in black,https://www.asos.com/asos-design/asos-design-scoop-neck-midi-satin-slip-dress-in-black/prd/14296625
ASOS DESIGN,"Women, Dresses, Party Dresses",Black,GBP,Midi dress by ASOS DESIGN Easily dressed up or down Scoop neck and back Plain design Slim fit Cut close to the body,Women,https://images.asos-media.com/products/asos-design-scoop-neck-midi-satin-slip-dress-in-black/14296625-1-black?$n_1280w$,yes,28.0,4,333,,UK 8,9526689,ASOS DESIGN scoop neck midi satin slip dress in black,https://www.asos.com/asos-design/asos-design-scoop-neck-midi-satin-slip-dress-in-black/prd/14296625
ASOS DESIGN,"Women, Dresses, Party Dresses",Black,GBP,Midi dress by ASOS DESIGN Easily dressed up or down Scoop neck and back Plain design Slim fit Cut close to the body,Women,https://images.asos-media.com/products/asos-design-scoop-neck-midi-satin-slip-dress-in-black/14296625-1-black?$n_1280w$,yes,28.0,4,333,,UK 10,9526690,ASOS DESIGN scoop neck midi satin slip dress in black,https://www.asos.com/asos-design/asos-design-scoop-neck-midi-satin-slip-dress-in-black/prd/14296625
ASOS DESIGN,"Women, Dresses, Party Dresses",Black,GBP,Midi dress by ASOS DESIGN Easily dressed up or down Scoop neck and back Plain design Slim fit Cut close to the body,Women,https://images.asos-media.com/products/asos-design-scoop-neck-midi-satin-slip-dress-in-black/14296625-1-black?$n_1280w$,no,28.0,4,333,,UK 12,9526691,ASOS DESIGN scoop neck midi satin slip dress in black,https://www.asos.com/asos-design/asos-design-scoop-neck-midi-satin-slip-dress-in-black/prd/14296625
ASOS DESIGN,"Women, Dresses, Party Dresses",Black,GBP,Midi dress by ASOS DESIGN Easily dressed up or down Scoop neck and back Plain design Slim fit Cut close to the body,Women,https://images.asos-media.com/products/asos-design-scoop-neck-midi-satin-slip-dress-in-black/14296625-1-black?$n_1280w$,no,28.0,4,333,,UK 14,9526692,ASOS DESIGN scoop neck midi satin slip dress in black,https://www.asos.com/asos-design/asos-design-scoop-neck-midi-satin-slip-dress-in-black/prd/14296625
ASOS DESIGN,"Women, Dresses, Party Dresses",Black,GBP,Midi dress by ASOS DESIGN Easily dressed up or down Scoop neck and back Plain design Slim fit Cut close to the body,Women,https://images.asos-media.com/products/asos-design-scoop-neck-midi-satin-slip-dress-in-black/14296625-1-black?$n_1280w$,no,28.0,4,333,,UK 16,9526693,ASOS DESIGN scoop neck midi satin slip dress in black,https://www.asos.com/asos-design/asos-design-scoop-neck-midi-satin-slip-dress-in-black/prd/14296625
ASOS DESIGN,"Women, Dresses, Party Dresses",Black,GBP,Midi dress by ASOS DESIGN Easily dressed up or down Scoop neck and back Plain design Slim fit Cut close to the body,Women,https://images.asos-media.com/products/asos-design-scoop-neck-midi-satin-slip-dress-in-black/14296625-1-black?$n_1280w$,no,28.0,4,333,,UK 18,9526694,ASOS DESIGN scoop neck midi satin slip dress in black,https://www.asos.com/asos-design/asos-design-scoop-neck-midi-satin-slip-dress-in-black/prd/14296625
In The Style,"Women, Dresses, Party Dresses",PINK FLORAL,GBP,Dresses by In The Style Collaboration with Billie Faiers Square neck Flared sleeves Elasticated waist and cuffs Regular fit,Women,https://images.asos-media.com/products/in-the-style-x-billie-faiers-bardot-volume-sleeve-mini-ruffle-dress-in-pink-floral/203397591-1-pinkfloral?$n_1280w$,yes,40.0,,,,UK 6,121100506,In The Style x Billie Faiers bardot volume sleeve mini ruffle dress in pink floral,https://www.asos.com/in-the-style/in-the-style-x-billie-faiers-bardot-volume-sleeve-mini-ruffle-dress-in-pink-floral/prd/203397591
In The Style,"Women, Dresses, Party Dresses",PINK FLORAL,GBP,Dresses by In The Style Collaboration with Billie Faiers Square neck Flared sleeves Elasticated waist and cuffs Regular fit,Women,https://images.asos-media.com/products/in-the-style-x-billie-faiers-bardot-volume-sleeve-mini-ruffle-dress-in-pink-floral/203397591-1-pinkfloral?$n_1280w$,yes,40.0,,,,UK 8,121100507,In The Style x Billie Faiers bardot volume sleeve mini ruffle dress in pink floral,https://www.asos.com/in-the-style/in-the-style-x-billie-faiers-bardot-volume-sleeve-mini-ruffle-dress-in-pink-floral/prd/203397591
In The Style,"Women, Dresses, Party Dresses",PINK FLORAL,GBP,Dresses by In The Style Collaboration with Billie Faiers Square neck Flared sleeves Elasticated waist and cuffs Regular fit,Women,https://images.asos-media.com/products/in-the-style-x-billie-faiers-bardot-volume-sleeve-mini-ruffle-dress-in-pink-floral/203397591-1-pinkfloral?$n_1280w$,yes,40.0,,,,UK 10,121100508,In The Style x Billie Faiers bardot volume sleeve mini ruffle dress in pink floral,https://www.asos.com/in-the-style/in-the-style-x-billie-faiers-bardot-volume-sleeve-mini-ruffle-dress-in-pink-floral/prd/203397591
In The Style,"Women, Dresses, Party Dresses",PINK FLORAL,GBP,Dresses by In The Style Collaboration with Billie Faiers Square neck Flared sleeves Elasticated waist and cuffs Regular fit,Women,https://images.asos-media.com/products/in-the-style-x-billie-faiers-bardot-volume-sleeve-mini-ruffle-dress-in-pink-floral/203397591-1-pinkfloral?$n_1280w$,no,40.0,,,,UK 12,121100509,In The Style x Billie Faiers bardot volume sleeve mini ruffle dress in pink floral,https://www.asos.com/in-the-style/in-the-style-x-billie-faiers-bardot-volume-sleeve-mini-ruffle-dress-in-pink-floral/prd/203397591
In The Style,"Women, Dresses, Party Dresses",PINK FLORAL,GBP,Dresses by In The Style Collaboration with Billie Faiers Square neck Flared sleeves Elasticated waist and cuffs Regular fit,Women,https://images.asos-media.com/products/in-the-style-x-billie-faiers-bardot-volume-sleeve-mini-ruffle-dress-in-pink-floral/203397591-1-pinkfloral?$n_1280w$,no,40.0,,,,UK 14,121100510,In The Style x Billie Faiers bardot volume sleeve mini ruffle dress in pink floral,https://www.asos.com/in-the-style/in-the-style-x-billie-faiers-bardot-volume-sleeve-mini-ruffle-dress-in-pink-floral/prd/203397591
In The Style,"Women, Dresses, Party Dresses",PINK FLORAL,GBP,Dresses by In The Style Collaboration with Billie Faiers Square neck Flared sleeves Elasticated waist and cuffs Regular fit,Women,https://images.asos-media.com/products/in-the-style-x-billie-faiers-bardot-volume-sleeve-mini-ruffle-dress-in-pink-floral/203397591-1-pinkfloral?$n_1280w$,yes,40.0,,,,UK 16,121100511,In The Style x Billie Faiers bardot volume sleeve mini ruffle dress in pink floral,https://www.asos.com/in-the-style/in-the-style-x-billie-faiers-bardot-volume-sleeve-mini-ruffle-dress-in-pink-floral/prd/203397591
ASOS DESIGN,"Women, Dresses, Party Dresses",Pale khaki,GBP,Mini dress by ASOS DESIGN Cue the party playlist Peak lapels Wrap-over design Belted waist Structured shoulders Mini length Regular fit Just select your usual size,Women,https://images.asos-media.com/products/asos-design-collared-wrap-mini-dress-in-khaki/14067209-1-palekhaki?$n_1280w$,yes,38.0,3.6,96,,UK 4,9414846,ASOS DESIGN collared wrap mini dress in khaki,https://www.asos.com/asos-design/asos-design-collared-wrap-mini-dress-in-khaki/prd/14067209
ASOS DESIGN,"Women, Dresses, Party Dresses",Pale khaki,GBP,Mini dress by ASOS DESIGN Cue the party playlist Peak lapels Wrap-over design Belted waist Structured shoulders Mini length Regular fit Just select your usual size,Women,https://images.asos-media.com/products/asos-design-collared-wrap-mini-dress-in-khaki/14067209-1-palekhaki?$n_1280w$,yes,38.0,3.6,96,,UK 6,9414847,ASOS DESIGN collared wrap mini dress in khaki,https://www.asos.com/asos-design/asos-design-collared-wrap-mini-dress-in-khaki/prd/14067209
ASOS DESIGN,"Women, Dresses, Party Dresses",Pale khaki,GBP,Mini dress by ASOS DESIGN Cue the party playlist Peak lapels Wrap-over design Belted waist Structured shoulders Mini length Regular fit Just select your usual size,Women,https://images.asos-media.com/products/asos-design-collared-wrap-mini-dress-in-khaki/14067209-1-palekhaki?$n_1280w$,yes,38.0,3.6,96,,UK 8,9414848,ASOS DESIGN collared wrap mini dress in khaki,https://www.asos.com/asos-design/asos-design-collared-wrap-mini-dress-in-khaki/prd/14067209
ASOS DESIGN,"Women, Dresses, Party Dresses",Pale khaki,GBP,Mini dress by ASOS DESIGN Cue the party playlist Peak lapels Wrap-over design Belted waist Structured shoulders Mini length Regular fit Just select your usual size,Women,https://images.asos-media.com/products/asos-design-collared-wrap-mini-dress-in-khaki/14067209-1-palekhaki?$n_1280w$,yes,38.0,3.6,96,,UK 10,9414849,ASOS DESIGN collared wrap mini dress in khaki,https://www.asos.com/asos-design/asos-design-collared-wrap-mini-dress-in-khaki/prd/14067209
ASOS DESIGN,"Women, Dresses, Party Dresses",Pale khaki,GBP,Mini dress by ASOS DESIGN Cue the party playlist Peak lapels Wrap-over design Belted waist Structured shoulders Mini length Regular fit Just select your usual size,Women,https://images.asos-media.com/products/asos-design-collared-wrap-mini-dress-in-khaki/14067209-1-palekhaki?$n_1280w$,yes,38.0,3.6,96,,UK 12,9414850,ASOS DESIGN collared wrap mini dress in khaki,https://www.asos.com/asos-design/asos-design-collared-wrap-mini-dress-in-khaki/prd/14067209
ASOS DESIGN,"Women, Dresses, Party Dresses",Pale khaki,GBP,Mini dress by ASOS DESIGN Cue the party playlist Peak lapels Wrap-over design Belted waist Structured shoulders Mini length Regular fit Just select your usual size,Women,https://images.asos-media.com/products/asos-design-collared-wrap-mini-dress-in-khaki/14067209-1-palekhaki?$n_1280w$,yes,38.0,3.6,96,,UK 14,9414851,ASOS DESIGN collared wrap mini dress in khaki,https://www.asos.com/asos-design/asos-design-collared-wrap-mini-dress-in-khaki/prd/14067209
ASOS DESIGN,"Women, Dresses, Party Dresses",Pale khaki,GBP,Mini dress by ASOS DESIGN Cue the party playlist Peak lapels Wrap-over design Belted waist Structured shoulders Mini length Regular fit Just select your usual size,Women,https://images.asos-media.com/products/asos-design-collared-wrap-mini-dress-in-khaki/14067209-1-palekhaki?$n_1280w$,yes,38.0,3.6,96,,UK 16,9414852,ASOS DESIGN collared wrap mini dress in khaki,https://www.asos.com/asos-design/asos-design-collared-wrap-mini-dress-in-khaki/prd/14067209
ASOS DESIGN,"Women, Dresses, Party Dresses",Pale khaki,GBP,Mini dress by ASOS DESIGN Cue the party playlist Peak lapels Wrap-over design Belted waist Structured shoulders Mini length Regular fit Just select your usual size,Women,https://images.asos-media.com/products/asos-design-collared-wrap-mini-dress-in-khaki/14067209-1-palekhaki?$n_1280w$,yes,38.0,3.6,96,,UK 18,9414853,ASOS DESIGN collared wrap mini dress in khaki,https://www.asos.com/asos-design/asos-design-collared-wrap-mini-dress-in-khaki/prd/14067209
ASOS DESIGN,"Women, Dresses, Party Dresses",SOFT GREEN,GBP,Mini dress by ASOS DESIGN Love at first scroll V-neck Button placket Regular fit,Women,https://images.asos-media.com/products/asos-design-button-through-ruched-waist-pleated-mini-dress-in-metallic-dobby-in-soft-green/202219275-1-softgreen?$n_1280w$,yes,51.0,3.6,5,,UK 4,116008754,ASOS DESIGN button through ruched waist pleated mini dress in metallic dobby in soft green,https://www.asos.com/asos-design/asos-design-button-through-ruched-waist-pleated-mini-dress-in-metallic-dobby-in-soft-green/prd/202219275
ASOS DESIGN,"Women, Dresses, Party Dresses",SOFT GREEN,GBP,Mini dress by ASOS DESIGN Love at first scroll V-neck Button placket Regular fit,Women,https://images.asos-media.com/products/asos-design-button-through-ruched-waist-pleated-mini-dress-in-metallic-dobby-in-soft-green/202219275-1-softgreen?$n_1280w$,yes,51.0,3.6,5,,UK 6,116008755,ASOS DESIGN button through ruched waist pleated mini dress in metallic dobby in soft green,https://www.asos.com/asos-design/asos-design-button-through-ruched-waist-pleated-mini-dress-in-metallic-dobby-in-soft-green/prd/202219275
ASOS DESIGN,"Women, Dresses, Party Dresses",SOFT GREEN,GBP,Mini dress by ASOS DESIGN Love at first scroll V-neck Button placket Regular fit,Women,https://images.asos-media.com/products/asos-design-button-through-ruched-waist-pleated-mini-dress-in-metallic-dobby-in-soft-green/202219275-1-softgreen?$n_1280w$,yes,51.0,3.6,5,,UK 8,116008756,ASOS DESIGN button through ruched waist pleated mini dress in metallic dobby in soft green,https://www.asos.com/asos-design/asos-design-button-through-ruched-waist-pleated-mini-dress-in-metallic-dobby-in-soft-green/prd/202219275
ASOS DESIGN,"Women, Dresses, Party Dresses",SOFT GREEN,GBP,Mini dress by ASOS DESIGN Love at first scroll V-neck Button placket Regular fit,Women,https://images.asos-media.com/products/asos-design-button-through-ruched-waist-pleated-mini-dress-in-metallic-dobby-in-soft-green/202219275-1-softgreen?$n_1280w$,no,51.0,3.6,5,,UK 10,116008757,ASOS DESIGN button through ruched waist pleated mini dress in metallic dobby in soft green,https://www.asos.com/asos-design/asos-design-button-through-ruched-waist-pleated-mini-dress-in-metallic-dobby-in-soft-green/prd/202219275
ASOS DESIGN,"Women, Dresses, Party Dresses",SOFT GREEN,GBP,Mini dress by ASOS DESIGN Love at first scroll V-neck Button placket Regular fit,Women,https://images.asos-media.com/products/asos-design-button-through-ruched-waist-pleated-mini-dress-in-metallic-dobby-in-soft-green/202219275-1-softgreen?$n_1280w$,yes,51.0,3.6,5,,UK 12,116008758,ASOS DESIGN button through ruched waist pleated mini dress in metallic dobby in soft green,https://www.asos.com/asos-design/asos-design-button-through-ruched-waist-pleated-mini-dress-in-metallic-dobby-in-soft-green/prd/202219275
ASOS DESIGN,"Women, Dresses, Party Dresses",SOFT GREEN,GBP,Mini dress by ASOS DESIGN Love at first scroll V-neck Button placket Regular fit,Women,https://images.asos-media.com/products/asos-design-button-through-ruched-waist-pleated-mini-dress-in-metallic-dobby-in-soft-green/202219275-1-softgreen?$n_1280w$,yes,51.0,3.6,5,,UK 14,116008759,ASOS DESIGN button through ruched waist pleated mini dress in metallic dobby in soft green,https://www.asos.com/asos-design/asos-design-button-through-ruched-waist-pleated-mini-dress-in-metallic-dobby-in-soft-green/prd/202219275
ASOS DESIGN,"Women, Dresses, Party Dresses",SOFT GREEN,GBP,Mini dress by ASOS DESIGN Love at first scroll V-neck Button placket Regular fit,Women,https://images.asos-media.com/products/asos-design-button-through-ruched-waist-pleated-mini-dress-in-metallic-dobby-in-soft-green/202219275-1-softgreen?$n_1280w$,yes,51.0,3.6,5,,UK 16,116008760,ASOS DESIGN button through ruched waist pleated mini dress in metallic dobby in soft green,https://www.asos.com/asos-design/asos-design-button-through-ruched-waist-pleated-mini-dress-in-metallic-dobby-in-soft-green/prd/202219275
ASOS DESIGN,"Women, Dresses, Party Dresses",SOFT GREEN,GBP,Mini dress by ASOS DESIGN Love at first scroll V-neck Button placket Regular fit,Women,https://images.asos-media.com/products/asos-design-button-through-ruched-waist-pleated-mini-dress-in-metallic-dobby-in-soft-green/202219275-1-softgreen?$n_1280w$,no,51.0,3.6,5,,UK 18,116008761,ASOS DESIGN button through ruched waist pleated mini dress in metallic dobby in soft green,https://www.asos.com/asos-design/asos-design-button-through-ruched-waist-pleated-mini-dress-in-metallic-dobby-in-soft-green/prd/202219275
ASOS DESIGN,"Women, Dresses, Party Dresses",Black,GBP,"Dress by ASOS DESIGN If you didn't have plans, now you do Scoop neck Fixed straps Mini cut Scoop back Regular fit True to size",Women,https://images.asos-media.com/products/asos-design-scoop-neck-super-mini-satin-slip-dress-in-black/20910497-1-black?$n_1280w$,yes,26.0,3,105,,UK 4,10319959,ASOS DESIGN scoop neck super mini satin slip dress in black,https://www.asos.com/asos-design/asos-design-scoop-neck-super-mini-satin-slip-dress-in-black/prd/20910497
ASOS DESIGN,"Women, Dresses, Party Dresses",Black,GBP,"Dress by ASOS DESIGN If you didn't have plans, now you do Scoop neck Fixed straps Mini cut Scoop back Regular fit True to size",Women,https://images.asos-media.com/products/asos-design-scoop-neck-super-mini-satin-slip-dress-in-black/20910497-1-black?$n_1280w$,yes,26.0,3,105,,UK 6,10319960,ASOS DESIGN scoop neck super mini satin slip dress in black,https://www.asos.com/asos-design/asos-design-scoop-neck-super-mini-satin-slip-dress-in-black/prd/20910497
ASOS DESIGN,"Women, Dresses, Party Dresses",Black,GBP,"Dress by ASOS DESIGN If you didn't have plans, now you do Scoop neck Fixed straps Mini cut Scoop back Regular fit True to size",Women,https://images.asos-media.com/products/asos-design-scoop-neck-super-mini-satin-slip-dress-in-black/20910497-1-black?$n_1280w$,yes,26.0,3,105,,UK 8,10319961,ASOS DESIGN scoop neck super mini satin slip dress in black,https://www.asos.com/asos-design/asos-design-scoop-neck-super-mini-satin-slip-dress-in-black/prd/20910497
ASOS DESIGN,"Women, Dresses, Party Dresses",Black,GBP,"Dress by ASOS DESIGN If you didn't have plans, now you do Scoop neck Fixed straps Mini cut Scoop back Regular fit True to size",Women,https://images.asos-media.com/products/asos-design-scoop-neck-super-mini-satin-slip-dress-in-black/20910497-1-black?$n_1280w$,yes,26.0,3,105,,UK 10,10319962,ASOS DESIGN scoop neck super mini satin slip dress in black,https://www.asos.com/asos-design/asos-design-scoop-neck-super-mini-satin-slip-dress-in-black/prd/20910497
ASOS DESIGN,"Women, Dresses, Party Dresses",Black,GBP,"Dress by ASOS DESIGN If you didn't have plans, now you do Scoop neck Fixed straps Mini cut Scoop back Regular fit True to size",Women,https://images.asos-media.com/products/asos-design-scoop-neck-super-mini-satin-slip-dress-in-black/20910497-1-black?$n_1280w$,yes,26.0,3,105,,UK 12,10319963,ASOS DESIGN scoop neck super mini satin slip dress in black,https://www.asos.com/asos-design/asos-design-scoop-neck-super-mini-satin-slip-dress-in-black/prd/20910497
ASOS DESIGN,"Women, Dresses, Party Dresses",Black,GBP,"Dress by ASOS DESIGN If you didn't have plans, now you do Scoop neck Fixed straps Mini cut Scoop back Regular fit True to size",Women,https://images.asos-media.com/products/asos-design-scoop-neck-super-mini-satin-slip-dress-in-black/20910497-1-black?$n_1280w$,yes,26.0,3,105,,UK 14,10319964,ASOS DESIGN scoop neck super mini satin slip dress in black,https://www.asos.com/asos-design/asos-design-scoop-neck-super-mini-satin-slip-dress-in-black/prd/20910497
ASOS DESIGN,"Women, Dresses, Party Dresses",Black,GBP,"Dress by ASOS DESIGN If you didn't have plans, now you do Scoop neck Fixed straps Mini cut Scoop back Regular fit True to size",Women,https://images.asos-media.com/products/asos-design-scoop-neck-super-mini-satin-slip-dress-in-black/20910497-1-black?$n_1280w$,yes,26.0,3,105,,UK 16,10319965,ASOS DESIGN scoop neck super mini satin slip dress in black,https://www.asos.com/asos-design/asos-design-scoop-neck-super-mini-satin-slip-dress-in-black/prd/20910497
ASOS DESIGN,"Women, Dresses, Party Dresses",Black,GBP,"Dress by ASOS DESIGN If you didn't have plans, now you do Scoop neck Fixed straps Mini cut Scoop back Regular fit True to size",Women,https://images.asos-media.com/products/asos-design-scoop-neck-super-mini-satin-slip-dress-in-black/20910497-1-black?$n_1280w$,yes,26.0,3,105,,UK 18,10319966,ASOS DESIGN scoop neck super mini satin slip dress in black,https://www.asos.com/asos-design/asos-design-scoop-neck-super-mini-satin-slip-dress-in-black/prd/20910497
ASOS Petite,"Women, Dresses, Party Dresses",BRIGHT FLORAL PRINT,GBP,Petite by ASOS Petite Your new go-to Floral design V-neck Zip-back fastening Regular fit,Women,https://images.asos-media.com/products/asos-design-petite-cut-out-knot-front-midi-dress-in-bright-floral-print/202956897-1-brightfloralprint?$n_1280w$,yes,30.0,2.5,2,,UK 2,119179792,ASOS DESIGN Petite cut out knot front midi dress in bright floral print,https://www.asos.com/asos-petite/asos-design-petite-cut-out-knot-front-midi-dress-in-bright-floral-print/prd/202956897
ASOS Petite,"Women, Dresses, Party Dresses",BRIGHT FLORAL PRINT,GBP,Petite by ASOS Petite Your new go-to Floral design V-neck Zip-back fastening Regular fit,Women,https://images.asos-media.com/products/asos-design-petite-cut-out-knot-front-midi-dress-in-bright-floral-print/202956897-1-brightfloralprint?$n_1280w$,yes,30.0,2.5,2,,UK 4,119179793,ASOS DESIGN Petite cut out knot front midi dress in bright floral print,https://www.asos.com/asos-petite/asos-design-petite-cut-out-knot-front-midi-dress-in-bright-floral-print/prd/202956897
ASOS Petite,"Women, Dresses, Party Dresses",BRIGHT FLORAL PRINT,GBP,Petite by ASOS Petite Your new go-to Floral design V-neck Zip-back fastening Regular fit,Women,https://images.asos-media.com/products/asos-design-petite-cut-out-knot-front-midi-dress-in-bright-floral-print/202956897-1-brightfloralprint?$n_1280w$,yes,30.0,2.5,2,,UK 6,119179794,ASOS DESIGN Petite cut out knot front midi dress in bright floral print,https://www.asos.com/asos-petite/asos-design-petite-cut-out-knot-front-midi-dress-in-bright-floral-print/prd/202956897
ASOS Petite,"Women, Dresses, Party Dresses",BRIGHT FLORAL PRINT,GBP,Petite by ASOS Petite Your new go-to Floral design V-neck Zip-back fastening Regular fit,Women,https://images.asos-media.com/products/asos-design-petite-cut-out-knot-front-midi-dress-in-bright-floral-print/202956897-1-brightfloralprint?$n_1280w$,yes,30.0,2.5,2,,UK 8,119179795,ASOS DESIGN Petite cut out knot front midi dress in bright floral print,https://www.asos.com/asos-petite/asos-design-petite-cut-out-knot-front-midi-dress-in-bright-floral-print/prd/202956897
ASOS Petite,"Women, Dresses, Party Dresses",BRIGHT FLORAL PRINT,GBP,Petite by ASOS Petite Your new go-to Floral design V-neck Zip-back fastening Regular fit,Women,https://images.asos-media.com/products/asos-design-petite-cut-out-knot-front-midi-dress-in-bright-floral-print/202956897-1-brightfloralprint?$n_1280w$,yes,30.0,2.5,2,,UK 10,119179796,ASOS DESIGN Petite cut out knot front midi dress in bright floral print,https://www.asos.com/asos-petite/asos-design-petite-cut-out-knot-front-midi-dress-in-bright-floral-print/prd/202956897
ASOS Petite,"Women, Dresses, Party Dresses",BRIGHT FLORAL PRINT,GBP,Petite by ASOS Petite Your new go-to Floral design V-neck Zip-back fastening Regular fit,Women,https://images.asos-media.com/products/asos-design-petite-cut-out-knot-front-midi-dress-in-bright-floral-print/202956897-1-brightfloralprint?$n_1280w$,yes,30.0,2.5,2,,UK 12,119179797,ASOS DESIGN Petite cut out knot front midi dress in bright floral print,https://www.asos.com/asos-petite/asos-design-petite-cut-out-knot-front-midi-dress-in-bright-floral-print/prd/202956897
ASOS Petite,"Women, Dresses, Party Dresses",BRIGHT FLORAL PRINT,GBP,Petite by ASOS Petite Your new go-to Floral design V-neck Zip-back fastening Regular fit,Women,https://images.asos-media.com/products/asos-design-petite-cut-out-knot-front-midi-dress-in-bright-floral-print/202956897-1-brightfloralprint?$n_1280w$,yes,30.0,2.5,2,,UK 14,119179798,ASOS DESIGN Petite cut out knot front midi dress in bright floral print,https://www.asos.com/asos-petite/asos-design-petite-cut-out-knot-front-midi-dress-in-bright-floral-print/prd/202956897
ASOS Petite,"Women, Dresses, Party Dresses",BRIGHT FLORAL PRINT,GBP,Petite by ASOS Petite Your new go-to Floral design V-neck Zip-back fastening Regular fit,Women,https://images.asos-media.com/products/asos-design-petite-cut-out-knot-front-midi-dress-in-bright-floral-print/202956897-1-brightfloralprint?$n_1280w$,yes,30.0,2.5,2,,UK 16,119179799,ASOS DESIGN Petite cut out knot front midi dress in bright floral print,https://www.asos.com/asos-petite/asos-design-petite-cut-out-knot-front-midi-dress-in-bright-floral-print/prd/202956897
ASOS DESIGN,"Women, Dresses, Party Dresses",Black,GBP,Dresses by ASOS DESIGN,Women,https://images.asos-media.com/products/asos-design-cowl-neck-ruched-side-midi-dress-in-black/203234015-1-black?$n_1280w$,yes,20.0,,,,UK 4,120413541,ASOS DESIGN cowl neck ruched side midi dress in black,https://www.asos.com/asos-design/asos-design-cowl-neck-ruched-side-midi-dress-in-black/prd/203234015
ASOS DESIGN,"Women, Dresses, Party Dresses",Black,GBP,Dresses by ASOS DESIGN,Women,https://images.asos-media.com/products/asos-design-cowl-neck-ruched-side-midi-dress-in-black/203234015-1-black?$n_1280w$,yes,20.0,,,,UK 6,120413539,ASOS DESIGN cowl neck ruched side midi dress in black,https://www.asos.com/asos-design/asos-design-cowl-neck-ruched-side-midi-dress-in-black/prd/203234015
ASOS DESIGN,"Women, Dresses, Party Dresses",Black,GBP,Dresses by ASOS DESIGN,Women,https://images.asos-media.com/products/asos-design-cowl-neck-ruched-side-midi-dress-in-black/203234015-1-black?$n_1280w$,yes,20.0,,,,UK 8,120413540,ASOS DESIGN cowl neck ruched side midi dress in black,https://www.asos.com/asos-design/asos-design-cowl-neck-ruched-side-midi-dress-in-black/prd/203234015
ASOS DESIGN,"Women, Dresses, Party Dresses",Black,GBP,Dresses by ASOS DESIGN,Women,https://images.asos-media.com/products/asos-design-cowl-neck-ruched-side-midi-dress-in-black/203234015-1-black?$n_1280w$,yes,20.0,,,,UK 10,120413534,ASOS DESIGN cowl neck ruched side midi dress in black,https://www.asos.com/asos-design/asos-design-cowl-neck-ruched-side-midi-dress-in-black/prd/203234015
ASOS DESIGN,"Women, Dresses, Party Dresses",Black,GBP,Dresses by ASOS DESIGN,Women,https://images.asos-media.com/products/asos-design-cowl-neck-ruched-side-midi-dress-in-black/203234015-1-black?$n_1280w$,yes,20.0,,,,UK 12,120413535,ASOS DESIGN cowl neck ruched side midi dress in black,https://www.asos.com/asos-design/asos-design-cowl-neck-ruched-side-midi-dress-in-black/prd/203234015
ASOS DESIGN,"Women, Dresses, Party Dresses",Black,GBP,Dresses by ASOS DESIGN,Women,https://images.asos-media.com/products/asos-design-cowl-neck-ruched-side-midi-dress-in-black/203234015-1-black?$n_1280w$,no,20.0,,,,UK 14,120413536,ASOS DESIGN cowl neck ruched side midi dress in black,https://www.asos.com/asos-design/asos-design-cowl-neck-ruched-side-midi-dress-in-black/prd/203234015
ASOS DESIGN,"Women, Dresses, Party Dresses",Black,GBP,Dresses by ASOS DESIGN,Women,https://images.asos-media.com/products/asos-design-cowl-neck-ruched-side-midi-dress-in-black/203234015-1-black?$n_1280w$,no,20.0,,,,UK 16,120413538,ASOS DESIGN cowl neck ruched side midi dress in black,https://www.asos.com/asos-design/asos-design-cowl-neck-ruched-side-midi-dress-in-black/prd/203234015
ASOS DESIGN,"Women, Dresses, Party Dresses",Black,GBP,Dresses by ASOS DESIGN,Women,https://images.asos-media.com/products/asos-design-cowl-neck-ruched-side-midi-dress-in-black/203234015-1-black?$n_1280w$,no,20.0,,,,UK 18,120413537,ASOS DESIGN cowl neck ruched side midi dress in black,https://www.asos.com/asos-design/asos-design-cowl-neck-ruched-side-midi-dress-in-black/prd/203234015
Bershka,"Women, Dresses, Party Dresses",BLACK,GBP,Dresses by Bershka The kind of dress that deserves attention Bandeau style Lace-up back Bodycon fit,Women,https://images.asos-media.com/products/bershka-bandeau-satin-mini-dress-in-black/203692403-1-black?$n_1280w$,no,39.99,4,2,,XS - UK 6,122478366,Bershka bandeau satin mini dress in black,https://www.asos.com/bershka/bershka-bandeau-satin-mini-dress-in-black/prd/203692403
Bershka,"Women, Dresses, Party Dresses",BLACK,GBP,Dresses by Bershka The kind of dress that deserves attention Bandeau style Lace-up back Bodycon fit,Women,https://images.asos-media.com/products/bershka-bandeau-satin-mini-dress-in-black/203692403-1-black?$n_1280w$,yes,39.99,4,2,,S - UK 8,122478367,Bershka bandeau satin mini dress in black,https://www.asos.com/bershka/bershka-bandeau-satin-mini-dress-in-black/prd/203692403
Bershka,"Women, Dresses, Party Dresses",BLACK,GBP,Dresses by Bershka The kind of dress that deserves attention Bandeau style Lace-up back Bodycon fit,Women,https://images.asos-media.com/products/bershka-bandeau-satin-mini-dress-in-black/203692403-1-black?$n_1280w$,yes,39.99,4,2,,M - UK 10,122478368,Bershka bandeau satin mini dress in black,https://www.asos.com/bershka/bershka-bandeau-satin-mini-dress-in-black/prd/203692403
Bershka,"Women, Dresses, Party Dresses",BLACK,GBP,Dresses by Bershka The kind of dress that deserves attention Bandeau style Lace-up back Bodycon fit,Women,https://images.asos-media.com/products/bershka-bandeau-satin-mini-dress-in-black/203692403-1-black?$n_1280w$,yes,39.99,4,2,,L - UK 12,122478369,Bershka bandeau satin mini dress in black,https://www.asos.com/bershka/bershka-bandeau-satin-mini-dress-in-black/prd/203692403
