product>>brand,product>>categories,product>>color,product>>description,product>>gender,product>>image,product>>instock,product>>price,product>>rating,product>>seller,product>>sku,product>>title,product>>total_reviews,product>>url
Zolla,"Одежда, Женщинам, Блузы и рубашки",Бежевый,"Стильная женская рубашка с леопардовым принтом поможет вам создать множество стильных образов в деловом и кэжуал стилях. Прямой силуэт, отложной воротник, длинный рукав с манжетой на пуговице, накладные нагрудные карманы, закруглённая нижняя кромка, пуговицы скрыты под планкой. Размер на модели: XS. Рост модели: 176 см. ОГ-ОТ-ОБ: 84-61-89 см.",Женский,https://cdn1.ozone.ru/s3/multimedia-5/6167443277.jpg,yes,1025,4.8,Zolla,418500956,Рубашка Zolla,4,https://www.ozon.ru/product/rubashka-zolla-418500956/
Zolla,"Одежда, Женщинам, Блузы и рубашки",Бежевый,"Изящная блузка из легкого материала с принтом в крапинку. Объемный силуэт, фигурный вырез с бантом, длинный рукав с манжетой на двух пуговицах Размер на модели: XS. Рост модели: 172 см. ОГ-ОТ-ОБ: 81-57-86 см.",Женский,https://cdn1.ozone.ru/s3/multimedia-z/6167454683.jpg,yes,1214,5.0,Zolla,416371081,Блузка Zolla,6,https://www.ozon.ru/product/bluzka-zolla-416371081/
Zolla,"Одежда, Женщинам, Блузы и рубашки",Голубой,"Нежная женственная блузка из эластичной фактурной ткани добавит вашим образам лёгкости и изящества. Прилегающий силуэт, круглый вырез, короткий рукав фасона ""фонарик"" на резинке. Размер на модели: XS. Рост модели: 174 см. ОГ-ОТ-ОБ: 86-58-90,5 см.",Женский,https://cdn1.ozone.ru/s3/multimedia-p/6262170565.jpg,yes,1133,0.0,Zolla,507119848,Блузка Zolla,0,https://www.ozon.ru/product/bluzka-zolla-507119848/
Zolla,"Одежда, Женщинам, Блузы и рубашки",Бежевый,"Очаровательная женская блузка с леопардовым узором подойдёт как для нестрогого офисного дресс-кода, так и для романтичного повседневного образа. Силуэт ""баллон"", треугольный вырез на пуговицах, рукав 3/4 с эластичной манжетой-резинкой, эластичная утягивающая резинка на нижней кромке. Размер на модели: XS. Рост модели: 174 см. ОГ-ОТ-ОБ: 86-58-90,5 см.",Женский,https://cdn1.ozone.ru/s3/multimedia-8/6272385980.jpg,yes,1376,0.0,Zolla,522377872,Блузка Zolla,0,https://www.ozon.ru/product/bluzka-zolla-522377872/
Zolla,"Одежда, Женщинам, Блузы и рубашки",Слоновая кость,"Нарядная женская блузка из эластичного трикотажа с нежным цветочным узором и пояском в тон подойдет как для нестрогого офисного дресс-кода, так и для комфортной повседневной носки. Эластичный материал, полуприлегающий силуэт, круглый вырез, рукав 3/4, съёмный тканевый пояс в комплекте. Размер на модели: XS.",Женский,https://cdn1.ozone.ru/s3/multimedia-a/6234939322.jpg,yes,1034,4.8,Zolla,468946173,Блузка Zolla,11,https://www.ozon.ru/product/bluzka-zolla-468946173/
Zolla,"Одежда, Женщинам, Блузы и рубашки",Розовый,"Нежно-розовая рубашка свободного силуэта, выполненная из лёгкого и комфортного материала с высоким содержанием хлопка. Отложной воротник, длинный спущенный рукав с манжетой на пуговице, накладной нагрудный карман. Размер на модели: XS. Рост модели: 176 см. ОГ-ОТ-ОБ: 84-61-89 см.",Женский,https://cdn1.ozone.ru/s3/multimedia-l/6234929433.jpg,yes,1439,0.0,Zolla,470136669,Рубашка Zolla,0,https://www.ozon.ru/product/rubashka-zolla-470136669/
Zolla,"Одежда, Женщинам, Блузы и рубашки",Белый,"Удлинённая белая женская рубашка с контрастными принтами-надписями поможет добавить оригинальности и разнообразит привычный деловой образ. Эластичная ткань, прямой силуэт, отложной воротник, длинный рукав с манжетой на пуговице, нагрудный накладной карман, закруглённый нижний край, удлинённая спинка, застёжка на пуговицах. Размер на модели: XS.",Женский,https://cdn1.ozone.ru/s3/multimedia-6/6234917034.jpg,yes,1403,4.7,Zolla,468935890,Рубашка Zolla,3,https://www.ozon.ru/product/rubashka-zolla-468935890/
Zolla,"Одежда, Женщинам, Блузы и рубашки",Белый,"Женская футболка из эластичного трикотажа с акцентной отделкой на вырезе и рукавах - идеальная основа для множества повседневных образов. Прямой силуэт, V-образный вырез, короткие рукава, эластичная резинка с блёстками на вырезе и кромке рукавов, короткие боковые разрезы. Размер на модели: XS. Рост модели: 176 см. ОГ-ОТ-ОБ: 83-60-88 см.",Женский,https://cdn1.ozone.ru/s3/multimedia-i/6247644990.jpg,yes,899,5.0,Zolla,484803288,Блузка Zolla,4,https://www.ozon.ru/product/bluzka-zolla-484803288/
Zolla,"Одежда, Женщинам, Блузы и рубашки",Голубой,"Женская блузка прямого силуэта выполнена из лёгкого полупрозрачного материала с фактурным узором и блестящими нитями люрекса. Прямой силуэт, непрозрачный подклад, круглый вырез, рукав фасона ""фонарик"" 3/4 с эластичной резинкой на манжете, застёжка на пуговицу на вороте сзади. Размер на модели: XS. Рост модели: 177 см. ОГ-ОТ-ОБ: 82-61-89 см.",Женский,https://cdn1.ozone.ru/s3/multimedia-k/6247644956.jpg,yes,1439,5.0,Zolla,487544129,Блузка Zolla,2,https://www.ozon.ru/product/bluzka-zolla-487544129/
Zolla,"Одежда, Женщинам, Блузы и рубашки",Слоновая кость,"Очаровательная женская блузка с цветочным узором подойдёт как для нестрогого офисного дресс-кода, так и для романтичного повседневного образа. Силуэт ""баллон"", треугольный вырез с короткой планкой на пуговицах, длинный рукав с манжетой на пуговице, эластичная утягивающая резинка на нижней кромке. Размер на модели: XS.",Женский,https://cdn1.ozone.ru/s3/multimedia-t/6272385893.jpg,yes,1376,0.0,Zolla,522377035,Блузка Zolla,0,https://www.ozon.ru/product/bluzka-zolla-522377035/
Zolla,"Одежда, Женщинам, Блузы и рубашки",Слоновая кость,"Принтованная белая женская рубашка из лёгкой вискозной ткани с животным паттерном эффектно дополнит ваш повседневный образ в стиле кэжуал. Свободный oversize силуэт, отложной воротник, спущенная линия плеча, длинный рукав с манжетой на пуговице, закруглённая нижняя кромка, планка на пуговицах. Размер на модели: XS.",Женский,https://cdn1.ozone.ru/s3/multimedia-b/6234939215.jpg,yes,962,5.0,Zolla,468946259,Рубашка Zolla,2,https://www.ozon.ru/product/rubashka-zolla-468946259/
Zolla,"Одежда, Женщинам, Блузы и рубашки",Черный,"Изящная блузка из легкого материала с цветочным принтом. Прямой силуэт, фигурный вырез с бантом, длинный рукав с манжетой на пуговице. Размер на модели: XS. Рост модели: 172 см. ОГ-ОТ-ОБ: 81-57-86 см.",Женский,https://cdn1.ozone.ru/s3/multimedia-8/6234955664.jpg,yes,962,0.0,Zolla,468950805,Блузка Zolla,0,https://www.ozon.ru/product/bluzka-zolla-468950805/
Zolla,"Одежда, Женщинам, Блузы и рубашки",Белый,"Удлинённая белая женская рубашка с крупным стильным принтом поможет добавить оригинальности и разнообразит привычный деловой образ. Прямой силуэт, отложной воротник, длинный рукав с манжетой на пуговице, закруглённый нижний край, удлинённая спинка, застёжка на пуговицах. Размер на модели: XS.",Женский,https://cdn1.ozone.ru/s3/multimedia-f/6234929571.jpg,yes,1309,5.0,Zolla,470136136,Рубашка Zolla,2,https://www.ozon.ru/product/rubashka-zolla-470136136/
Zolla,"Одежда, Женщинам, Блузы и рубашки",Голубой,"Светлая женская рубашка с длинным рукавом - классический вариант для комфортной работы и приятного отдыха. Свободный силуэт, отложной воротник, спущенная линия плеча, длинный рукав с манжетой на пуговице, накладной нагрудный карман с металлическим пином-нашивкой, удлинённая спинка, короткие боковые разрезы, застёжка на пуговицы под планкой. Размер на модели: XS. Рост модели: 175 см. ОГ-ОТ-ОБ: 86-58-90 см.",Женский,https://cdn1.ozone.ru/s3/multimedia-m/6234929650.jpg,yes,1295,5.0,Zolla,468940900,Рубашка Zolla,3,https://www.ozon.ru/product/rubashka-zolla-468940900/
Zolla,"Одежда, Женщинам, Блузы и рубашки",Голубой,"Фланелевая рубашка свободного силуэта с клетчатым узором в пастельной гамме. Отложной воротник, накладные нагрудные карманы, длинный спущенный рукав с манжетой на пуговице. Размер на модели: XS. Рост модели: 172 см. ОГ-ОТ-ОБ: 81-57-86 см.",Женский,https://cdn1.ozone.ru/s3/multimedia-k/6234955856.jpg,yes,1882,5.0,Zolla,468955071,Рубашка Zolla,2,https://www.ozon.ru/product/rubashka-zolla-468955071/
Zolla,"Одежда, Женщинам, Блузы и рубашки",Черный,"Элегантная блузка из мягкой вискозной ткани с плотным цветочным узором подойдёт как для офиса, так и для вечернего мероприятия. Прямой силуэт, воротник стойка с эластичной резинкой, длинный рукав с эластичной манжетой-резинкой, застёжка на пуговицы на воротнике сзади. Размер на модели: XS. Рост модели: 179 см. ОГ-ОТ-ОБ: 82-58-87 см.",Женский,https://cdn1.ozone.ru/s3/multimedia-t/6234916229.jpg,yes,1007,5.0,Zolla,468935500,Блузка Zolla,2,https://www.ozon.ru/product/bluzka-zolla-468935500/
Zolla,"Одежда, Женщинам, Блузы и рубашки",Белый,"Удлинённая белая женская рубашка с крупным элегантным принтом поможет добавить оригинальности и разнообразит привычный деловой образ. Прямой силуэт, отложной воротник, длинный рукав с манжетой на пуговице, закруглённый нижний край, удлинённая спинка, застёжка на пуговицах. Размер на модели: XS.",Женский,https://cdn1.ozone.ru/s3/multimedia-2/6234929378.jpg,yes,1169,5.0,Zolla,470136620,Рубашка Zolla,2,https://www.ozon.ru/product/rubashka-zolla-470136620/
Zolla,"Одежда, Женщинам, Блузы и рубашки",Черный,"Нежная женственная блузка из эластичной хлопковой ткани с фактурным узором добавит вашим образам лёгкости и изящества. Прилегающий силуэт, круглый вырез, короткий рукав фасона ""фонарик"" на резинке. Размер на модели: XS. Рост модели: 172 см. ОГ-ОТ-ОБ: 84-60-86 см.",Женский,https://cdn1.ozone.ru/s3/multimedia-z/6262174427.jpg,yes,1079,0.0,Zolla,507135312,Блузка Zolla,0,https://www.ozon.ru/product/bluzka-zolla-507135312/
Zolla,"Одежда, Женщинам, Одежда больших размеров",Белый,"Стильная женская блузка из эластичного трикотажа с узором в клетку и пояском в тон подойдет как для нестрогого офисного дресс-кода, так и для комфортной повседневной носки. Эластичный материал, полуприлегающий силуэт, круглый вырез, рукав 3/4, съёмный тканевый пояс в комплекте. Размер на модели: XS.",Женский,https://cdn1.ozone.ru/s3/multimedia-q/6234939194.jpg,yes,881,4.5,Zolla,468946141,Рубашка Zolla,4,https://www.ozon.ru/product/rubashka-zolla-468946141/
Zolla,"Одежда, Женщинам, Блузы и рубашки",Черный,"Чёрная женская рубашка в крупную клетку поможет вам создать множество стильных образов в деловом и кэжуал стилях. Прямой силуэт, отложной воротник, длинный рукав с манжетой на пуговице, накладные нагрудные карманы, закруглённая нижняя кромка, пуговицы скрыты под планкой. Размер на модели: XS. Рост модели: 175 см. ОГ-ОТ-ОБ: 86-58-90 см.",Женский,https://cdn1.ozone.ru/s3/multimedia-e/6167443070.jpg,yes,1025,5.0,Zolla,416352799,Рубашка Zolla,3,https://www.ozon.ru/product/rubashka-zolla-416352799/
Zolla,"Одежда, Женщинам, Блузы и рубашки",Хаки,Блузка прямого силуэта из нежной и шелковистой вискозы с декоративной молнией и накладными карманами удачно впишется в повседневный образ с джинсами любого фасона. Размер на модели: XS.,Женский,https://cdn1.ozone.ru/s3/multimedia-m/6234962086.jpg,yes,1151,0.0,Zolla,468956737,Блузка Zolla,0,https://www.ozon.ru/product/bluzka-zolla-468956737/
Zolla,"Одежда, Женщинам, Блузы и рубашки",Белый,"Однотонная рубашка с отложным воротником и короткими рукавами выполнена из легкого, ""дышащего"" материала в составе которого скомбинированы вискоза и лен. Лаконичная и универсальная модель прямого силуэта дополнена нагрудным кармашком. Такая рубашка станет прекрасным вариантом для создания множества комфортных и стильных повседневных образов. Размер на модели: XS. Рост модели: 175 см. ОГ-ОТ-ОБ: 78-60-88 см.",Женский,https://cdn1.ozone.ru/s3/multimedia-6/6056884434.jpg,yes,881,4.7,Zolla,248962005,Рубашка Zolla,31,https://www.ozon.ru/product/rubashka-zolla-248962005/
Zolla,"Одежда, Женщинам, Блузы и рубашки",Слоновая кость,Ярусная блузка нежного молочного оттенка с круглым вырезом и разрезом на спинке. Модель прямого силуэта прекрасно сочетается с джинсами скинни и брюками узкого кроя. Размер на модели: XS. Рост модели: 175 см. ОГ-ОТ-ОБ: 78-60-88 см.,Женский,https://cdn1.ozone.ru/s3/multimedia-w/6066143732.jpg,yes,845,4.8,Zolla,248961497,Блузка Zolla,17,https://www.ozon.ru/product/bluzka-zolla-248961497/
Zolla,"Одежда, Женщинам, Блузы и рубашки",Темно-синий,"Изящная блузка прямого силуэта с цветочным принтом и акцентным рукавом формы ""фонарик"". Застежка-молния на спинке. Размер на модели: XS.",Женский,https://cdn1.ozone.ru/s3/multimedia-x/6234956193.jpg,yes,962,0.0,Zolla,468953296,Блузка Zolla,0,https://www.ozon.ru/product/bluzka-zolla-468953296/
Zolla,"Одежда, Женщинам, Блузы и рубашки",Слоновая кость,"Лёгкая женская блузка с элегантным принтом прекрасно дополнит повседневный образ с джинсами, брюками или юбкой в стиле casual. Прямой силуэт, V-образный вырез на пуговице, спущенный короткий рукав с отворотом и подхватом на пуговице, закруглённая нижняя кромка, удлинённая спинка. Размер на модели: XS. Рост модели: 176 см. ОГ-ОТ-ОБ: 83-60-88 см.",Женский,https://cdn1.ozone.ru/s3/multimedia-5/6247645445.jpg,yes,1295,5.0,Zolla,484803618,Блузка Zolla,2,https://www.ozon.ru/product/bluzka-zolla-484803618/
Zolla,"Одежда, Женщинам, Блузы и рубашки",Светло-зеленый,"Красивая женская блузка из эластичного трикотажа с цветочным узором и пояском в тон подойдет как для нестрогого офисного дресс-кода, так и для комфортной повседневной носки. Эластичный материал, полуприлегающий силуэт, круглый вырез, рукав 3/4, съёмный тканевый пояс в комплекте. Размер на модели: XS.",Женский,https://cdn1.ozone.ru/s3/multimedia-a/6234939466.jpg,yes,782,4.0,Zolla,468946326,Рубашка Zolla,1,https://www.ozon.ru/product/rubashka-zolla-468946326/
Zolla,"Одежда, Женщинам, Блузы и рубашки",Темно-синий,"Лёгкая женская блузка с цветочным принтом прекрасно подойдёт для расслабленного повседневного образа в стиле кэжуал. Прямой силуэт, круглый вырез на пуговице у ворота сзади, длинный объёмный рукав с эластичной резинкой на манжете. Размер на модели: S.",Женский,https://cdn1.ozone.ru/s3/multimedia-b/6247653155.jpg,yes,899,5.0,Zolla,484815834,Блузка Zolla,1,https://www.ozon.ru/product/bluzka-zolla-484815834/
Zolla,"Одежда, Женщинам, Блузы и рубашки",Черный,"Чёрная женская рубашка из лёгкой вискозной ткани с плотным контрастным паттерном эффектно дополнит ваш повседневный образ в стиле кэжуал. Прямой силуэт, отложной воротник, длинный рукав с манжетой на пуговице, накладной нагрудный карман, закруглённая нижняя кромка, планка на пуговицах. Размер на модели: XS.",Женский,https://cdn1.ozone.ru/s3/multimedia-s/6234939196.jpg,yes,1145,4.8,Zolla,468946052,Рубашка Zolla,4,https://www.ozon.ru/product/rubashka-zolla-468946052/
Zolla,"Одежда, Женщинам, Блузы и рубашки",Темно-синий,"Рубашка свободного кроя в тонкую полоску разнообразит ваш повседневный образ. Модель с длинными рукавами и закругленным низом будет одинаково хорошо смотреться как заправленной в брюки или джинсы, так и на выпуск. Размер на модели: XS. Рост модели: 176 см. ОГ-ОТ-ОБ: 82-60-89 см.",Женский,https://cdn1.ozone.ru/s3/multimedia-x/6029268501.jpg,yes,665,4.4,Zolla,203035021,Рубашка Zolla,9,https://www.ozon.ru/product/rubashka-zolla-203035021/
Zolla,"Одежда, Женщинам, Блузы и рубашки",Светло-зеленый,"Женский джемпер из мягкого эластичного трикотажа ажурной вязки - комфортная, но при этом нежная и женственная модель, которая будет уместна в любой обстановке. Прямой силуэт, круглый вырез, объёмный длинный рукав с узкой манжетой. Размер на модели: XS. Рост модели: 177 см. ОГ-ОТ-ОБ: 84-60-90 см.",Женский,https://cdn1.ozone.ru/s3/multimedia-g/6262172644.jpg,yes,1329,5.0,Zolla,507126654,Рубашка Zolla,1,https://www.ozon.ru/product/rubashka-zolla-507126654/
Zolla,"Одежда, Женщинам, Блузы и рубашки",Темно-синий,"Принтованная женская блузка с мелким пёстрым узором в крапинку прекрасно дополнит повседневный образ с джинсами, брюками или юбкой в стиле casual. Прямой силуэт, V-образный вырез на пуговице, спущенный короткий рукав с отворотом и подхватом на пуговице, закруглённая нижняя кромка, удлинённая спинка. Размер на модели: XS. Рост модели: 176 см. ОГ-ОТ-ОБ: 83-60-88 см.",Женский,https://cdn1.ozone.ru/s3/multimedia-h/6247644809.jpg,yes,1151,5.0,Zolla,484803026,Блузка Zolla,1,https://www.ozon.ru/product/bluzka-zolla-484803026/
Zolla,"Одежда, Женщинам, Блузы и рубашки",Хаки,"Женская рубашка из лёгкой ткани с камуфляжным принтом эффектно дополнит ваш повседневный образ в стиле кэжуал. Прямой силуэт, отложной воротник, длинный рукав с манжетой на пуговице, накладные нагрудные карманы, закруглённая нижняя кромка, пуговицы скрыты под планкой. Размер на модели: XS. Рост модели: 172 см. ОГ-ОТ-ОБ: 81-57-86 см.",Женский,https://cdn1.ozone.ru/s3/multimedia-8/6167442812.jpg,yes,1309,5.0,Zolla,416351798,Рубашка Zolla,4,https://www.ozon.ru/product/rubashka-zolla-416351798/
Zolla,"Одежда, Женщинам, Блузы и рубашки",Белый,"Удлинённая белая женская рубашка с контрастным поясом в комплекте поможет добавить оригинальности и разнообразит привычный деловой образ. Приталенный силуэт, отложной воротник, длинный рукав с манжетой на пуговице, закруглённый нижний край, удлинённая спинка, застёжка на пуговицах, съёмный тканевый пояс на кольцах в комплекте. Размер на модели: XS.",Женский,https://cdn1.ozone.ru/s3/multimedia-h/6234917369.jpg,yes,1151,5.0,Zolla,468936182,Рубашка Zolla,1,https://www.ozon.ru/product/rubashka-zolla-468936182/
Zolla,"Одежда, Женщинам, Блузы и рубашки",Горчичный,"Блузка без рукавов выполнена из легкого, красиво струящегося материала горчично-желтого цвета. Прямой силуэт, V-образный вырез, планка на пуговицах, скругленный нижний край. Размер на модели: XS. Рост модели: 175 см. ОГ-ОТ-ОБ: 78-60-88 см.",Женский,https://cdn1.ozone.ru/s3/multimedia-g/6066143680.jpg,yes,719,4.6,Zolla,244690350,Блузка Zolla,15,https://www.ozon.ru/product/bluzka-zolla-244690350/
Zolla,"Одежда, Женщинам, Блузы и рубашки",Слоновая кость,"Белая женская рубашка с принтом - стильный вариант для комфортной работы и приятного отдыха. Прямой силуэт, отложной воротник, длинный рукав с манжетой на пуговице, накладной нагрудный карман с металлическим пином-нашивкой, закруглённая нижняя кромка, короткие боковые разрезы, застёжка на пуговицы. Размер на модели: XS.",Женский,https://cdn1.ozone.ru/s3/multimedia-a/6234916786.jpg,yes,1223,5.0,Zolla,468937188,Рубашка Zolla,1,https://www.ozon.ru/product/rubashka-zolla-468937188/
Zolla,"Одежда, Женщинам, Блузы и рубашки",Черный,"Чёрная женская рубашка из лёгкой вискозной ткани с контрастным граффити-принтом эффектно дополнит ваш повседневный образ в стиле кэжуал. Прямой силуэт, отложной воротник, длинный рукав с манжетой на пуговице, накладной нагрудный карман, закруглённая нижняя кромка, планка на пуговицах. Размер на модели: XS.",Женский,https://cdn1.ozone.ru/s3/multimedia-v/6234938659.jpg,yes,1145,4.9,Zolla,468945333,Рубашка Zolla,8,https://www.ozon.ru/product/rubashka-zolla-468945333/
Zolla,"Одежда, Женщинам, Блузы и рубашки",Слоновая кость,"Must-have весенне-летнего гардероба - легкая блузка молочно-белого оттенка, украшенная нежным кружевом. Модель прямого силуэта выполнена из мягкой, ""дышащей"" вискозы. Круглый вырез, застежка на пуговицу на спинке. Размер на модели: XS.",Женский,https://cdn1.ozone.ru/s3/multimedia-j/6056907667.jpg,yes,779,4.7,Zolla,244690203,Блузка Zolla,19,https://www.ozon.ru/product/bluzka-zolla-244690203/
Zolla,"Одежда, Женщинам, Блузы и рубашки",Белый,"Удлинённая белая женская рубашка с крупным элегантным принтом на спинке поможет добавить оригинальности и разнообразит привычный деловой образ. Прямой силуэт, отложной воротник, длинный рукав с манжетой на пуговице, закруглённый нижний край, удлинённая спинка, застёжка на пуговицах. Размер на модели: XS.",Женский,https://cdn1.ozone.ru/s3/multimedia-b/6234916895.jpg,yes,1322,5.0,Zolla,468936037,Рубашка Zolla,1,https://www.ozon.ru/product/rubashka-zolla-468936037/
Zolla,"Одежда, Женщинам, Блузы и рубашки",Бежевый,"Лёгкая женская блузка с пёстрым леопардовым принтом удачно дополнит ваши стильные образы для офиса и на каждый день. Прямой силуэт, V-образный вырез с короткой планкой на пуговицах, длинный рукав с манжетой на пуговице. Размер на модели: XS. Рост модели: 172 см. ОГ-ОТ-ОБ: 86-63-92 см.",Женский,https://cdn1.ozone.ru/s3/multimedia-r/6167442867.jpg,yes,1439,4.7,Zolla,416351991,Блузка Zolla,7,https://www.ozon.ru/product/bluzka-zolla-416351991/
Zolla,"Одежда, Женщинам, Блузы и рубашки",Светло-зеленый,"Лёгкая женская рубашка свободного силуэта с коротким рукавом, дополненная очаровательным нежным принтом прекрасно подойдёт для создания комфортного и романтичного повседневного образа в тёплую погоду. Отложной воротник, спущенная линия плеча, короткий рукав с отворотом, нагрудный карман, застёжка на пуговицы. Размер на модели: XS. Рост модели: 172 см. ОГ-ОТ-ОБ: 84-60-86 см.",Женский,https://cdn1.ozone.ru/s3/multimedia-c/6272317548.jpg,yes,1614,0.0,Zolla,522266375,Рубашка Zolla,0,https://www.ozon.ru/product/rubashka-zolla-522266375/
Zolla,"Одежда, Женщинам, Блузы и рубашки",Бежевый,"Лёгкая женская блузка прямого кроя с коротким рукавом и узором в пёструю крапинку прекрасно подойдёт для создания расслабленного делового или очаровательного повседневного образа. Прямой силуэт, отложной воротник, короткий спущенный рукав с отворотом, короткая планка на пуговицах, короткие боковые разрезы. Размер на модели: XS. Рост модели: 176 см. ОГ-ОТ-ОБ: 83-60-88 см.",Женский,https://cdn1.ozone.ru/s3/multimedia-j/6247652551.jpg,yes,1223,5.0,Zolla,484818058,Рубашка Zolla,1,https://www.ozon.ru/product/rubashka-zolla-484818058/
Zolla,"Одежда, Женщинам, Блузы и рубашки",Хаки,"Женская блузка с лаконичным принтом добавит в образ романтичный настрой, оставаясь при этом абсолютно практичной и комфортной в носке. Прямой силуэт, отложной воротник, длинный рукав с манжетой на пуговице, закруглённая нижняя кромка, застёжка на пуговицы. Размер на модели: XS. Рост модели: 176 см. ОГ-ОТ-ОБ: 84-61-89 см.",Женский,https://cdn1.ozone.ru/s3/multimedia-9/6234939105.jpg,yes,1519,4.6,Zolla,468946291,Рубашка Zolla,7,https://www.ozon.ru/product/rubashka-zolla-468946291/
Zolla,"Одежда, Женщинам, Блузы и рубашки",Бежевый,,Женский,https://cdn1.ozone.ru/s3/multimedia-a/6029391850.jpg,yes,789,4.9,Zolla,203035162,Блузка Zolla,20,https://www.ozon.ru/product/bluzka-zolla-203035162/
Zolla,"Одежда, Женщинам, Блузы и рубашки",Красный,Лёгкая блузка прямого силуэта из воздушного шифона с мелким принтом подчеркнёт женственность вашего образа. Размер на модели: XS.,Женский,https://cdn1.ozone.ru/s3/multimedia-r/6247658139.jpg,yes,1151,0.0,Zolla,484847101,Блузка Zolla,0,https://www.ozon.ru/product/bluzka-zolla-484847101/
Zolla,"Одежда, Женщинам, Блузы и рубашки",Черный,Блузка прямого силуэта из нежной и шелковистой вискозы с декоративной молнией и накладными карманами удачно впишется в повседневный образ с джинсами любого фасона. Размер на модели: XS.,Женский,https://cdn1.ozone.ru/s3/multimedia-f/6234962403.jpg,yes,1151,0.0,Zolla,468956735,Блузка Zolla,0,https://www.ozon.ru/product/bluzka-zolla-468956735/
Zolla,"Одежда, Женщинам, Блузы и рубашки",Белый,"Белый женский топ из эластичного ажурного кружева с полупрозрачной кокеткой и рукавами станет очаровательным украшением вашего гардероба. Непрозрачный подклад, прямой силуэт, круглый вырез, короткий спущенный рукав. Размер на модели: XS. Рост модели: 176 см. ОГ-ОТ-ОБ: 84-61-89 см.",Женский,https://cdn1.ozone.ru/s3/multimedia-j/6286557355.jpg,yes,1199,0.0,Zolla,543928024,Блузка Zolla,0,https://www.ozon.ru/product/bluzka-zolla-543928024/
Zolla,"Одежда, Женщинам, Блузы и рубашки",Голубой,"Женская блузка с фактурным цветочным узором с блёстками на передней части прекрасно подойдёт к романтичным и женственным повседневным аутфитам. Силуэт ""баллон"", круглый вырез, спущенный короткий рукав, эластичная утягивающая резинка на нижней кромке. Размер на модели: S. Рост модели: 176 см. ОГ-ОТ-ОБ: 84-61-89 см.",Женский,https://cdn1.ozone.ru/s3/multimedia-o/6286557360.jpg,yes,1399,5.0,Zolla,543930952,Блузка Zolla,1,https://www.ozon.ru/product/bluzka-zolla-543930952/
Zolla,"Одежда, Женщинам, Блузы и рубашки",Бирюзовый,"Атласная блузка красивого бирюзового цвета добавит нарядности вашему образу для офиса и прекрасно впишется в праздничный аутфит. Свободный силуэт, отложной воротник, длинный спущенный рукав с манжетой на пуговице. Размер на модели: XS. Рост модели: 172 см. ОГ-ОТ-ОБ: 81-57-86 см.",Женский,https://cdn1.ozone.ru/s3/multimedia-z/6234929519.jpg,yes,1313,5.0,Zolla,468941099,Рубашка Zolla,1,https://www.ozon.ru/product/rubashka-zolla-468941099/
Zolla,"Одежда, Женщинам, Блузы и рубашки",Хаки,"Рубашка свободного силуэта из лёгкого вискозного материала гармонично дополнит ваши стильные повседневные образы. Отложной воротник, рукав 3/4, накладные нагрудные карманы, супатная застёжка. Размер на модели: XS.",Женский,https://cdn1.ozone.ru/s3/multimedia-g/6247645420.jpg,yes,1295,4.0,Zolla,484802841,Рубашка Zolla,1,https://www.ozon.ru/product/rubashka-zolla-484802841/
Zolla,"Одежда, Женщинам, Блузы и рубашки",Слоновая кость,"В изящной блузке с ярким цветочным принтом сложно остаться незамеченной. Модель приталенного силуэта без рукавов сшита из приятного на ощупь, гладкого синтетического материала. Талия акцентирована съемным текстильным поясом. Размер на модели: XS. Рост модели: 175 см. ОГ-ОТ-ОБ: 86-62-93 см.",Женский,https://cdn1.ozone.ru/s3/multimedia-h/6059683661.jpg,yes,839,4.8,Zolla,257863927,Блузка Zolla,23,https://www.ozon.ru/product/bluzka-zolla-257863927/
Zolla,"Одежда, Женщинам, Блузы и рубашки",Голубой,"Легкая блузка из мягкого, дышащего хлопка подходит для любого времени года. Модель прямого силуэта с V-образным вырезом, планкой на пуговицах и объемными рукавами 3/4. Нежный небесно-голубой цвет изделия дополнен цветочным принтом. Размер на модели: XS. Рост модели: 175 см. ОГ-ОТ-ОБ: 78-60-88 см.",Женский,https://cdn1.ozone.ru/s3/multimedia-s/6066143080.jpg,yes,1025,5.0,Zolla,248961984,Блузка Zolla,8,https://www.ozon.ru/product/bluzka-zolla-248961984/
Zolla,"Одежда, Женщинам, Одежда больших размеров",Черный,"Принтованная чёрная женская рубашка из лёгкой вискозной ткани с контрастным паттерном эффектно дополнит ваш повседневный образ в стиле кэжуал. Свободный oversize силуэт, отложной воротник, спущенная линия плеча, длинный рукав с манжетой на пуговице, закруглённая нижняя кромка, планка на пуговицах. Размер на модели: XS.",Женский,https://cdn1.ozone.ru/s3/multimedia-e/6234939650.jpg,yes,1309,5.0,Zolla,468946642,Рубашка Zolla,4,https://www.ozon.ru/product/rubashka-zolla-468946642/
Zolla,"Одежда, Женщинам, Блузы и рубашки",Черный,"Чёрная женская футболка из эластичного материала с кокеткой из полупрозрачного кружева станет очаровательным украшением вашего гардероба. Прямой силуэт, круглый вырез, короткие рукава. Размер на модели: S.",Женский,https://cdn1.ozone.ru/s3/multimedia-f/6247660827.jpg,yes,735,4.0,Zolla,484858138,Блузка Zolla,3,https://www.ozon.ru/product/bluzka-zolla-484858138/
Zolla,"Одежда, Женщинам, Блузы и рубашки",Белый,Рубашка Zolla женская,Женский,https://cdn1.ozone.ru/s3/multimedia-u/6262174458.jpg,yes,1614,3.0,Zolla,507135384,Рубашка Zolla,1,https://www.ozon.ru/product/rubashka-zolla-507135384/
Zolla,"Одежда, Женщинам, Блузы и рубашки",Слоновая кость,"Блузка из легкого, дышащего материала с высоким содержанием хлопка акцентирована открытой линией плеч, объемными рукавами и нежным цветочным рисунком в пастельной гамме. Прямой силуэт, чуть скругленный нижний край. Размер на модели: XS. Рост модели: 175 см. ОГ-ОТ-ОБ: 86-62-93 см.",Женский,https://cdn1.ozone.ru/s3/multimedia-i/6066142782.jpg,yes,917,4.9,Zolla,244690296,Блузка Zolla,17,https://www.ozon.ru/product/bluzka-zolla-244690296/
Zolla,"Одежда, Женщинам, Одежда больших размеров",Белый,"Воздушные женские силуэты на белом - элегантный дизайн рубашки, который подойдет стильным и романтичным модницам. Свободный силуэт, отложной воротник, спущенная линия плеча, длинный рукав с манжетой на пуговице, нагрудный карман, короткие боковые разрезы, удлинённая спинка, застёжка на пуговицы под планкой. Размер на модели: XS.",Женский,https://cdn1.ozone.ru/s3/multimedia-1/6234916705.jpg,yes,1295,5.0,Zolla,468935797,Рубашка Zolla,2,https://www.ozon.ru/product/rubashka-zolla-468935797/
Zolla,"Одежда, Женщинам, Блузы и рубашки",Белый,"Белая женская рубашка с лаконичным принтом-надписью на воротничке и манжете - удачный вариант для комфортной работы и приятного отдыха. Прямой силуэт, отложной воротник, длинный рукав с манжетой на пуговице, закруглённая нижняя кромка, короткие боковые разрезы, застёжка на пуговицы. Размер на модели: XS.",Женский,https://cdn1.ozone.ru/s3/multimedia-1/6234916453.jpg,yes,1322,5.0,Zolla,468935735,Рубашка Zolla,1,https://www.ozon.ru/product/rubashka-zolla-468935735/
Zolla,"Одежда, Женщинам, Блузы и рубашки",Горчичный,,Женский,https://cdn1.ozone.ru/s3/multimedia-k/6061889636.jpg,yes,980,4.5,Zolla,248962076,Рубашка Zolla,20,https://www.ozon.ru/product/rubashka-zolla-248962076/
Zolla,"Одежда, Женщинам, Блузы и рубашки",Слоновая кость,"Белая женская блузка-рубашка с очаровательным принтом в ретро-стиле добавит в образ романтичный настрой, оставаясь при этом абсолютно практичной и комфортной в носке. Прямой силуэт, отложной воротник, длинный рукав с манжетой на пуговице, закруглённая нижняя кромка, застёжка на пуговицы. Размер на модели: XS. Рост модели: 176 см. ОГ-ОТ-ОБ: 84-61-89 см.",Женский,https://cdn1.ozone.ru/s3/multimedia-i/6234939726.jpg,yes,1519,5.0,Zolla,468946088,Рубашка Zolla,5,https://www.ozon.ru/product/rubashka-zolla-468946088/
Zolla,"Одежда, Женщинам, Блузы и рубашки",Хаки,"Стильная и женственная рубашка свободного силуэта из гладкого атласа с животным принтом. Отложной воротник, длинный спущенный рукав с манжетой на пуговице. Размер на модели: XS. Рост модели: 172 см. ОГ-ОТ-ОБ: 81-57-86 см.",Женский,https://cdn1.ozone.ru/s3/multimedia-y/6234929662.jpg,yes,1151,0.0,Zolla,468941544,Рубашка Zolla,0,https://www.ozon.ru/product/rubashka-zolla-468941544/
Zolla,"Одежда, Женщинам, Блузы и рубашки",Синий,"Лёгкая женская блузка с элегантным узором удачно дополнит ваши стильные образы для офиса и на каждый день. Прямой силуэт, V-образный вырез с короткой планкой на пуговицах, длинный рукав с манжетой на пуговице. Размер на модели: XS. Рост модели: 172 см. ОГ-ОТ-ОБ: 81-57-86 см.",Женский,https://cdn1.ozone.ru/s3/multimedia-l/6167442825.jpg,yes,1309,4.9,Zolla,416351489,Блузка Zolla,7,https://www.ozon.ru/product/bluzka-zolla-416351489/
Zolla,"Одежда, Женщинам, Блузы и рубашки",Белый,"Белая женская рубашка оверсайз силуэта подойдёт как для делового офисного образа, так и для повседневных городских аутфитов в стиле casual. Свободный силуэт, отложной воротник, спущенная линия плеча, длинный объёмный рукав с манжетой на пуговице, застёжка на пуговицах. Размер на модели: XS.",Женский,https://cdn1.ozone.ru/s3/multimedia-r/6234917235.jpg,yes,1142,3.0,Zolla,468935878,Рубашка Zolla,2,https://www.ozon.ru/product/rubashka-zolla-468935878/
Zolla,"Одежда, Женщинам, Блузы и рубашки",Слоновая кость,"Однотонная женская блузка из лёгкой ткани прекрасно дополнит элегантный повседневный образ с джинсами, брюками или юбкой в стиле casual. Прямой силуэт, V-образный вырез на пуговице, спущенный короткий рукав с отворотом и подхватом на пуговице, закруглённая нижняя кромка, удлинённая спинка. Размер на модели: XS. Рост модели: 176 см. ОГ-ОТ-ОБ: 83-60-88 см.",Женский,https://cdn1.ozone.ru/s3/multimedia-q/6247644782.jpg,yes,1223,5.0,Zolla,484804792,Блузка Zolla,1,https://www.ozon.ru/product/bluzka-zolla-484804792/
Zolla,"Одежда, Женщинам, Блузы и рубашки",Бежевый,"Блузка из шелковистой вискозы с актуальным в этом сезоне принтом ""пейсли"" добавит свежести вашему образу. Невесомый материал, свободный крой, закругленный низ, V-образный вырез. Особенно эффектно модель смотрится с голубыми джинсами и белыми зауженными брюками. Размер на модели: XS. Рост модели: 176 см. ОГ-ОТ-ОБ: 82-60-89 см.",Женский,https://cdn1.ozone.ru/s3/multimedia-m/6104117998.jpg,yes,709,4.9,Zolla,322716827,Блузка Zolla,43,https://www.ozon.ru/product/bluzka-zolla-322716827/
Zolla,"Одежда, Женщинам, Блузы и рубашки",Черный,"Лёгкая женская рубашка прямого кроя с подхватами на рукавах прекрасно подойдёт для создания расслабленного делового или изысканного повседневного образа. Прямой силуэт, отложной воротник, длинный рукав с манжетой на пуговице и подхватом, накладные нагрудные карманы, короткие боковые разрезы, удлинённая спинка, застёжка на пуговицах. Размер на модели: XS. Рост модели: 177 см. ОГ-ОТ-ОБ: 82-61-89 см.",Женский,https://cdn1.ozone.ru/s3/multimedia-b/6247644911.jpg,yes,1151,3.0,Zolla,487439885,Рубашка Zolla,1,https://www.ozon.ru/product/rubashka-zolla-487439885/
Zolla,"Одежда, Женщинам, Блузы и рубашки",Слоновая кость,"Белая женская рубашка с нежным анималистичным принтом поможет добавить оригинальности и разнообразит привычный деловой или повседневный образ. Прямой силуэт, отложной воротник, длинный рукав с манжетой на пуговице, закруглённый нижний край, застёжка на пуговицах. Размер на модели: XS.. Рост модели: 174 см. ОГ-ОТ-ОБ: 86-58-90,5 см.",Женский,https://cdn1.ozone.ru/s3/multimedia-u/6272394930.jpg,yes,1376,0.0,Zolla,522397925,Рубашка Zolla,0,https://www.ozon.ru/product/rubashka-zolla-522397925/
Zolla,"Одежда, Женщинам, Блузы и рубашки",Голубой,Рубашка женская,Женский,https://cdn1.ozone.ru/s3/multimedia-y/6104133886.jpg,yes,551,4.9,Zolla,322740365,Рубашка Zolla,19,https://www.ozon.ru/product/rubashka-zolla-322740365/
Zolla,"Одежда, Женщинам, Блузы и рубашки",Слоновая кость,"Женский джемпер из мягкого эластичного трикотажа ажурной вязки - комфортная, но при этом нежная и женственная модель, которая будет уместна в любой обстановке. Прямой силуэт, круглый вырез, объёмный длинный рукав с узкой манжетой. Размер на модели: XS. Рост модели: 177 см. ОГ-ОТ-ОБ: 84-60-90 см.",Женский,https://cdn1.ozone.ru/s3/multimedia-7/6262172599.jpg,yes,1079,5.0,Zolla,507126446,Рубашка Zolla,1,https://www.ozon.ru/product/rubashka-zolla-507126446/
Zolla,"Одежда, Женщинам, Блузы и рубашки",Хаки,"Блузка из воздушного материала с цветочным принтом позволит вам создать элегантный образ на каждый день. Свободный силуэт, вырез на завязках, объемные длинные рукава на резинке. Размер на модели: XS. Рост модели: 172 см. ОГ-ОТ-ОБ: 81-57-86 см.",Женский,https://cdn1.ozone.ru/s3/multimedia-w/6234929912.jpg,yes,1439,4.8,Zolla,468942396,Блузка Zolla,4,https://www.ozon.ru/product/bluzka-zolla-468942396/
Zolla,"Одежда, Женщинам, Блузы и рубашки",Голубой,,Женский,https://cdn1.ozone.ru/s3/multimedia-9/6063910341.jpg,yes,988,4.6,Zolla,264850779,Рубашка Zolla,13,https://www.ozon.ru/product/rubashka-zolla-264850779/
Zolla,"Одежда, Женщинам, Блузы и рубашки",Черный,"Чёрная женская блузка с декоративными металлическими заклёпками у выреза горловины станет украшением ваших повседневных, деловых или торжественных образов. Эластичная ткань, прямой силуэт, круглый вырез, двойной короткий рукав-крылышко, застёжка на пуговицу у ворота сзади. Размер на модели: XS.",Женский,https://cdn1.ozone.ru/s3/multimedia-p/6247660513.jpg,yes,1259,5.0,Zolla,484857772,Блузка Zolla,1,https://www.ozon.ru/product/bluzka-zolla-484857772/
Zolla,"Одежда, Женщинам, Блузы и рубашки",Слоновая кость,"Женская блузка прямого силуэта выполнена из лёгкого полупрозрачного материала с фактурным узором и блестящими нитями люрекса. Прямой силуэт, непрозрачный подклад, круглый вырез, рукав фасона ""фонарик"" 3/4 с эластичной резинкой на манжете, застёжка на пуговицу на вороте сзади. Размер на модели: XS. Рост модели: 177 см. ОГ-ОТ-ОБ: 82-61-89 см.",Женский,https://cdn1.ozone.ru/s3/multimedia-w/6247645256.jpg,yes,1367,5.0,Zolla,484803782,Блузка Zolla,2,https://www.ozon.ru/product/bluzka-zolla-484803782/
Zolla,"Одежда, Женщинам, Блузы и рубашки",Голубой,"Блузка прямого силуэта с V-образным вырезом из лёгкого материала с контрастным принтом прекрасно дополнит образ с джинсами скинни, брюками или юбкой в стиле casual. Размер на модели: XS.",Женский,https://cdn1.ozone.ru/s3/multimedia-g/6234938752.jpg,yes,1145,4.5,Zolla,468945913,Блузка Zolla,2,https://www.ozon.ru/product/bluzka-zolla-468945913/
Zolla,"Одежда, Женщинам, Блузы и рубашки",Белый,"Воздушные женские профили на белом - элегантный дизайн рубашки, который подойдет стильным и романтичным модницам. Свободный силуэт, отложной воротник, спущенная линия плеча, длинный рукав с манжетой на пуговице, короткие боковые разрезы, удлинённая спинка, застёжка на пуговицы под планкой. Размер на модели: XS.",Женский,https://cdn1.ozone.ru/s3/multimedia-a/6234916390.jpg,yes,1473,4.0,Zolla,468937102,Рубашка Zolla,2,https://www.ozon.ru/product/rubashka-zolla-468937102/
Zolla,"Одежда, Женщинам, Блузы и рубашки",Слоновая кость,,Женский,https://cdn1.ozone.ru/s3/multimedia-1/6056843317.jpg,yes,799,4.6,Zolla,248961840,Блузка Zolla,12,https://www.ozon.ru/product/bluzka-zolla-248961840/
Zolla,"Одежда, Женщинам, Блузы и рубашки",Голубой,"Классическая женская рубашка с узором в тонкую голубую полоску - отличный вариант для комфортной работы и приятного отдыха. Прямой силуэт, отложной воротник, длинный рукав с манжетой на пуговице, накладной нагрудный карман с металлическим пином-нашивкой, закруглённая нижняя кромка, короткие боковые разрезы, застёжка на пуговицы. Размер на модели: XS. Рост модели: 175 см. ОГ-ОТ-ОБ: 86-58-90 см.",Женский,https://cdn1.ozone.ru/s3/multimedia-u/6234916446.jpg,yes,1394,5.0,Zolla,468937127,Рубашка Zolla,5,https://www.ozon.ru/product/rubashka-zolla-468937127/
Zolla,"Одежда, Женщинам, Блузы и рубашки",Светло-серый,,Женский,https://cdn1.ozone.ru/s3/multimedia-t/6049139669.jpg,yes,599,4.8,Zolla,226133133,Блузка Zolla,18,https://www.ozon.ru/product/bluzka-zolla-226133133/
Zolla,"Одежда, Женщинам, Блузы и рубашки",Бежевый,"Стильная блузка свободного силуэта из гладкого атласа акцентирована леопардовым принтом в сдержанной гамме. Отложной воротник, длинный спущенный рукав с манжетой на пуговице. Размер на модели: XS. Рост модели: 176 см. ОГ-ОТ-ОБ: 84-61-89 см.",Женский,https://cdn1.ozone.ru/s3/multimedia-1/6234929701.jpg,yes,1473,4.5,Zolla,468941559,Рубашка Zolla,2,https://www.ozon.ru/product/rubashka-zolla-468941559/
Zolla,"Одежда, Женщинам, Блузы и рубашки",Светло-зеленый,"Оригинальная блузка из гладкого жатого материала с принтом акцентирована черным поясом, подчеркивающим талию. Полуприлегающий силуэт, эластичный материал, круглый вырез, длинный рукав на резинке. Без застёжки. Размер на модели: XS. Рост модели: 172 см. ОГ-ОТ-ОБ: 81-57-86 см.",Женский,https://cdn1.ozone.ru/s3/multimedia-4/6234955192.jpg,yes,1032,4.5,Zolla,468953167,Рубашка Zolla,2,https://www.ozon.ru/product/rubashka-zolla-468953167/
Zolla,"Одежда, Женщинам, Одежда больших размеров",Слоновая кость,Удлиненная блузка из вискозы украшена ярким тропическим принтом. Талия акцентирована съемным поясом. Без карманов. Размер на модели: S. Рост модели: 175 см. ОГ-ОТ-ОБ: 86-62-93 см.,Женский,https://cdn1.ozone.ru/s3/multimedia-n/6066142751.jpg,yes,1277,5.0,Zolla,248961833,Блузка Zolla,3,https://www.ozon.ru/product/bluzka-zolla-248961833/
Zolla,"Одежда, Женщинам, Блузы и рубашки",Темно-синий,"Женская блузка с фактурным цветочным узором с блёстками на передней части прекрасно подойдёт к романтичным и женственным повседневным аутфитам. Силуэт ""баллон"", круглый вырез, спущенный короткий рукав, эластичная утягивающая резинка на нижней кромке. Размер на модели: S. Рост модели: 176 см. ОГ-ОТ-ОБ: 84-61-89 см.",Женский,https://cdn1.ozone.ru/s3/multimedia-6/6286557342.jpg,yes,1399,5.0,Zolla,543934241,Блузка Zolla,1,https://www.ozon.ru/product/bluzka-zolla-543934241/
Zolla,"Одежда, Женщинам, Блузы и рубашки",Слоновая кость,"Блузка без рукавов выполнена из легкого, красиво струящегося материала нежного оттенка айвери. Прямой силуэт, V-образный вырез, планка на пуговицах, скругленный нижний край. Размер на модели: XS. Рост модели: 175 см. ОГ-ОТ-ОБ: 86-62-93 см.",Женский,https://cdn1.ozone.ru/s3/multimedia-n/6066143255.jpg,yes,746,4.5,Zolla,244690143,Блузка Zolla,17,https://www.ozon.ru/product/bluzka-zolla-244690143/
Zolla,"Одежда, Женщинам, Блузы и рубашки",Слоновая кость,Простой крой этой рубашки из нежной вискозы дополнен оригинальным принтом с изображением фауны тропического острова. Модель прямого силуэта с отложным воротником и рукавами 3/4 в сочетании с базовыми вещами с легкостью дополнит ваши стильные повседневные образы. Размер на модели: XS. Рост модели: 175 см. ОГ-ОТ-ОБ: 83-60-89 см.,Женский,https://cdn1.ozone.ru/s3/multimedia-5/6063910265.jpg,yes,988,4.9,Zolla,264850631,Рубашка Zolla,20,https://www.ozon.ru/product/rubashka-zolla-264850631/
Zolla,"Одежда, Женщинам, Блузы и рубашки",Слоновая кость,"Белый женский топ из эластичного ажурного кружева с полупрозрачной кокеткой станет очаровательным украшением вашего гардероба. Полуприлегающий силуэт, непрозрачный подклад, круглый вырез, короткий рукав ""крылышко"", застёжка на пуговицу у ворота сзади. Размер на модели: XS. Рост модели: 176 см. ОГ-ОТ-ОБ: 83-60-88 см.",Женский,https://cdn1.ozone.ru/s3/multimedia-3/6247652571.jpg,yes,1223,0.0,Zolla,484818913,Блузка Zolla,0,https://www.ozon.ru/product/bluzka-zolla-484818913/
Zolla,"Одежда, Женщинам, Блузы и рубашки",Голубой,,Женский,https://cdn1.ozone.ru/s3/multimedia-0/6045508464.jpg,yes,953,4.8,Zolla,234150854,Блузка Zolla,5,https://www.ozon.ru/product/bluzka-zolla-234150854/
Zolla,"Одежда, Женщинам, Блузы и рубашки",Белый,"Нежная женственная блузка из эластичной хлопковой ткани с фактурным узором добавит вашим образам лёгкости и изящества. Прилегающий силуэт, круглый вырез, короткий рукав фасона ""фонарик"" на резинке. Размер на модели: XS. Рост модели: 172 см. ОГ-ОТ-ОБ: 84-60-86 см.",Женский,https://cdn1.ozone.ru/s3/multimedia-b/6262174439.jpg,yes,1133,0.0,Zolla,507135819,Блузка Zolla,0,https://www.ozon.ru/product/bluzka-zolla-507135819/
Zolla,"Одежда, Женщинам, Блузы и рубашки",Черный,"Нежная блузка из легкого материала с цветочным принтом создаст изящный образ на каждый день. Объемный силуэт, тонкая резинка на манжетах и по нижнему краю. Вырез украшен шармом со сверкающими стразами. Размер на модели: XS. Рост модели: 172 см. ОГ-ОТ-ОБ: 81-57-86 см.",Женский,https://cdn1.ozone.ru/s3/multimedia-7/6167456599.jpg,yes,1079,4.8,Zolla,416372344,Рубашка Zolla,4,https://www.ozon.ru/product/rubashka-zolla-416372344/
Zolla,"Одежда, Женщинам, Блузы и рубашки",Слоновая кость,,Женский,https://cdn1.ozone.ru/s3/multimedia-4/6056883136.jpg,yes,764,4.4,Zolla,248961689,Блузка Zolla,7,https://www.ozon.ru/product/bluzka-zolla-248961689/
Zolla,"Одежда, Женщинам, Блузы и рубашки",Слоновая кость,"Лёгкая женская блузка прямого кроя с коротким рукавом прекрасно подойдёт для создания расслабленного делового или очаровательного повседневного образа. Прямой силуэт, отложной воротник, короткий спущенный рукав с отворотом, короткая планка на пуговицах, короткие боковые разрезы. Размер на модели: XS. Рост модели: 176 см. ОГ-ОТ-ОБ: 83-60-88 см.",Женский,https://cdn1.ozone.ru/s3/multimedia-3/6247652607.jpg,yes,1223,5.0,Zolla,484818044,Рубашка Zolla,2,https://www.ozon.ru/product/rubashka-zolla-484818044/
Zolla,"Одежда, Женщинам, Блузы и рубашки",Слоновая кость,"Нарядная женская блузка с контрастными леопардовым узором и пояском в тон подойдет как для нестрогого офисного дресс-кода, так и для комфортной повседневной носки. Приталенный силуэт, круглый ворот, треугольный вырез с металлической цепочкой на груди, короткий спущенный рука, съёмный тканевый пояс в комплекте. Размер на модели: XS.",Женский,https://cdn1.ozone.ru/s3/multimedia-o/6247652448.jpg,yes,1223,0.0,Zolla,484818195,Блузка Zolla,0,https://www.ozon.ru/product/bluzka-zolla-484818195/
Zolla,"Одежда, Женщинам, Блузы и рубашки",Серый,,Женский,https://cdn1.ozone.ru/s3/multimedia-x/6049140969.jpg,yes,593,4.8,Zolla,226164171,Блузка Zolla,38,https://www.ozon.ru/product/bluzka-zolla-226164171/
Zolla,"Одежда, Женщинам, Блузы и рубашки",Черный,"Блузка объемного силуэта гармонично дополнит повседневный образ с брюками, юбкой или джинсами. Блузка имеет тонкую резинку на манжетах и по нижнему краю и круглый вырез с завязками. Размер на модели: XS.",Женский,https://cdn1.ozone.ru/s3/multimedia-t/6167442941.jpg,yes,1519,4.5,Zolla,416351924,Блузка Zolla,2,https://www.ozon.ru/product/bluzka-zolla-416351924/
Zolla,"Одежда, Женщинам, Блузы и рубашки",Голубой,"Женская рубашка с узором в тонкую голубую полоску и акцентными манжетами-завязками на рукавах поможет добавить оригинальности и разнообразит привычный деловой или повседневный образ. Хлопковая ткань, силуэт oversize, отложной воротник, спущенная линия плеча, рукав 3/4 с манжетой с завязками, нагрудный карман, закруглённый нижний край, удлинённая спинка, застёжка на пуговицах. Размер на модели: XS. Рост модели: 174 см. ОГ-ОТ-ОБ: 86-58-90,5 см.",Женский,https://cdn1.ozone.ru/s3/multimedia-9/6272395125.jpg,yes,1781,0.0,Zolla,522397675,Рубашка Zolla,0,https://www.ozon.ru/product/rubashka-zolla-522397675/
Zolla,"Одежда, Женщинам, Блузы и рубашки",Слоновая кость,"Лаконичная блузка из мягкой, дышащей вискозы. Изделие свободного кроя с V-образным вырезом, переходящим в планку на пуговицах, и короткими рукавами прекрасно сочетается с вещами из денима. Размер на модели: S. Рост модели: 177 см. ОГ-ОТ-ОБ: 86-63-92 см.",Женский,https://cdn1.ozone.ru/s3/multimedia-h/6066143393.jpg,yes,759,4.9,Zolla,248961848,Блузка Zolla,15,https://www.ozon.ru/product/bluzka-zolla-248961848/
Zolla,"Одежда, Женщинам, Блузы и рубашки",Белый,"Белая женская рубашка с акцентными манжетами-завязками на рукавах поможет добавить оригинальности и разнообразит привычный деловой или повседневный образ. Хлопковая ткань, силуэт oversize, отложной воротник, спущенная линия плеча, рукав 3/4 с манжетой с завязками, нагрудный карман, закруглённый нижний край, удлинённая спинка, застёжка на пуговицах. Размер на модели: XS. Рост модели: 177 см. ОГ-ОТ-ОБ: 84-60-90 см.",Женский,https://cdn1.ozone.ru/s3/multimedia-q/6272395106.jpg,yes,1781,0.0,Zolla,522398189,Рубашка Zolla,0,https://www.ozon.ru/product/rubashka-zolla-522398189/
Zolla,"Одежда, Женщинам, Блузы и рубашки",Белый,"Блузка с вышивкой ришелье выполнена из мягкого, дышащего хлопка. Изделие прямого силуэта акцентировано элегантным V-образным вырезом и объемными рукавами-фонариками. Застежка на ряд пуговиц. Размер на модели: XS. Рост модели: 175 см. ОГ-ОТ-ОБ: 86-62-93 см.",Женский,https://cdn1.ozone.ru/s3/multimedia-o/6066143364.jpg,yes,989,4.2,Zolla,248961643,Блузка Zolla,11,https://www.ozon.ru/product/bluzka-zolla-248961643/
Zolla,"Одежда, Женщинам, Блузы и рубашки",Голубой,"Непринужденный свободный крой рубашки гармонично дополнен невероятно женственной брошью. Силуэт оверсайз, легкий дышащий материал, рукава 3/4. Комбинируйте изделие с джинсами любого кроя и посадки: от скинни до бойфрендов. Размер на модели: XS. Рост модели: 176 см. ОГ-ОТ-ОБ: 82-60-89 см.",Женский,https://cdn1.ozone.ru/s3/multimedia-z/6033872939.jpg,yes,999,4.0,Zolla,204017208,Рубашка Zolla,10,https://www.ozon.ru/product/rubashka-zolla-204017208/
Zolla,"Одежда, Женщинам, Блузы и рубашки",Черный,,Женский,https://cdn1.ozone.ru/s3/multimedia-t/6049145357.jpg,yes,503,4.8,Zolla,225770135,Блузка Zolla,21,https://www.ozon.ru/product/bluzka-zolla-225770135/
Zolla,"Одежда, Женщинам, Блузы и рубашки",Белый,"Нежная женственная блузка из эластичной фактурной ткани добавит вашим образам лёгкости и изящества. Прилегающий силуэт, круглый вырез, короткий рукав фасона ""фонарик"" на резинке. Размер на модели: XS. Рост модели: 174 см. ОГ-ОТ-ОБ: 86-58-90,5 см.",Женский,https://cdn1.ozone.ru/s3/multimedia-1/6262168381.jpg,yes,1133,0.0,Zolla,507115709,Блузка Zolla,0,https://www.ozon.ru/product/bluzka-zolla-507115709/
Zolla,"Одежда, Женщинам, Блузы и рубашки",Белый,"Белая женская рубашка из эластичной ткани с высоким содержанием хлопка в составе идеально дополнит строгий деловой образ и будет незаменима для работы, учебы или деловых встреч. Полуприлегающий силуэт, отложной воротник, длинный рукав с манжетой на пуговицах, закруглённая нижняя кромка, планка на пуговицах. Размер на модели: XS.",Женский,https://cdn1.ozone.ru/s3/multimedia-c/6236623980.jpg,yes,1151,5.0,Zolla,469783714,Рубашка Zolla,2,https://www.ozon.ru/product/rubashka-zolla-469783714/
