item>>01 ASIN,item>>02 Parent ASIN,item>>03 Title,item>>04 Brand,item>>05 Seller,item>>06 Fulfilled by Amazon,item>>07 Sales Rank 1,item>>08 Sales Rank 1 Caregory,item>>09 Sales Rank 2,item>>10 Sales Rank 2 Category,item>>11 Sales Rank 3,item>>12 Sales Rank 3 Category,item>>13 Categories,item>>14 URL,item>>15 Color,item>>16 Size,item>>19 Price,item>>20 Availability,item>>21 Images
B07DRHG6XT,B07F2DRX8Q,TIJN Blue Light Blocking Glasses Square Nerd Eyeglasses Frame Computer Game Glasses,TIJN,TIJN,yes,2,Clothing & Accessories,1,Women's Prescription Eyewear Frames,1,Women's Sunglasses,Clothing & Accessories|Women|Accessories|Eyewear & Accessories|Prescription Eyewear Frames,https://www.amazon.ca/dp/B07DRHG6XT?psc=1,(01)-Transparent,,19.99,In Stock.,https://images-na.ssl-images-amazon.com/images/I/41pYLFFao6L._AC_UL1100_.jpg|https://images-na.ssl-images-amazon.com/images/I/618l9u1RieL._AC_UL1100_.jpg|https://images-na.ssl-images-amazon.com/images/I/61RLLp649QL._AC_UL1400_.jpg|https://images-na.ssl-images-amazon.com/images/I/618zNxyzeoL._AC_UL1400_.jpg|https://images-na.ssl-images-amazon.com/images/I/61NyDIl6meL._AC_UL1400_.jpg|https://images-na.ssl-images-amazon.com/images/I/81ghx1-1eBL._AC_UL1400_.jpg
B07G35B59V,B085RG6TXQ,ALONG FIT Yoga Pants for Women mesh Leggings with Side Pockets Mid Waisted Leggings,ALONG FIT,AlongFit,yes,3,Clothing & Accessories,1,Women's Athletic Tights & Leggings,,,Clothing & Accessories|Women|Activewear|Tights & Leggings,https://www.amazon.ca/dp/B07G35B59V?psc=1,Capri-BLACK,X-Small,27.99,In Stock.,https://images-na.ssl-images-amazon.com/images/I/51sY1k-T7qL._AC_UL1300_.jpg|https://images-na.ssl-images-amazon.com/images/I/61o6xqgJozL._AC_UL1300_.jpg|https://images-na.ssl-images-amazon.com/images/I/61kN0DIKVwL._AC_UL1300_.jpg|https://images-na.ssl-images-amazon.com/images/I/71xKI5N-jPL._AC_UL1300_.jpg|https://images-na.ssl-images-amazon.com/images/I/612YJ0q6xbL._AC_UL1300_.jpg|https://images-na.ssl-images-amazon.com/images/I/71sVc2edDTL._AC_UL1300_.jpg|https://images-na.ssl-images-amazon.com/images/I/71IcwGcnItL._AC_UL1300_.jpg
B081RVWPFS,B07YHCRM6J,QUEENIEKE Women Yoga Legging Running High Waist Pants Workout Tights 60129,QUEENIEKE,Queenie Ke,yes,8,Clothing & Accessories,1,Women's Leggings,2,Women's Athletic Tights & Leggings,Clothing & Accessories|Women|Leggings,https://www.amazon.ca/dp/B081RVWPFS?psc=1,Blue Bloom,X-Small,30.99,In Stock.,https://images-na.ssl-images-amazon.com/images/I/61Y9eyvnkrL._AC_UL1300_.jpg|https://images-na.ssl-images-amazon.com/images/I/61uIGe%2BT0gL._AC_UL1300_.jpg|https://images-na.ssl-images-amazon.com/images/I/61O6NO0JOAL._AC_UL1300_.jpg|https://images-na.ssl-images-amazon.com/images/I/611fbtx4WFL._AC_UL1300_.jpg|https://images-na.ssl-images-amazon.com/images/I/71qPrHLNlJL._AC_UL1000_.jpg|https://images-na.ssl-images-amazon.com/images/I/81I5WHbnhQL._AC_UL1500_.jpg
B07ZGN56VN,B0824VMFYM,habibee Angelhood Womens Nursing Bra Seamless Sleep Breastfeeding Maternity Bra with Remove Bra Pads Extenders 3 Pack,habibee,habi-accessories,yes,10,Clothing & Accessories,1,Maternity Lingerie & Underwear,,,Clothing & Accessories|Women|Shops|Maternity|Lingerie & Underwear,https://www.amazon.ca/dp/B07ZGN56VN?psc=1,Black/Nude/Pink,Small,33.99,In Stock.,https://images-na.ssl-images-amazon.com/images/I/81Hlc93U5aL._AC_UL1500_.jpg|https://images-na.ssl-images-amazon.com/images/I/71MXCzGfoeL._AC_UL1500_.jpg|https://images-na.ssl-images-amazon.com/images/I/71uRa%2BsSiBL._AC_UL1500_.jpg|https://images-na.ssl-images-amazon.com/images/I/71fs4X2-7fL._AC_UL1500_.jpg|https://images-na.ssl-images-amazon.com/images/I/71gGt50PqsL._AC_UL1500_.jpg|https://images-na.ssl-images-amazon.com/images/I/71TxWk0tMBL._AC_UL1500_.jpg|https://images-na.ssl-images-amazon.com/images/I/71nfKUarnuL._AC_UL1500_.jpg
B07J4NWC5W,B07RXR6R6M,ALONG FIT High Waisted Leggings with Pockets for Women Workout Tummy Control Leggings,ALONG FIT,AlongFit,yes,13,Clothing & Accessories,2,Women's Leggings,1,Women's Athletic Pants,Clothing & Accessories|Women|Leggings,https://www.amazon.ca/dp/B07J4NWC5W?psc=1,High waist-Army Green,X-Small,28.99,In Stock.,https://images-na.ssl-images-amazon.com/images/I/51i6%2BRmoQ9L._AC_UL1300_.jpg|https://images-na.ssl-images-amazon.com/images/I/611jXhwjUDL._AC_UL1300_.jpg|https://images-na.ssl-images-amazon.com/images/I/61Eui30ZCLL._AC_UL1300_.jpg|https://images-na.ssl-images-amazon.com/images/I/61G6%2Ba9SBML._AC_UL1300_.jpg|https://images-na.ssl-images-amazon.com/images/I/51ShRzAvDeL._AC_UL1300_.jpg|https://images-na.ssl-images-amazon.com/images/I/71C7M6W3RlL._AC_UL1300_.jpg|https://images-na.ssl-images-amazon.com/images/I/71g6NbDyzXL._AC_UL1300_.jpg
B073WVDG6G,B073WTRF7C,Assivia Womens Wide Leg Yoga Palazzo Pants Casual Printed Drawstring Trousers,Assivia,Assivia,no,14,Clothing & Accessories,1,Women's Plus Activewear,2,Women's Athletic Pants,Clothing & Accessories|Women|Activewear|Pants,https://www.amazon.ca/dp/B073WVDG6G?psc=1,Black,Small,19.99,In Stock.,https://images-na.ssl-images-amazon.com/images/I/61oF0mSb1tL._AC_UL1300_.jpg|https://images-na.ssl-images-amazon.com/images/I/51lSc%2BAJE-L._AC_.jpg|https://images-na.ssl-images-amazon.com/images/I/51GN7SqhgtL._AC_.jpg|https://images-na.ssl-images-amazon.com/images/I/71dmNOfnHRL._AC_UL1500_.jpg|https://images-na.ssl-images-amazon.com/images/I/71XlUYnrYeL._AC_UL1500_.jpg|https://images-na.ssl-images-amazon.com/images/I/81xKRrhdFJL._AC_UL1500_.jpg
B07F6JLWV8,B07F9QCKRR,SEASUM Women's High Waist Leggings Ruched Butt Shapewear Tights Yoga Pants,SEASUM,FVBACK-Direct,no,17,Clothing & Accessories,1,Women's Fitness Clothing,3,Women's Leggings,Clothing & Accessories|Women|Leggings,https://www.amazon.ca/dp/B07F6JLWV8?psc=1,#1Black,Small,22.99,Usually ships within 2 to 3 days.,https://images-na.ssl-images-amazon.com/images/I/716Zk5MiWzL._AC_UL1500_.jpg|https://images-na.ssl-images-amazon.com/images/I/61eNwpnf87L._AC_UL1001_.jpg|https://images-na.ssl-images-amazon.com/images/I/715zZ-Np9RL._AC_UL1001_.jpg|https://images-na.ssl-images-amazon.com/images/I/719Q4uwv7gL._AC_UL1001_.jpg|https://images-na.ssl-images-amazon.com/images/I/71bCrNHSlML._AC_UL1500_.jpg|https://images-na.ssl-images-amazon.com/images/I/71SfbUYFJTL._AC_UL1001_.jpg
B00ZUNKEHG,B00ZUNEZ7Q,Hanes Women's Midrise Cinch-Bottom Fleece Sweatpant,Hanes,Amazon,no,20,Clothing & Accessories,3,Women's Athletic Pants,,,Clothing & Accessories|Women|Activewear|Pants,https://www.amazon.ca/dp/B00ZUNKEHG?psc=1,Ebony,Small,12.99,In Stock.,https://images-na.ssl-images-amazon.com/images/I/81gQcq%2BRDwL._AC_UL1500_.jpg|https://images-na.ssl-images-amazon.com/images/I/81KkYGTdLUL._AC_UL1500_.jpg|https://images-na.ssl-images-amazon.com/images/I/41XM0trqEpL._AC_.jpg
B07PTNVYJL,B0773D5LRV,wirarpa Women's High Waisted Cotton Underwear Ladies Soft Full Briefs Panties Multipack,wirarpa,Wirarpa Apparel Shop,yes,22,Clothing & Accessories,1,Women's Briefs,,,"Clothing & Accessories|Women|Lingerie, Sleep & Lounge|Lingerie & Underwear|Panties|Briefs",https://www.amazon.ca/dp/B07PTNVYJL?psc=1,Black-4 Pack,X-Small,24.99,In Stock.,https://images-na.ssl-images-amazon.com/images/I/61L9vfUra9L._AC_UL1200_.jpg|https://images-na.ssl-images-amazon.com/images/I/61sjqbseIyL._AC_UL1200_.jpg|https://images-na.ssl-images-amazon.com/images/I/61kwWUza8fL._AC_UL1200_.jpg|https://images-na.ssl-images-amazon.com/images/I/61meoFFh3bL._AC_UL1200_.jpg|https://images-na.ssl-images-amazon.com/images/I/71AI%2B6WtUzL._AC_UL1200_.jpg|https://images-na.ssl-images-amazon.com/images/I/71IcjgXfsML._AC_UL1200_.jpg|https://images-na.ssl-images-amazon.com/images/I/61c6wBziyWL._AC_UL1200_.jpg
B07KKSQ168,B07K97VSPV,Fruit of the Loom Womens Cotton Pullover Sport Bra (Pack of 3) Sports Bra,Fruit of the Loom,Amazon,no,26,Clothing & Accessories,1,Women's Sports Bras,,,Clothing & Accessories|Women|Activewear|Sports Bras & Underwear|Sports Bras,https://www.amazon.ca/dp/B07KKSQ168?psc=1,Blushing Rose With Black/Charcoal/Black,32,16.99,In Stock.,https://images-na.ssl-images-amazon.com/images/I/71TyajZfQiL._AC_UL1500_.jpg|https://images-na.ssl-images-amazon.com/images/I/61YzzYudwBL._AC_UL1500_.jpg|https://images-na.ssl-images-amazon.com/images/I/71TucXPtDqL._AC_UL1500_.jpg|https://images-na.ssl-images-amazon.com/images/I/71mbSSZMjVL._AC_UL1500_.jpg|https://images-na.ssl-images-amazon.com/images/I/71DFVdM5CjL._AC_UL1500_.jpg|https://images-na.ssl-images-amazon.com/images/I/71PcWRzHl1L._AC_UL1500_.jpg|https://images-na.ssl-images-amazon.com/images/I/61oEXbLxIzL._AC_UL1500_.jpg|https://images-na.ssl-images-amazon.com/images/I/719Bi8J0BVL._AC_UL1500_.jpg
B007HRWI4U,B009YR34AI,WONDERWINK Women's Scrubs Bravo 5 Pocket V-Neck Top,WONDERWINK,Amazon,no,29,Clothing & Accessories,1,Women's Medical Scrub Tops,2,"Men's Uniforms, Work & Safety","Clothing & Accessories|Women|Shops|Plus-Size|Lingerie, Sleep & Lounge|Intimates",https://www.amazon.ca/dp/B007HRWI4U?psc=1,Black,XX-Small,18.99,Only 2 left in stock (more on the way).,https://images-na.ssl-images-amazon.com/images/I/81vWptIZdVL._AC_UL1500_.jpg|https://images-na.ssl-images-amazon.com/images/I/81-yWYDaB6L._AC_UL1500_.jpg
B01NBE8QDA,B01MRI6IBH,Ambielly Cute Animal Design Women's Casual Comfortable Cotton Crew Socks,Ambielly,OBBwoo,no,32,Clothing & Accessories,1,Women's Dress & Casual Socks,,,Clothing & Accessories|Women|Socks & Hosiery|Dress & Casual Socks,https://www.amazon.ca/dp/B01NBE8QDA?psc=1,3 Pairs Bohemia,,12.29,In Stock.,https://images-na.ssl-images-amazon.com/images/I/81NBS9WYOGL._AC_UL1500_.jpg|https://images-na.ssl-images-amazon.com/images/I/71o8CIel3-L._AC_UL1500_.jpg|https://images-na.ssl-images-amazon.com/images/I/81Vug2Ova%2BL._AC_UL1200_.jpg|https://images-na.ssl-images-amazon.com/images/I/71LeYA0rP4L._AC_UL1200_.jpg|https://images-na.ssl-images-amazon.com/images/I/71Dia1LJhQL._AC_UL1200_.jpg|https://images-na.ssl-images-amazon.com/images/I/71OWP25etdL._AC_UL1200_.jpg
B06Y5YX7W9,B07118YQ4W,WHITE CROSS Fit Women's Jogger Scrub Pant,WHITE CROSS,Professional Outfitters,yes,33,Clothing & Accessories,1,Women's Medical Scrub Bottoms,13,Women's Clothing,"Clothing & Accessories|Uniforms, Work & Safety|Women|Medical|Scrub Bottoms",https://www.amazon.ca/dp/B06Y5YX7W9?psc=1,Black,XX-Small,39.07,In Stock.,https://images-na.ssl-images-amazon.com/images/I/61zyr336C9L._AC_UL1500_.jpg
B07K1CV1DT,B07K162CM2,Freemale Womens Mama Bear Sweatshirt Long Sleeve Pullover Casual Pocket Blouses,Freemale,Freemale,yes,34,Clothing & Accessories,1,Women's Sweatshirts,,,Clothing & Accessories|Women|Hoodies & Sweatshirts|Sweatshirts,https://www.amazon.ca/dp/B07K1CV1DT?psc=1,Black,Small,29.99,In Stock.,https://images-na.ssl-images-amazon.com/images/I/71OsE-GiudL._AC_UL1500_.jpg|https://images-na.ssl-images-amazon.com/images/I/61vgBW2W1TL._AC_UL1500_.jpg|https://images-na.ssl-images-amazon.com/images/I/71bvBMTV0TL._AC_UL1466_.jpg
B07G6K2KT3,B07G6JD7JJ,YAMTHR Womens Wide Leg Palazzo Pants Floral Printed High Waist Drawstring Trousers Lounge Pants,YAMTHR,YAMTHR Direct,no,39,Clothing & Accessories,4,Women's Athletic Pants,,,Clothing & Accessories|Women|Activewear|Pants,https://www.amazon.ca/dp/B07G6K2KT3?psc=1,Army Green,Small,19.99,In Stock.,https://images-na.ssl-images-amazon.com/images/I/61QXrlljeGL._AC_UL1500_.jpg|https://images-na.ssl-images-amazon.com/images/I/61ar36XpmVL._AC_UL1000_.jpg|https://images-na.ssl-images-amazon.com/images/I/71GN3eOOh6L._AC_UL1500_.jpg|https://images-na.ssl-images-amazon.com/images/I/71QeoMy9eFL._AC_UL1500_.jpg|https://images-na.ssl-images-amazon.com/images/I/911Zz0J3hkL._AC_UL1500_.jpg
B00L5YL1M6,B00L5YKF0A,Hanes Women's Cozy Seamless Wire-Free Bra,Hanes,Amazon,no,40,Clothing & Accessories,1,Women's Everyday Bras,,,"Clothing & Accessories|Women|Lingerie, Sleep & Lounge|Lingerie & Underwear|Bras|Everyday Bras",https://www.amazon.ca/dp/B00L5YL1M6?psc=1,White,Small,13.99,In Stock.,https://images-na.ssl-images-amazon.com/images/I/61cf4%2BPW2%2BL._AC_UL1258_.jpg|https://images-na.ssl-images-amazon.com/images/I/61GqkMvlo1L._AC_UL1275_.jpg|https://images-na.ssl-images-amazon.com/images/I/41oUFrQAN0L._AC_.jpg|https://images-na.ssl-images-amazon.com/images/I/41wjVUQGpyL._AC_.jpg|https://images-na.ssl-images-amazon.com/images/I/41Cd4dU%2BZ6L._AC_.jpg|https://images-na.ssl-images-amazon.com/images/I/41FI7k49JdL._AC_.jpg
B0170BTJAS,B07FN9MQYL,"9PCS Magic Scarf, Seamless Bandanas Tube, Headband",KINGREE,Kingree International Limited,yes,42,Clothing & Accessories,1,Women's Fashion Scarves,2,Sports Fan Headbands,Clothing & Accessories|Women|Accessories|Scarves & Wraps|Fashion Scarves,https://www.amazon.ca/dp/B0170BTJAS?psc=1,3x3 Solid Color (1),,24.07,Only 1 left in stock.,https://images-na.ssl-images-amazon.com/images/I/71cVV9JLw5L._AC_UL1300_.jpg|https://images-na.ssl-images-amazon.com/images/I/81auWuF9K8L._AC_UL1500_.jpg|https://images-na.ssl-images-amazon.com/images/I/514lophpZ9L._AC_.jpg|https://images-na.ssl-images-amazon.com/images/I/81H2sWYcQrL._AC_UL1417_.jpg|https://images-na.ssl-images-amazon.com/images/I/71JB5Os%2B0RL._AC_UL1010_.jpg|https://images-na.ssl-images-amazon.com/images/I/51KPJysZywL._AC_.jpg|https://images-na.ssl-images-amazon.com/images/I/51bCFvrOkRL._AC_.jpg
B01N5P20S5,B01N39MD3T,QUEENIEKE Women Yoga Pants Hidden Pockets Workout Running Tights Plus Size Sport Leggings 60126,QUEENIEKE,Queenie Ke,yes,43,Clothing & Accessories,3,Women's Athletic Tights & Leggings,,,Clothing & Accessories|Women|Activewear|Tights & Leggings,https://www.amazon.ca/dp/B01N5P20S5?psc=1,Midnight Black,X-Small,30.99,In Stock.,https://images-na.ssl-images-amazon.com/images/I/71SfztUpBqL._AC_UL1500_.jpg|https://images-na.ssl-images-amazon.com/images/I/71wAtjhEJ2L._AC_UL1500_.jpg|https://images-na.ssl-images-amazon.com/images/I/61ocJF8y6rL._AC_UL1500_.jpg|https://images-na.ssl-images-amazon.com/images/I/61mrFQl-fyL._AC_UL1500_.jpg|https://images-na.ssl-images-amazon.com/images/I/81ZGD5-NhVL._AC_UL1500_.jpg|https://images-na.ssl-images-amazon.com/images/I/81D1e96ElgL._AC_UL1500_.jpg
B07SYNH37H,B072MT68VC,ODODOS High Waist Out Pocket Yoga Pants Tummy Control Workout Running 4 Way Stretch Yoga Leggings,ODODOS,ODODOS,yes,44,Clothing & Accessories,4,Women's Athletic Tights & Leggings,,,Clothing & Accessories|Women|Activewear|Tights & Leggings,https://www.amazon.ca/dp/B07SYNH37H?psc=1,PocketCapris714-Black,Small,25.98,In Stock.,https://images-na.ssl-images-amazon.com/images/I/51u9-lumBaL._AC_SL1500_.jpg|https://images-na.ssl-images-amazon.com/images/I/51HTkEuSfSL._AC_SL1500_.jpg|https://images-na.ssl-images-amazon.com/images/I/51izgroKqkL._AC_SL1500_.jpg|https://images-na.ssl-images-amazon.com/images/I/51gt9Zt273L._AC_SL1500_.jpg|https://images-na.ssl-images-amazon.com/images/I/61pjk5KSelL._AC_SL1499_.jpg|https://images-na.ssl-images-amazon.com/images/I/71-666ZOrKL._AC_SL1500_.jpg|https://images-na.ssl-images-amazon.com/images/I/612XpcAbD%2BL._AC_SL1250_.jpg
B07752LYFW,B0775F3D2C,Amazon Essentials Women's 2-Pack Classic-Fit Short-Sleeve V-Neck T-Shirt,Amazon Essentials,Amazon,no,45,Clothing & Accessories,1,Women's T-Shirts,,,"Clothing & Accessories|Women|Tops, Tees & Blouses|T-Shirts",https://www.amazon.ca/dp/B07752LYFW?psc=1,Aqua/White,X-Small,25,In Stock.,https://images-na.ssl-images-amazon.com/images/I/71e9IDoNK3L._AC_UL1500_.jpg|https://images-na.ssl-images-amazon.com/images/I/81ibqgPTFSL._AC_UL1500_.jpg|https://images-na.ssl-images-amazon.com/images/I/815W-pEzAFL._AC_UL1500_.jpg|https://images-na.ssl-images-amazon.com/images/I/71sHYy1rgUL._AC_UL1500_.jpg
B017XVYVQC,B017XVYQYY,PUMA Women's 6 Pack Low Cut Socks,PUMA,Amazon,no,49,Clothing & Accessories,1,Women's Athletic Socks,,,Clothing & Accessories|Women|Activewear|Socks,https://www.amazon.ca/dp/B017XVYVQC?psc=1,Black W/ White,9 - 11,12.09,In Stock.,https://images-na.ssl-images-amazon.com/images/I/81hAk3FI7FL._AC_UL1500_.jpg
B07ZLY49M1,B07VYRWHVN,INSTINNCT Yoga Pants Seamless High Waist Tummy Control Butt Push up Gym Sport Workout Leggings for Women,INSTINNCT,Best Fashion HJ Store,yes,54,Clothing & Accessories,5,Women's Athletic Tights & Leggings,,,Clothing & Accessories|Women|Activewear|Tights & Leggings,https://www.amazon.ca/dp/B07ZLY49M1?psc=1,#0 Camo Black,Small,29.98,In Stock.,https://images-na.ssl-images-amazon.com/images/I/61%2Bluuco50L._AC_UL1300_.jpg|https://images-na.ssl-images-amazon.com/images/I/71nQ%2BTzYn-L._AC_UL1300_.jpg|https://images-na.ssl-images-amazon.com/images/I/71O9HDlyIlL._AC_UL1300_.jpg|https://images-na.ssl-images-amazon.com/images/I/71mzZAkvl8L._AC_UL1300_.jpg|https://images-na.ssl-images-amazon.com/images/I/71RfeNOM3HL._AC_UL1080_.jpg|https://images-na.ssl-images-amazon.com/images/I/71Zh2BLivRL._AC_UL1200_.jpg|https://images-na.ssl-images-amazon.com/images/I/61w%2B8PM4U-L._AC_UL1300_.jpg
B071XTF837,B06ZY8377C,WingsLove Women’s High Impact Comfort Full Support Non Padded Sport Bra,WingsLove,WingsLove-CA,yes,55,Clothing & Accessories,1,Women's Plus Sports Bras,2,Women's Sports Bras,"Clothing & Accessories|Women|Shops|Plus-Size|Lingerie, Sleep & Lounge|Intimates|Bras|Sports Bras",https://www.amazon.ca/dp/B071XTF837?psc=1,Nude,34B,30.99,In Stock.,https://images-na.ssl-images-amazon.com/images/I/81l1hQn7V0L._AC_UL1500_.jpg|https://images-na.ssl-images-amazon.com/images/I/81GwZOvfRXL._AC_UL1500_.jpg|https://images-na.ssl-images-amazon.com/images/I/81YTNsMXWCL._AC_UL1500_.jpg|https://images-na.ssl-images-amazon.com/images/I/81L2h-I7HzL._AC_UL1500_.jpg|https://images-na.ssl-images-amazon.com/images/I/81gwgspbZhL._AC_UL1500_.jpg|https://images-na.ssl-images-amazon.com/images/I/81YRvbjZmuL._AC_UL1500_.jpg
B07DCSRWRV,B07XRDB3WP,CRZ YOGA Women's Naked Feeling High Waist Tight Yoga Pants Workout Leggings-25 Inches,CRZ YOGA,CRZ YOGA,no,56,Clothing & Accessories,6,Women's Athletic Tights & Leggings,,,Clothing & Accessories|Women|Activewear|Tights & Leggings,https://www.amazon.ca/dp/B07DCSRWRV?psc=1,Black,XX-Small,29.99,In Stock.,https://images-na.ssl-images-amazon.com/images/I/61GX6088cpL._AC_UL1500_.jpg|https://images-na.ssl-images-amazon.com/images/I/612U7%2BH8D6L._AC_UL1500_.jpg|https://images-na.ssl-images-amazon.com/images/I/61N4lKkNuNL._AC_UL1500_.jpg|https://images-na.ssl-images-amazon.com/images/I/717NCbn9bBL._AC_UL1500_.jpg|https://images-na.ssl-images-amazon.com/images/I/71LB2anGk6L._AC_UL1500_.jpg|https://images-na.ssl-images-amazon.com/images/I/61kya63mqLL._AC_UL1500_.jpg
B07LGXL4S4,B0771RCW6Z,Saucony womens Performance Heel Tab Athletic Socks (8 & 16 Packs) Running Socks,Saucony,Amazon,no,62,Clothing & Accessories,2,Women's Athletic Socks,,,Clothing & Accessories|Women|Activewear|Socks,https://www.amazon.ca/dp/B07LGXL4S4?psc=1,Assorted Light (8 Pack),Shoe Size: 5-10,19.48,In Stock.,https://images-na.ssl-images-amazon.com/images/I/91daOsBKPrL._AC_UL1500_.jpg|https://images-na.ssl-images-amazon.com/images/I/710r5fgoCrL._AC_UL1200_.jpg
B081S58QFL,B00GOMDGOA,PUMA Women's 6 Pack Low Cut Socks,PUMA,,no,65,Clothing & Accessories,16,Women's Activewear,1,Women's Liners & Ankle Socks,Clothing & Accessories|Women|Activewear|Socks,https://www.amazon.ca/dp/B081S58QFL?psc=1,004 Grey,9 - 11,,Available from these sellers.,https://images-na.ssl-images-amazon.com/images/I/81Bhfb7iTlL._AC_UL1500_.jpg
B01C8NW1BC,B081TW5ZNS,PUMA Women's 6-Pack Low Cut Athletic Socks with Arch Support,PUMA,Amazon,no,70,Clothing & Accessories,3,Women's Athletic Socks,,,Clothing & Accessories|Women|Activewear|Socks,https://www.amazon.ca/dp/B01C8NW1BC?psc=1,Grey/Blue,9 - 11,12.57,In Stock.,https://images-na.ssl-images-amazon.com/images/I/918z6DdUocL._AC_UL1500_.jpg
B081YGWTLF,B07S911XJZ,JINGCHENG Women's Comfy Stretch Floral Print High Waist Drawstring Palazzo Wide Leg Pants,JINGCHENG,Daisy Augustus,no,72,Clothing & Accessories,1,Women's Casual Pants,,,Clothing & Accessories|Women|Pants|Casual,https://www.amazon.ca/dp/B081YGWTLF?psc=1,024-bell,Small,18.99,In Stock.,https://images-na.ssl-images-amazon.com/images/I/71pfoSVqmhL._AC_UL1500_.jpg|https://images-na.ssl-images-amazon.com/images/I/719pkvSok1L._AC_UL1500_.jpg|https://images-na.ssl-images-amazon.com/images/I/71nDXKtF31L._AC_UL1500_.jpg|https://images-na.ssl-images-amazon.com/images/I/71ba-O2K81L._AC_UL1500_.jpg
B07QG57D6Q,B01NGYE79U,YIANNA Women's Latex Waist Trainer Corsets for Weight Loss Underbust Sport Girdle Hourglass Body Shaper,YIANNA,YIANNA,yes,75,Clothing & Accessories,1,Women's Shapewear Waist Cinchers,,,"Clothing & Accessories|Women|Lingerie, Sleep & Lounge|Lingerie & Underwear|Shapewear|Waist Cinchers",https://www.amazon.ca/dp/B07QG57D6Q?psc=1,Black,X-Small,29.99,In Stock.,https://images-na.ssl-images-amazon.com/images/I/71WVkbizoNL._AC_UL1500_.jpg|https://images-na.ssl-images-amazon.com/images/I/71eITHNCQ8L._AC_UL1500_.jpg|https://images-na.ssl-images-amazon.com/images/I/81qXnjXiUOL._AC_UL1500_.jpg|https://images-na.ssl-images-amazon.com/images/I/81hwQ7DO9oL._AC_UL1500_.jpg|https://images-na.ssl-images-amazon.com/images/I/61spvfkVdDL._AC_UL1500_.jpg|https://images-na.ssl-images-amazon.com/images/I/71-p2iKZAxL._AC_UL1039_.jpg|https://images-na.ssl-images-amazon.com/images/I/81sHdpwF16L._AC_UL1500_.jpg
B07QVX4S2X,B00HUS6UMW,Fruit of the Loom Women's 6-Pack Assorted Cotton Bikini Panties,Fruit of the Loom,NY Lingerie CA,no,76,Clothing & Accessories,1,Women's Bikini Panties,,,"Clothing & Accessories|Women|Lingerie, Sleep & Lounge|Lingerie & Underwear|Panties|Bikinis",https://www.amazon.ca/dp/B07QVX4S2X?psc=1,Assorted,7,17.86,Usually ships within 3 to 5 weeks.,https://images-na.ssl-images-amazon.com/images/I/81aRHksOPKL._AC_UL1500_.jpg|https://images-na.ssl-images-amazon.com/images/I/818X%2BzIIx9L._AC_UL1500_.jpg|https://images-na.ssl-images-amazon.com/images/I/51fSwl0nBDL._AC_UL1109_.jpg|https://images-na.ssl-images-amazon.com/images/I/714AMIgKZkL._AC_UL1500_.jpg
B07Z9WHWDW,B0829TS9Z4,Angelhood Nursing Bra Wireless Bra Women's Sleeping Maternity Bra Breastfeeding Bra Pack of 2,Angelhood,habi-accessories,yes,79,Clothing & Accessories,1,Nursing & Maternity Bras,,,Clothing & Accessories|Women|Shops|Maternity|Lingerie & Underwear|Nursing & Maternity Bras,https://www.amazon.ca/dp/B07Z9WHWDW?psc=1,Black&pink,S 30C 30D 32A 32B 32C,28.99,In Stock.,https://images-na.ssl-images-amazon.com/images/I/71q0s7lXJwL._AC_UL1500_.jpg|https://images-na.ssl-images-amazon.com/images/I/71Qn7zs-EJL._AC_UL1500_.jpg|https://images-na.ssl-images-amazon.com/images/I/71yxRzYP7WL._AC_UL1500_.jpg|https://images-na.ssl-images-amazon.com/images/I/61U8Pp9IqiL._AC_UL1500_.jpg|https://images-na.ssl-images-amazon.com/images/I/61yDgMIedVL._AC_UL1500_.jpg|https://images-na.ssl-images-amazon.com/images/I/71FvZYkMAPL._AC_UL1500_.jpg|https://images-na.ssl-images-amazon.com/images/I/71STduDYFAL._AC_UL1500_.jpg
B074PQQPHF,B075J356R3,Lemef 3-Pack Seamless Sports Bra Wirefree Yoga Bra with Removable Pads for Women,Lemef,Lemef,yes,80,Clothing & Accessories,3,Women's Sports Bras,,,Clothing & Accessories|Women|Activewear|Sports Bras & Underwear|Sports Bras,https://www.amazon.ca/dp/B074PQQPHF?psc=1,black&white&nude,Small,25.99,In Stock.,https://images-na.ssl-images-amazon.com/images/I/61SiFg5iKlL._AC_UL1000_.jpg|https://images-na.ssl-images-amazon.com/images/I/61uP%2BwDTK4L._AC_UL1000_.jpg|https://images-na.ssl-images-amazon.com/images/I/61LpgERC7uL._AC_UL1000_.jpg|https://images-na.ssl-images-amazon.com/images/I/61IiW0vniPL._AC_UL1000_.jpg|https://images-na.ssl-images-amazon.com/images/I/61JDiR5ITTL._AC_UL1000_.jpg|https://images-na.ssl-images-amazon.com/images/I/51Vy0H-0qvL._AC_UL1000_.jpg|https://images-na.ssl-images-amazon.com/images/I/61vgNN1aKML._AC_UL1000_.jpg
B06WD5Z6SJ,B01GPDOEDE,Urban CoCo Women's Basic Flared Casual Mini Skate Skirt Versatile Stretchy,Urban CoCo,"Bingo E-commerce Co.,Ltd",yes,84,Clothing & Accessories,1,Women's Skirts,,,Clothing & Accessories|Women|Skirts,https://www.amazon.ca/dp/B06WD5Z6SJ?psc=1,Black,X-Small,16.23,In Stock.,https://images-na.ssl-images-amazon.com/images/I/71ughJzu-PL._AC_UL1300_.jpg|https://images-na.ssl-images-amazon.com/images/I/71GM19leSHL._AC_UL1300_.jpg|https://images-na.ssl-images-amazon.com/images/I/717Z-BZnW3L._AC_UL1300_.jpg|https://images-na.ssl-images-amazon.com/images/I/811IcxL9NQL._AC_UL1500_.jpg
B0741795FJ,B07417M6K8,Avidlove Women Lingerie Lace Babydoll V Neck Sleepwear Nightwear,Avidlove,YYSSY,no,87,Clothing & Accessories,1,Women's Erotic Lingerie Sets,1,Women's Babydolls,"Clothing & Accessories|Women|Lingerie, Sleep & Lounge|Lingerie & Underwear|Babydolls",https://www.amazon.ca/dp/B0741795FJ?psc=1,A#Green,Small,19.99,Usually ships within 2 to 3 days.,https://images-na.ssl-images-amazon.com/images/I/81gocMQmEHL._AC_UL1500_.jpg|https://images-na.ssl-images-amazon.com/images/I/81rJZcBzmzL._AC_UL1500_.jpg|https://images-na.ssl-images-amazon.com/images/I/716NLMqh1pL._AC_UL1500_.jpg|https://images-na.ssl-images-amazon.com/images/I/81kV8y4ok0L._AC_UL1500_.jpg|https://images-na.ssl-images-amazon.com/images/I/81WtsdzRKFL._AC_UL1500_.jpg|https://images-na.ssl-images-amazon.com/images/I/818W%2Bv8aY2L._AC_UL1500_.jpg|https://images-na.ssl-images-amazon.com/images/I/81SZDkczA6L._AC_UL1500_.jpg
B0827CB1P2,B07Q7PRH42,onlypuff Women's Casual Solid Long Sleeve Tunic Tops with Pockets,onlypuff,onlypuff-ca,yes,88,Clothing & Accessories,1,Women's Tunics,,,"Clothing & Accessories|Women|Tops, Tees & Blouses|Tunics",https://www.amazon.ca/dp/B0827CB1P2?psc=1,1-Black,Small,28.99,In Stock.,https://images-na.ssl-images-amazon.com/images/I/61fifGFWEjL._AC_UL1500_.jpg|https://images-na.ssl-images-amazon.com/images/I/61T7tnMNAlL._AC_UL1500_.jpg|https://images-na.ssl-images-amazon.com/images/I/61evd%2BUaVVL._AC_UL1500_.jpg
B07TNRBS69,B07G7J8MLS,Sivvan Women’s Scrub Set - Multi Pocket Cargo Pants & Stylish Mock Wrap Top (Available in 15 Colors),Sivvan,Apparel Xpert,no,91,Clothing & Accessories,1,Women's Medical Scrub Sets,36,Women's Clothing,"Clothing & Accessories|Uniforms, Work & Safety|Women|Medical|Scrub Sets",https://www.amazon.ca/dp/B07TNRBS69?psc=1,Black,3X-Large,45.99,Usually ships within 2 to 3 days.,https://images-na.ssl-images-amazon.com/images/I/81PtJOKmNvL._AC_UL1500_.jpg|https://images-na.ssl-images-amazon.com/images/I/71yT2leN9oL._AC_UL1500_.jpg|https://images-na.ssl-images-amazon.com/images/I/81JbcnLupyL._AC_UL1500_.jpg|https://images-na.ssl-images-amazon.com/images/I/81uREKWITsL._AC_UL1500_.jpg|https://images-na.ssl-images-amazon.com/images/I/81bIe1hgn8L._AC_UL1500_.jpg
B00YAQAU00,B00FYF04PW,Dickies Women's EDS Signature Scrubs Missy Fit Pull-On Cargo Pant,Dickies,Amazon,no,96,Clothing & Accessories,2,Women's Medical Scrub Bottoms,37,Women's Clothing,"Clothing & Accessories|Uniforms, Work & Safety|Women|Medical|Scrub Bottoms",https://www.amazon.ca/dp/B00YAQAU00?psc=1,Olive,XX-Small Petite,22.85,Only 3 left in stock.,https://images-na.ssl-images-amazon.com/images/I/71WopauuQKL._AC_UL1500_.jpg|https://images-na.ssl-images-amazon.com/images/I/71XCVu1bE-L._AC_UL1500_.jpg
B07V2D9YH5,B07QTWP1FD,Women's High Waist Yoga Pants with Side Pockets & Inner Pocket Tummy Control Workout Running 4-Way Stretch Sports Leggings,HOFI,HOFi Yoga,yes,98,Clothing & Accessories,1,Women's Yoga Pants,4,Women's Leggings,Clothing & Accessories|Women|Leggings,https://www.amazon.ca/dp/B07V2D9YH5?psc=1,9841 Dark Red,X-Small,25.99,In Stock.,https://images-na.ssl-images-amazon.com/images/I/61MeGGDETKL._AC_UL1300_.jpg|https://images-na.ssl-images-amazon.com/images/I/616cv6fLFYL._AC_UL1300_.jpg|https://images-na.ssl-images-amazon.com/images/I/61-R8JikdXL._AC_UL1300_.jpg|https://images-na.ssl-images-amazon.com/images/I/71YI7-xLoVL._AC_UL1300_.jpg|https://images-na.ssl-images-amazon.com/images/I/613RoVvh-dL._AC_UL1300_.jpg|https://images-na.ssl-images-amazon.com/images/I/61OzVR95mkL._AC_UL1300_.jpg|https://images-na.ssl-images-amazon.com/images/I/71Z44W-kHBL._AC_UL1500_.jpg
B00HUS7C2O,B00HUS6VOO,"Fruit of the Loom Women's 6 Pack Heather Low-Rise Hipster Panties, Assorted Colors",Fruit of the Loom,Amazon,no,101,Clothing & Accessories,1,Women's Hipster Panties,,,"Clothing & Accessories|Women|Lingerie, Sleep & Lounge|Lingerie & Underwear|Panties|Hipsters",https://www.amazon.ca/dp/B00HUS7C2O?psc=1,Assorted,Small,12.99,In Stock.,https://images-na.ssl-images-amazon.com/images/I/9131uRDc8%2BL._AC_UL1500_.jpg|https://images-na.ssl-images-amazon.com/images/I/81OM6bbxBcL._AC_UL1500_.jpg|https://images-na.ssl-images-amazon.com/images/I/91UsFO2MlcL._AC_UL1500_.jpg|https://images-na.ssl-images-amazon.com/images/I/714AMIgKZkL._AC_UL1500_.jpg
B07TWJWW4D,B07TTFH4NB,Gimdumasa Yoga Pants for Women Flex Leggings High Waist with Pockets Tummy Control Workout Running Tights GI188,Gimdumasa,Gimdumasa,yes,105,Clothing & Accessories,7,Women's Athletic Tights & Leggings,,,Clothing & Accessories|Women|Activewear|Tights & Leggings,https://www.amazon.ca/dp/B07TWJWW4D?psc=1,Deep Blue,X-Small,29.99,In Stock.,https://images-na.ssl-images-amazon.com/images/I/51Hy1FtpCuL._AC_UL1200_.jpg|https://images-na.ssl-images-amazon.com/images/I/514pXtGnCpL._AC_UL1200_.jpg|https://images-na.ssl-images-amazon.com/images/I/51dr0yo0vZL._AC_UL1200_.jpg|https://images-na.ssl-images-amazon.com/images/I/51MqyK75FKL._AC_UL1200_.jpg|https://images-na.ssl-images-amazon.com/images/I/71VGlePm%2BFL._AC_UL1200_.jpg|https://images-na.ssl-images-amazon.com/images/I/61wd6Wd1FeL._AC_UL1000_.jpg
B00ZUNHBQS,B0868K1TYG,"Hanes Women's V-Notch Pullover Fleece Sweatshirt,",Hanes,Amazon,no,106,Clothing & Accessories,2,Women's Sweatshirts,,,Clothing & Accessories|Women|Hoodies & Sweatshirts|Sweatshirts,https://www.amazon.ca/dp/B00ZUNHBQS?psc=1,Ebony,Small,11.78,In Stock.,https://images-na.ssl-images-amazon.com/images/I/91l3A3Rjg-L._AC_UL1500_.jpg|https://images-na.ssl-images-amazon.com/images/I/91hOjDB25NL._AC_UL1500_.jpg
B07DB5XN23,B07DB5QL1J,Ambielly Winter Women Socks 5 Pairs Vintage Style Knit Wool Casual Socks Warm Socks,Ambielly,OBBwoo,no,107,Clothing & Accessories,2,Women's Dress & Casual Socks,,,Clothing & Accessories|Women|Socks & Hosiery|Dress & Casual Socks,https://www.amazon.ca/dp/B07DB5XN23?psc=1,SD10004A,,8.9,In Stock.,https://images-na.ssl-images-amazon.com/images/I/81Iu3%2Bg2y%2BL._AC_UL1200_.jpg|https://images-na.ssl-images-amazon.com/images/I/71NZP-ty%2BKL._AC_UL1500_.jpg|https://images-na.ssl-images-amazon.com/images/I/71NWPFAfcZL._AC_UL1000_.jpg|https://images-na.ssl-images-amazon.com/images/I/616SJTktWOL._AC_UL1200_.jpg|https://images-na.ssl-images-amazon.com/images/I/81h2KNJarwL._AC_UL1200_.jpg|https://images-na.ssl-images-amazon.com/images/I/71i5Fz39LCL._AC_UL1200_.jpg|https://images-na.ssl-images-amazon.com/images/I/61cqHJNKw7L._AC_UL1000_.jpg
B072F6QR84,B078S2N86H,"Yoga Socks for Women, Toeless Non Slip Skid Grip Sock - Sports, Barre, Ballet, Dance",Tucketts,Tucketts.,yes,108,Clothing & Accessories,43,Women's Clothing,1,Women's Yoga Socks,Sports & Outdoors|Sports Apparel|Women|Yoga & Pilates|Socks,https://www.amazon.ca/dp/B072F6QR84?psc=1,Black Swan,,15.99,In Stock.,https://images-na.ssl-images-amazon.com/images/I/61-r6vvqyOL._AC_UL1500_.jpg|https://images-na.ssl-images-amazon.com/images/I/61836Z5lT0L._AC_UL1500_.jpg|https://images-na.ssl-images-amazon.com/images/I/81q1ZZr%2BwjL._AC_UL1500_.jpg|https://images-na.ssl-images-amazon.com/images/I/81D3u-lFPwL._AC_UL1500_.jpg|https://images-na.ssl-images-amazon.com/images/I/41ze6vO8qOL._AC_.jpg|https://images-na.ssl-images-amazon.com/images/I/81K9VuR1C4L._AC_UL1500_.jpg|https://images-na.ssl-images-amazon.com/images/I/71basKS2TtL._AC_UL1500_.jpg|https://images-na.ssl-images-amazon.com/images/I/81yPaoMBckL._AC_UL1500_.jpg|https://images-na.ssl-images-amazon.com/images/I/41afTrGKd%2BL._AC_.jpg
B077597WP8,B07752L42R,Amazon Essentials Women's 4-Pack Camisole,Amazon Essentials,Amazon,no,109,Clothing & Accessories,1,Women's Camisoles & Tanks,1,Women's Tank Tops & Camis,"Clothing & Accessories|Women|Tops, Tees & Blouses|Tank Tops & Camis",https://www.amazon.ca/dp/B077597WP8?psc=1,Light Grey Heather/White/Light Pink/Light Blue,X-Small,32,Only 1 left in stock.,https://images-na.ssl-images-amazon.com/images/I/719W5W6dczL._AC_UL1500_.jpg|https://images-na.ssl-images-amazon.com/images/I/81nEfBhtg6L._AC_UL1500_.jpg|https://images-na.ssl-images-amazon.com/images/I/814SpHb52nL._AC_UL1500_.jpg
B01M20UQCV,B01M211FKZ,Hanes Womens Sport Cool Dri Performance Long Sleeve Tee Shirt,Hanes,Amazon,no,110,Clothing & Accessories,1,Women's Athletic Shirts & Tees,,,Clothing & Accessories|Women|Activewear|Shirts & Tees,https://www.amazon.ca/dp/B01M20UQCV?psc=1,Awesome Blue,Small,12.14,In Stock.,https://images-na.ssl-images-amazon.com/images/I/81lcSS9uVNL._AC_UL1500_.jpg|https://images-na.ssl-images-amazon.com/images/I/81YW1Drml9L._AC_UL1500_.jpg|https://images-na.ssl-images-amazon.com/images/I/71m%2B5rvX%2BmL._AC_UL1500_.jpg
B071JVK8S4,B00GMJ2JBQ,"Fruit of the Loom Women's Built-Up Sports Bra, (Pack of 3)",Fruit of the Loom,Amazon,no,113,Clothing & Accessories,6,Women's Shops,4,Women's Sports Bras,Clothing & Accessories|Women|Activewear|Sports Bras & Underwear|Sports Bras,https://www.amazon.ca/dp/B071JVK8S4?psc=1,Blushing Rose/Black/White - 3 Pack,34,16.99,In Stock.,https://images-na.ssl-images-amazon.com/images/I/71c4iOPsdwL._AC_UL1500_.jpg|https://images-na.ssl-images-amazon.com/images/I/71gK6ZYDS4L._AC_UL1500_.jpg|https://images-na.ssl-images-amazon.com/images/I/71-%2BietuWlL._AC_UL1500_.jpg|https://images-na.ssl-images-amazon.com/images/I/71CIuMWvoPL._AC_UL1500_.jpg|https://images-na.ssl-images-amazon.com/images/I/71pERV5oyqL._AC_UL1500_.jpg|https://images-na.ssl-images-amazon.com/images/I/715US3mFhKL._AC_UL1500_.jpg|https://images-na.ssl-images-amazon.com/images/I/81KjZhYOyIL._AC_UL1500_.jpg|https://images-na.ssl-images-amazon.com/images/I/813uSfO0FwL._AC_UL1500_.jpg
B076GWD7Y3,B076DMH8BN,Warners Womens Blissful Benefits No Muffin Top 3 Pack Lace Hipster Panties Hipster Panties,Warners,Amazon,no,114,Clothing & Accessories,7,Women's Shops,12,Women's Lingerie & Underwear,"Clothing & Accessories|Women|Lingerie, Sleep & Lounge|Lingerie & Underwear",https://www.amazon.ca/dp/B076GWD7Y3?psc=1,Black/Pale Pink/Dark Gray Heather,Small,14.29,In Stock.,https://images-na.ssl-images-amazon.com/images/I/817II-Vb%2BlL._AC_UL1500_.jpg
B076C3R98F,B076C4WC9V,GILDAN Womens Open Bottom Sweatpants Sweatpants,Gildan,Amazon,no,115,Clothing & Accessories,6,Women's Athletic Pants,,,Clothing & Accessories|Women|Activewear|Pants,https://www.amazon.ca/dp/B076C3R98F?psc=1,Sport Grey,Small,16.25,In Stock.,https://images-na.ssl-images-amazon.com/images/I/71bJ34DzeCL._AC_UL1500_.jpg|https://images-na.ssl-images-amazon.com/images/I/71qZbPfvoTL._AC_UL1500_.jpg
B084ZHMTD1,B08561X3NR,Siggi Womens UPF50+ Summer Sunhat Bucket Packable Wide Brim Hats w/Chin Cord,Comhats,Comhats,yes,117,Clothing & Accessories,1,Women's Sun Hats,,,Clothing & Accessories|Women|Accessories|Hats & Caps|Sun Hats,https://www.amazon.ca/dp/B084ZHMTD1?psc=1,00021_navy(mask),,29.99,In Stock.,https://images-na.ssl-images-amazon.com/images/I/61G0Pp%2BmGLL._AC_UL1001_.jpg|https://images-na.ssl-images-amazon.com/images/I/71VXV1SNbqL._AC_UL1001_.jpg|https://images-na.ssl-images-amazon.com/images/I/41QSaog97gL._AC_.jpg|https://images-na.ssl-images-amazon.com/images/I/71vu95Mdk5L._AC_UL1001_.jpg|https://images-na.ssl-images-amazon.com/images/I/61saq8ZYl9L._AC_UL1001_.jpg|https://images-na.ssl-images-amazon.com/images/I/51Q3fHeH8RL._AC_.jpg
B0759SN3JL,B0759CZRKV,ZHENJIER 3 in 1 Postpartum Support - Recovery Belly/Waist/Pelvis Belt Shapewear,ZHENJIER,jimeng1,yes,118,Clothing & Accessories,2,Women's Shapewear,8,Women's Fitness Clothing,"Clothing & Accessories|Women|Lingerie, Sleep & Lounge|Lingerie & Underwear|Shapewear",https://www.amazon.ca/dp/B0759SN3JL?psc=1,,Small,30.99,In Stock.,https://images-na.ssl-images-amazon.com/images/I/71X9izZnzLL._AC_UL1500_.jpg|https://images-na.ssl-images-amazon.com/images/I/71BeLDjEmAL._AC_UL1500_.jpg|https://images-na.ssl-images-amazon.com/images/I/71mihO-GbyL._AC_UL1500_.jpg|https://images-na.ssl-images-amazon.com/images/I/61mT%2BB4XjiL._AC_UL1000_.jpg|https://images-na.ssl-images-amazon.com/images/I/81BWjANQPcL._AC_UL1500_.jpg|https://images-na.ssl-images-amazon.com/images/I/71uRUkXtpDL._AC_UL1500_.jpg|https://images-na.ssl-images-amazon.com/images/I/71sWs6v2P2L._AC_UL1500_.jpg|https://images-na.ssl-images-amazon.com/images/I/61VdmNoH47L._AC_UL1227_.jpg
