item>>01 ASIN,item>>02 Parent ASIN,item>>03 Title,item>>04 Brand,item>>05 Seller,item>>06 Fulfilled by Amazon,item>>07 Sales Rank 1,item>>08 Sales Rank 1 Category,item>>09 Sales Rank 2,item>>10 Sales Rank 2 Category,item>>11 Sales Rank 3,item>>12 Sales Rank 3 Category,item>>13 Categories,item>>14 URL,item>>15 Color,item>>16 Size,item>>19 Price,item>>20 Availability,item>>21 Images
B07M87KMQ9,B07JGZW581,FITTOO Mallas Pantalones Deportivos Leggings Mujer Yoga de Alta Cintura Elásticos y Transpirables para Yoga Running Fitness con Gran Elásticos1090,FITTOO,Your Home Security,yes,7,Ropa,1,Leggings y medias deportivas para mujer,,,Ropa|Mujer|Ropa deportiva|Leggings y medias deportivas,https://www.amazon.es/dp/B07M87KMQ9?psc=1,#1 Amarillo,S,18.99,En stock.,https://images-na.ssl-images-amazon.com/images/I/61CQKrm3CQL._AC_UL1500_.jpg|https://images-na.ssl-images-amazon.com/images/I/71AEythh2HL._AC_UL1500_.jpg|https://images-na.ssl-images-amazon.com/images/I/71GZ4TIzV4L._AC_UL1500_.jpg|https://images-na.ssl-images-amazon.com/images/I/71IKGrCsFsL._AC_UL1500_.jpg|https://images-na.ssl-images-amazon.com/images/I/51ZX%2Brxu4cL._AC_.jpg
B019ESAEP4,B07798LVZJ,YIANNA Mujer Fajas Reductoras Corsé Waist Trainer Corset Reductor Adelgazante Bustiers de Cinturón Formación,YIANNA,YIANNA Direct,yes,11,Ropa,1,Corsés para mujer,,,Ropa|Mujer|Lencería y ropa interior|Lencería moldeadora|Corsés,https://www.amazon.es/dp/B019ESAEP4?psc=1,Black (25 Steel Bones),XS:para cintura 56-61cm,24.99,En stock.,https://images-na.ssl-images-amazon.com/images/I/71VWuVLvNgL._AC_UL1024_.jpg|https://images-na.ssl-images-amazon.com/images/I/71lRfVBhLoL._AC_UL1024_.jpg|https://images-na.ssl-images-amazon.com/images/I/81LGeQ8hIDL._AC_UL1350_.jpg|https://images-na.ssl-images-amazon.com/images/I/71c-lgVntHL._AC_UL1500_.jpg|https://images-na.ssl-images-amazon.com/images/I/81gzB3nrqeL._AC_UL1500_.jpg|https://images-na.ssl-images-amazon.com/images/I/81lMtZaxPWL._AC_UL1500_.jpg
B07YYYTTH5,B07X417V2D,Tops Yoga Camiseta Deportiva Sin Costura Mangas Larga Fitness Mujer Gimnasio,FITTOO,Your Home Security,yes,13,Ropa,1,Camisetas de fitness para mujer,1,Pantalones deportivos para mujer (Ropa,Ropa|Mujer|Ropa deportiva|Leggings y medias deportivas,https://www.amazon.es/dp/B07YYYTTH5?psc=1,#1 Pant Azul,S,18.99,Sólo queda(n) 2 en stock.,https://images-na.ssl-images-amazon.com/images/I/71B0GrsMw2L._AC_UL1500_.jpg|https://images-na.ssl-images-amazon.com/images/I/71d4ul-OqhL._AC_UL1500_.jpg|https://images-na.ssl-images-amazon.com/images/I/8138b7cJoeL._AC_UL1500_.jpg|https://images-na.ssl-images-amazon.com/images/I/71EaSOO3-AL._AC_UL1500_.jpg|https://images-na.ssl-images-amazon.com/images/I/71K-M6xbXbL._AC_UL1500_.jpg|https://images-na.ssl-images-amazon.com/images/I/81-7RzWGRYL._AC_UL1500_.jpg
B018KIHVWI,B01LZ3ZHHU,"Puma Sport Cush Crew 6P, Calcetines Unisex, Paquete de 6",Puma,Amazon,no,16,Ropa,1,Calcetines de deporte para mujer,1,Calcetines de deporte para hombre,Ropa|Hombre|Ropa deportiva|Calcetines de deporte,https://www.amazon.es/dp/B018KIHVWI?psc=1,Black,35-38,12.99,En stock.,https://images-na.ssl-images-amazon.com/images/I/81aPnULEYRL._AC_UL1500_.jpg
B07HZ2Z8K1,B0833K4CF9,Amazon Essentials 6-Pack Cotton Bikini Underwear Mujer,Amazon Essentials,Amazon,no,20,Ropa,1,Tangas para mujer,,,Ropa|Mujer|Lencería y ropa interior|Braguitas y culottes|Tangas,https://www.amazon.es/dp/B07HZ2Z8K1?psc=1,Flores Silvestres (Wildflowers),US XS (EU XS - S),16.49,En stock.,https://images-na.ssl-images-amazon.com/images/I/81H7aw0M3SL._AC_UL1500_.jpg|https://images-na.ssl-images-amazon.com/images/I/81WyUe4a0sL._AC_UL1500_.jpg|https://images-na.ssl-images-amazon.com/images/I/81k2RQo2E%2BL._AC_UL1500_.jpg|https://images-na.ssl-images-amazon.com/images/I/81Tay-ZPuVL._AC_UL1500_.jpg
B008LVMF76,,"Chicco Mammy Braguitas premamá, (Blanco 00001138100000), One Size (Tamaño del fabricante:Única) (Pack de 4) Mujer",Chicco,Amazon,no,25,Ropa,1,Braguitas para premamá,,,Ropa|Mujer|Ropa premamá|Lencería y ropa interior|Braguitas,https://www.amazon.es/dp/B008LVMF76?psc=1,,,8.25,En stock.,https://images-na.ssl-images-amazon.com/images/I/81MMn0na6oL._AC_UL1500_.jpg|https://images-na.ssl-images-amazon.com/images/I/615amokTefL._AC_UL1200_.jpg|https://images-na.ssl-images-amazon.com/images/I/710vlLO3okL._AC_UL1200_.jpg|https://images-na.ssl-images-amazon.com/images/I/61mh%2B0LIr7L._AC_UL1200_.jpg|https://images-na.ssl-images-amazon.com/images/I/61o3RgQdHhL._AC_UL1200_.jpg|https://images-na.ssl-images-amazon.com/images/I/31yczjc5teL._AC_.jpg
B00D1SUZHQ,,"Jané 040408C01 - 5 Culottes Lavables, Talla Única, Tejido Elástico, Ideal Postparto, Hipoalergénicos",Jané,Amazon,no,26,Ropa,2,Braguitas para premamá,,,Ropa|Mujer|Ropa premamá|Lencería y ropa interior|Braguitas,https://www.amazon.es/dp/B00D1SUZHQ?psc=1,,,6.3,En stock.,https://images-na.ssl-images-amazon.com/images/I/81J5CuTPrvL._AC_SL1500_.jpg|https://images-na.ssl-images-amazon.com/images/I/71UA8gCYkQL._AC_SL1500_.jpg|https://images-na.ssl-images-amazon.com/images/I/716FAuv7gwL._AC_SL1500_.jpg
B01M310JAZ,B01E9ZB9CE,Ambielly calcetines de algodón calcetines térmicos Adulto Unisex Calcetines,Ambielly,Amkmax,yes,29,Ropa,2,Calcetines para mujer,,,Ropa|Mujer|Calcetines y medias|Calcetines,https://www.amazon.es/dp/B01M310JAZ?psc=1,4 Calcetines de Navidad,,9.99,En stock.,https://images-na.ssl-images-amazon.com/images/I/71tLvc-VFQL._AC_UL1000_.jpg|https://images-na.ssl-images-amazon.com/images/I/81nc2jlQLJL._AC_UL1500_.jpg|https://images-na.ssl-images-amazon.com/images/I/71ceLvFNeDL._AC_UL1500_.jpg|https://images-na.ssl-images-amazon.com/images/I/710pKjrZGeL._AC_UL1500_.jpg|https://images-na.ssl-images-amazon.com/images/I/71cSU74GBuL._AC_UL1500_.jpg|https://images-na.ssl-images-amazon.com/images/I/71y-tVIknVL._AC_UL1500_.jpg|https://images-na.ssl-images-amazon.com/images/I/81okPMjGKmL._AC_UL1500_.jpg
B073D5WF47,B073D9VMTQ,"Puma Quarter Plain, Calcetín Unisex Adulto, (Pack de 3)",Puma,,no,33,Ropa,1,Calcetines cortos para hombre,1,Calcetines cortos para mujer,Ropa|Mujer|Calcetines y medias|Calcetines|Calcetines cortos,https://www.amazon.es/dp/B073D5WF47?psc=1,Azul (Denim Blue),35-38,,Disponible a través de estos vendedores.,https://images-na.ssl-images-amazon.com/images/I/91zhOl4IRZL._AC_UL1500_.jpg
B07NH171C6,B0812N24B3,"Marca Amazon - Iris & Lilly Waist Slip Mujer, Pack de 5",Iris & Lilly,Amazon,no,39,Ropa,1,Bikinis y Braguitas para mujer,1,Culottes y Shorts para mujer,Ropa|Mujer|Lencería y ropa interior|Braguitas y culottes|Bikinis y Braguitas,https://www.amazon.es/dp/B07NH171C6?psc=1,Blanco (White),3XL,16,En stock.,https://images-na.ssl-images-amazon.com/images/I/81XAAgA9LoL._AC_UL1500_.jpg|https://images-na.ssl-images-amazon.com/images/I/91Zvy2jd6pL._AC_UL1500_.jpg|https://images-na.ssl-images-amazon.com/images/I/81sy2mQmQFL._AC_UL1500_.jpg|https://images-na.ssl-images-amazon.com/images/I/81KVbSvsiCL._AC_UL1500_.jpg
B00J1K1C84,B0120RK2O4,Deresina Gorro Unisex de Bambú para quimio y oncológicos - Gorro de Dormir,Deresina Headwear,Deresina Headwear,yes,40,Ropa,1,Chapelas para mujer,,,Ropa|Mujer|Accesorios|Sombreros y gorras|Chapelas,https://www.amazon.es/dp/B00J1K1C84?psc=1,Azul (Sky Blue),,8.49,En stock.,https://images-na.ssl-images-amazon.com/images/I/71V-j9uKgPL._AC_UL1500_.jpg|https://images-na.ssl-images-amazon.com/images/I/817b6Xr6HWL._AC_UL1500_.jpg|https://images-na.ssl-images-amazon.com/images/I/71WiNxb0nfL._AC_UL1500_.jpg|https://images-na.ssl-images-amazon.com/images/I/71nZLobI4cL._AC_UL1500_.jpg|https://images-na.ssl-images-amazon.com/images/I/91mvitwjzzL._AC_UL1500_.jpg|https://images-na.ssl-images-amazon.com/images/I/611acT-QwDL._AC_UL1500_.jpg
B07SDB3YF7,B07TGJ23RM,"URAQT Diademas para Mujer, Diadema para el Cabello Nudo, Cabeza De Punto Cintas Para La Cabeza Anudadas Nudo Cruzado Bandas para El Pelo, Diademas para Turbante Para El Maquillaje Banda Para Cabello",URAQT,Petit Wudong,yes,261,Belleza,1,Diademas,,,Belleza|Cuidado del cabello|Accesorios de peinado|Diademas,https://www.amazon.es/dp/B07SDB3YF7?psc=1,#2,,8.99,En stock.,https://images-na.ssl-images-amazon.com/images/I/71133J1KQML._AC_SL1500_.jpg|https://images-na.ssl-images-amazon.com/images/I/716ayOKlT2L._AC_SL1200_.jpg|https://images-na.ssl-images-amazon.com/images/I/61aIkgX60OL._AC_SL1200_.jpg|https://images-na.ssl-images-amazon.com/images/I/614SzoHVjkL._AC_SL1200_.jpg|https://images-na.ssl-images-amazon.com/images/I/610B9AOy4uL._AC_SL1000_.jpg|https://images-na.ssl-images-amazon.com/images/I/616TR0hUqOL._AC_SL1000_.jpg|https://images-na.ssl-images-amazon.com/images/I/61IeLh-vVSL._AC_SL1022_.jpg
B081NB4Z31,B082M4TH41,Rovtop 3 PCS Sujetador de Lactancia para Mujer de Sujetador de Maternidad sin Costuras Hebilla Acolchada y Extendida,Rovtop,Zeweierweb,yes,46,Ropa,1,Sujetadores para premamá y de lactancia,,,Ropa|Mujer|Ropa premamá|Lencería y ropa interior|Sujetadores premamá y de lactancia,https://www.amazon.es/dp/B081NB4Z31?psc=1,,M,19.99,En stock.,https://images-na.ssl-images-amazon.com/images/I/71Ts3Vvc6fL._AC_UL1000_.jpg|https://images-na.ssl-images-amazon.com/images/I/71xukXVMaNL._AC_UL1000_.jpg|https://images-na.ssl-images-amazon.com/images/I/71xaSJE1YoL._AC_UL1000_.jpg|https://images-na.ssl-images-amazon.com/images/I/616OxNKIEfL._AC_UL1000_.jpg|https://images-na.ssl-images-amazon.com/images/I/612vY0UWUNL._AC_UL1000_.jpg|https://images-na.ssl-images-amazon.com/images/I/61Z9uZdm55L._AC_UL1000_.jpg|https://images-na.ssl-images-amazon.com/images/I/61xtZq3X6RL._AC_UL1000_.jpg
B081DKR2QV,B081CYZYZ2,Hawiton Pantalon Chandal Mujer Largos Pantalones de Deporte Yoga Fitness Jogger Pantalones de Punto de Rayas,Hawiton,Aibrou Direct,yes,49,Ropa,2,Pantalones deportivos para mujer (Ropa,1,Pantalones de fitness para mujer,Ropa|Mujer|Ropa deportiva|Pantalones deportivos,https://www.amazon.es/dp/B081DKR2QV?psc=1,1#azul,S,18.99,En stock.,https://images-na.ssl-images-amazon.com/images/I/61GJHjC1aKL._AC_UL1500_.jpg|https://images-na.ssl-images-amazon.com/images/I/61jPBD%2BXEtL._AC_UL1500_.jpg|https://images-na.ssl-images-amazon.com/images/I/61zbI1RQHQL._AC_UL1500_.jpg|https://images-na.ssl-images-amazon.com/images/I/61vc57oJnQL._AC_UL1500_.jpg|https://images-na.ssl-images-amazon.com/images/I/712tHHl1NzL._AC_UL1500_.jpg|https://images-na.ssl-images-amazon.com/images/I/71QjYt7Fn8L._AC_UL1500_.jpg|https://images-na.ssl-images-amazon.com/images/I/61bJ8yj2pGL._AC_UL1500_.jpg
B07MZ9BR5H,B07H87T5SV,Deresina W Gorrito detejido de bambú para quimio,Deresina Headwear,Deresina Headwear,yes,53,Ropa,1,Pañuelos para la cabeza para mujer,1,Gorros de punto para mujer,Ropa|Mujer|Accesorios|Sombreros y gorras|Gorros de punto,https://www.amazon.es/dp/B07MZ9BR5H?psc=1,Beige,,10.99,En stock.,https://images-na.ssl-images-amazon.com/images/I/811SaGAidKL._AC_UL1500_.jpg|https://images-na.ssl-images-amazon.com/images/I/81qrP057WBL._AC_UL1500_.jpg|https://images-na.ssl-images-amazon.com/images/I/81jWeTNVLxL._AC_UL1500_.jpg
B01MY18U21,B07PP3Y3M9,Marca Amazon - find. Leggings Mujer,find.,Amazon,no,54,Ropa,1,Leggings para mujer,,,Ropa|Mujer|Leggings,https://www.amazon.es/dp/B01MY18U21?psc=1,Azul (Blue),38,12.9,En stock.,https://images-na.ssl-images-amazon.com/images/I/81QVYNo2giL._AC_UL1500_.jpg|https://images-na.ssl-images-amazon.com/images/I/81fOzmT9%2B6L._AC_UL1500_.jpg|https://images-na.ssl-images-amazon.com/images/I/71i3RjPXSbL._AC_UL1500_.jpg|https://images-na.ssl-images-amazon.com/images/I/A1Y62kb%2BTdL._AC_UL1500_.jpg|https://images-na.ssl-images-amazon.com/images/I/81JR%2BsO5RFL._AC_UL1500_.jpg|https://images-na.ssl-images-amazon.com/images/I/91WQJt-uk9L._AC_UL1500_.jpg|https://images-na.ssl-images-amazon.com/images/I/817KD7TDqdL._AC_UL1500_.jpg
B07VWT6WDY,B07SQQS8G5,"Aibrou Sujetador Deportivo Mujer Push Up (1/2/3pack) con Almohadillas Extraíbles,Bra Deporte sin Costuras para Yoga/Fitness/Run/Ejercicio/USA de Diaria",Aibrou,Aibrou-EU,yes,66,Ropa,1,Sujetadores deportivos para mujer,,,Ropa|Mujer|Ropa deportiva|Ropa interior deportiva|Sujetadores deportivos,https://www.amazon.es/dp/B07VWT6WDY?psc=1,Estilo C : Negro+azul,S,18.99,En stock.,https://images-na.ssl-images-amazon.com/images/I/710DCA4RdOL._AC_UL1500_.jpg
B07PNPM99K,B07PQCCCKQ,Aibrou 100% Algodón Pantalones Deportivos para Mujer Pantalones de Pijama Largos Primavera Verano Pantalón de Chándal con Bolsilpara Gimnasio Deportes Correr Jogging,Aibrou,HKJ-EU,yes,67,Ropa,3,Pantalones deportivos para mujer (Ropa,,,Ropa|Mujer|Ropa deportiva|Pantalones deportivos,https://www.amazon.es/dp/B07PNPM99K?psc=1,Azul#1,S,18.99,En stock.,https://images-na.ssl-images-amazon.com/images/I/61ncBS5M1vL._AC_UL1500_.jpg|https://images-na.ssl-images-amazon.com/images/I/61m4UxIAvQL._AC_UL1500_.jpg|https://images-na.ssl-images-amazon.com/images/I/61Bg6HLh1EL._AC_UL1500_.jpg|https://images-na.ssl-images-amazon.com/images/I/61uUTebJiKL._AC_UL1500_.jpg|https://images-na.ssl-images-amazon.com/images/I/81Re277Uj6L._AC_UL1500_.jpg|https://images-na.ssl-images-amazon.com/images/I/81WVrZ2RYSL._AC_UL1500_.jpg|https://images-na.ssl-images-amazon.com/images/I/61YH4erkSpL._AC_UL1500_.jpg
B07X3J2Z89,,"Rovtop 10 Pares Calcetines para Mujer y Hombre - Calcetines Termicos Mujer Invierno Divertidos Calcetines de Algodón, 5 Pares de Lindos Cachorros y 5 Pares de Macarons (Tubo Medio)",Rovtop,Zeweierweb,yes,68,Ropa,2,Calcetines cortos para mujer,,,Ropa|Mujer|Calcetines y medias|Calcetines|Calcetines cortos,https://www.amazon.es/dp/B07X3J2Z89?psc=1,,,13.99,En stock.,https://images-na.ssl-images-amazon.com/images/I/71jYgQORvxL._AC_SL1000_.jpg|https://images-na.ssl-images-amazon.com/images/I/61zHmHtmb-L._AC_SL1000_.jpg|https://images-na.ssl-images-amazon.com/images/I/71FbLsYaPoL._AC_SL1000_.jpg|https://images-na.ssl-images-amazon.com/images/I/61MRBjfNFfL._AC_SL1000_.jpg|https://images-na.ssl-images-amazon.com/images/I/61KIeTtBa8L._AC_SL1000_.jpg|https://images-na.ssl-images-amazon.com/images/I/51wRc0897CL._AC_SL1000_.jpg|https://images-na.ssl-images-amazon.com/images/I/61iAOsfdCqL._AC_SL1000_.jpg|https://images-na.ssl-images-amazon.com/images/I/71F5LZKxdEL._AC_SL1000_.jpg|https://images-na.ssl-images-amazon.com/images/I/61KLTw-B6RL._AC_SL1000_.jpg
B07PMXCJJX,B07Q6ZTKRP,"NHEIMA Pantalones de Sauna Adelgazantes Mujer NANOTECNOLOGÍA, Leggins Reductores Adelgazantes, Leggins Anticeluliticos Cintura Alta, Mallas Fitness Push Up para Deporte Running Yoga Gym",NHEIMA,For Your Sport,yes,264,Deportes y aire libre,4,Pantalones deportivos para mujer (Ropa,1,Pantalones de yoga para mujer,Ropa|Mujer|Ropa deportiva|Pantalones deportivos,https://www.amazon.es/dp/B07PMXCJJX?psc=1,Black03,2XL,24.99,En stock.,https://images-na.ssl-images-amazon.com/images/I/61I1B7LCqRL._AC_SL1300_.jpg|https://images-na.ssl-images-amazon.com/images/I/71H2rUCd88L._AC_SL1500_.jpg|https://images-na.ssl-images-amazon.com/images/I/71JXHzOBGgL._AC_SL1500_.jpg|https://images-na.ssl-images-amazon.com/images/I/71tUNzMkyFL._AC_SL1500_.jpg|https://images-na.ssl-images-amazon.com/images/I/518t8y-6n7L._AC_SL1001_.jpg|https://images-na.ssl-images-amazon.com/images/I/61xR0MZ2ngL._AC_SL1500_.jpg
B077QDGWX8,,Horus X - Gafas Gaming para Ordenador - Gafas Filtro Azul [90-95%] - Gafas Bloque Azul,Horus X,UpcyLink,yes,78,Ropa,48,Accesorios para tablets,15,Protección ocular,Ropa|Mujer|Accesorios|Gafas y accesorios,https://www.amazon.es/dp/B077QDGWX8?psc=1,,,24.9,En stock.,https://images-na.ssl-images-amazon.com/images/I/71oo4vUSWJL._AC_SL1500_.jpg|https://images-na.ssl-images-amazon.com/images/I/61kNbQviRiL._AC_SL1500_.jpg|https://images-na.ssl-images-amazon.com/images/I/81H5Gdxzj1L._AC_SL1500_.jpg|https://images-na.ssl-images-amazon.com/images/I/71Jt27-T7qL._AC_SL1500_.jpg|https://images-na.ssl-images-amazon.com/images/I/71Xs6zhsRPL._AC_SL1500_.jpg|https://images-na.ssl-images-amazon.com/images/I/61x3qCtFLNL._AC_SL1333_.jpg|https://images-na.ssl-images-amazon.com/images/I/71GD8KRIXmL._AC_SL1500_.jpg|https://images-na.ssl-images-amazon.com/images/I/71zdoF-Bw4L._AC_SL1500_.jpg|https://images-na.ssl-images-amazon.com/images/I/91Ns%2BLGkPiL._AC_SL1500_.jpg
B07JKW66KG,B07JKZT3DZ,2*Piezas Conjunto de Lencería Pijama Semi Transparente de Verano sin Mangas Picardías Atractivas Floral Encaje+Braguita,VicSec,fang xian,yes,79,Ropa,1,Saltos de cama y camisolas para mujer,,,Ropa|Mujer|Lencería y ropa interior|Saltos de cama y camisolas,https://www.amazon.es/dp/B07JKW66KG?psc=1,Negro,S,8.75,En stock.,https://images-na.ssl-images-amazon.com/images/I/51YvKqkE0WL._AC_UL1024_.jpg|https://images-na.ssl-images-amazon.com/images/I/51FxPgwbGqL._AC_UL1024_.jpg|https://images-na.ssl-images-amazon.com/images/I/51mEbuNh3LL._AC_UL1024_.jpg|https://images-na.ssl-images-amazon.com/images/I/514qkczVAWL._AC_UL1024_.jpg|https://images-na.ssl-images-amazon.com/images/I/61IMAqai1oL._AC_UL1024_.jpg|https://images-na.ssl-images-amazon.com/images/I/61IrOMz1B4L._AC_UL1024_.jpg|https://images-na.ssl-images-amazon.com/images/I/61YpW7fNieL._AC_UL1001_.jpg
B07CBZXS7W,B082G46FYZ,"Marca Amazon - Iris & Lilly Braguita Mujer, Pack de 5",Iris & Lilly,Amazon,no,80,Ropa,2,Culottes y Shorts para mujer,,,Ropa|Mujer|Lencería y ropa interior|Braguitas y culottes|Culottes y Shorts,https://www.amazon.es/dp/B07CBZXS7W?psc=1,Azul (Navy),36,14.99,En stock.,https://images-na.ssl-images-amazon.com/images/I/91ApQU7CnaL._AC_UL1500_.jpg|https://images-na.ssl-images-amazon.com/images/I/81g3Jen0klL._AC_UL1500_.jpg|https://images-na.ssl-images-amazon.com/images/I/81VSUWoAqEL._AC_UL1500_.jpg|https://images-na.ssl-images-amazon.com/images/I/81ejKpSskxL._AC_UL1500_.jpg
B07TZKV241,B083F11GXW,"Marca Amazon - Iris & Lilly Culotte Mujer, Pack de 5",Iris & Lilly,Amazon,no,89,Ropa,3,Culottes y Shorts para mujer,,,Ropa|Mujer|Lencería y ropa interior|Braguitas y culottes|Culottes y Shorts,https://www.amazon.es/dp/B07TZKV241?psc=1,Beige (Natural),Small (Talla fabricante: Small),14.99,En stock.,https://images-na.ssl-images-amazon.com/images/I/815o0BYYcwL._AC_UL1500_.jpg|https://images-na.ssl-images-amazon.com/images/I/81JSpX-jfJL._AC_UL1500_.jpg|https://images-na.ssl-images-amazon.com/images/I/71vXsL1Wn6L._AC_UL1500_.jpg|https://images-na.ssl-images-amazon.com/images/I/810k7w6X1NL._AC_UL1500_.jpg|https://images-na.ssl-images-amazon.com/images/I/81RWdAPBn0L._AC_UL1500_.jpg|https://images-na.ssl-images-amazon.com/images/I/91mcnXqScFL._AC_UL1500_.jpg
B07HYZM7W7,B081MHXLJR,Amazon Essentials 6-Pack Cotton Thong Underwear Mujer,Amazon Essentials,Amazon,no,93,Ropa,2,Tangas para mujer,,,Ropa|Mujer|Lencería y ropa interior|Braguitas y culottes|Tangas,https://www.amazon.es/dp/B07HYZM7W7?psc=1,Flores Silvestres (Wildflowers),US S (EU S - M),14.99,En stock.,https://images-na.ssl-images-amazon.com/images/I/71pmzkXax4L._AC_UL1500_.jpg|https://images-na.ssl-images-amazon.com/images/I/91p0VktdKoL._AC_UL1500_.jpg|https://images-na.ssl-images-amazon.com/images/I/81XzxjnknML._AC_UL1500_.jpg|https://images-na.ssl-images-amazon.com/images/I/91p8boL691L._AC_UL1500_.jpg
B016QAU0QQ,B0824LTR7J,LaLaAreal Fajas Reductoras Corset Cincher Bustiers Corsé Adelgazantes de Cinturón Formación para Body Shaper Mujer,LaLaAreal,XINSH,yes,95,Ropa,2,Corsés para mujer,,,Ropa|Mujer|Lencería y ropa interior|Lencería moldeadora|Corsés,https://www.amazon.es/dp/B016QAU0QQ?psc=1,A-negro,XS,13.99,En stock.,https://images-na.ssl-images-amazon.com/images/I/71%2BkWdV0%2BsL._AC_UL1500_.jpg|https://images-na.ssl-images-amazon.com/images/I/61lt0jZx3bL._AC_UL1150_.jpg|https://images-na.ssl-images-amazon.com/images/I/61QkqaKMshL._AC_UL1250_.jpg|https://images-na.ssl-images-amazon.com/images/I/61P2SxtRTeL._AC_UL1300_.jpg|https://images-na.ssl-images-amazon.com/images/I/715ZJLZRzxL._AC_UL1300_.jpg|https://images-na.ssl-images-amazon.com/images/I/71vtkEYzSuL._AC_UL1300_.jpg|https://images-na.ssl-images-amazon.com/images/I/71ygmS1hQBL._AC_UL1489_.jpg
B01BP7HALI,B01N9OWK6U,"TRIXES Capa Bata con Estampado Negro para Adultos Salón Peluquería Barberos perfecta para Corte, Coloración, Reflejos, etc. - Capa Peluqueria Adulto",TRIXES,Digiflex ES,no,96,Ropa,1,Vestidos para mujer,,,Belleza|Cuidado del cabello|Mobiliario y material de peluquería|Capas,https://www.amazon.es/dp/B01BP7HALI?psc=1,Capa Bata Con Estampado Negro,,6.99,Envío en 2 a 3 días.,https://images-na.ssl-images-amazon.com/images/I/81gG-I%2Bpa2L._AC_SL1500_.jpg|https://images-na.ssl-images-amazon.com/images/I/81OqUlLpLfL._AC_SL1500_.jpg|https://images-na.ssl-images-amazon.com/images/I/81zL8L7qqYL._AC_SL1500_.jpg|https://images-na.ssl-images-amazon.com/images/I/81CMFOTgOPL._AC_SL1500_.jpg|https://images-na.ssl-images-amazon.com/images/I/819GzrIxxUL._AC_SL1500_.jpg
B077CND4SV,B07CKJLX7P,FocusCare La quimioterapia para cancer turbante mujeres Cómodo tejido de bambu Headwear,FocusCare,Beauty Turban,yes,98,Ropa,2,Pañuelos para la cabeza para mujer,,,"Ropa|Mujer|Accesorios|Bufandas, estolas y fulares|Pañuelos para la cabeza",https://www.amazon.es/dp/B077CND4SV?psc=1,Light Brown,,17.98,Sólo queda(n) 3 en stock.,https://images-na.ssl-images-amazon.com/images/I/51dFU3ysJSL._AC_UL1001_.jpg|https://images-na.ssl-images-amazon.com/images/I/51XgarHCqkL._AC_UL1001_.jpg|https://images-na.ssl-images-amazon.com/images/I/51wgFnJzbWL._AC_UL1001_.jpg|https://images-na.ssl-images-amazon.com/images/I/511gYsKPNnL._AC_UL1001_.jpg|https://images-na.ssl-images-amazon.com/images/I/51uDhCnAMkL._AC_UL1001_.jpg|https://images-na.ssl-images-amazon.com/images/I/51CKhD%2Br5bL._AC_UL1001_.jpg|https://images-na.ssl-images-amazon.com/images/I/61xAujbMvJL._AC_UL1001_.jpg|https://images-na.ssl-images-amazon.com/images/I/61xAujbMvJL._AC_UL1001_.jpg
B004NZNAVE,,"Tigex - Pack de 5 bragas de malla extensible, talla única, color blanco",Tigex,Amazon,no,102,Ropa,3,Braguitas para premamá,,,Ropa|Mujer|Ropa premamá|Lencería y ropa interior|Braguitas,https://www.amazon.es/dp/B004NZNAVE?psc=1,,,9.03,En stock.,https://images-na.ssl-images-amazon.com/images/I/51HxKaCfIcL._AC_SL1000_.jpg
B076Y35FR5,B0771MZKC5,YIANNA Mujer Latex Alta Corsé Reductor Adelgazante Largo Torso Waist Trainer Corset Fajas Reductoras de Cintura,YIANNA,YIANNA Direct,yes,105,Ropa,3,Corsés para mujer,,,Ropa|Mujer|Lencería y ropa interior|Lencería moldeadora|Corsés,https://www.amazon.es/dp/B076Y35FR5?psc=1,Beige,XS,21.99,En stock.,https://images-na.ssl-images-amazon.com/images/I/71LCgkHydyL._AC_UL1500_.jpg|https://images-na.ssl-images-amazon.com/images/I/71DtZZgwKRL._AC_UL1500_.jpg|https://images-na.ssl-images-amazon.com/images/I/71KkfvmzBnL._AC_UL1500_.jpg|https://images-na.ssl-images-amazon.com/images/I/7127nyPq4RL._AC_UL1500_.jpg|https://images-na.ssl-images-amazon.com/images/I/81SpM26XcnL._AC_UL1500_.jpg|https://images-na.ssl-images-amazon.com/images/I/81pDm7QPgLL._AC_UL1500_.jpg|https://images-na.ssl-images-amazon.com/images/I/81-pw6q7-xL._AC_UL1500_.jpg
B078HHDM28,B078HL8FCF,"Marca Amazon - IRIS & LILLY Tanga de Hilo de Algodón Mujer, Pack de 5",Iris & Lilly,Amazon,no,107,Ropa,3,Tangas para mujer,,,Ropa|Mujer|Lencería y ropa interior|Braguitas y culottes|Tangas,https://www.amazon.es/dp/B078HHDM28?psc=1,Blanco (White),36,14.99,En stock.,https://images-na.ssl-images-amazon.com/images/I/71wufmxb7gL._AC_UL1500_.jpg|https://images-na.ssl-images-amazon.com/images/I/91jLOfITGfL._AC_UL1500_.jpg|https://images-na.ssl-images-amazon.com/images/I/A1o4zpo7qLL._AC_UL1500_.jpg|https://images-na.ssl-images-amazon.com/images/I/91GVZUkBM7L._AC_UL1500_.jpg
B07QKLCV74,B07QLYLR19,"Hawiton Sujetadores Deportivos Mujer con Almohadillas Extraíbles Espalda Sujetador Deporte Mujer Sin Costuras con Relleno Yoga Racerback Top Gimnasio Fitness Ejercicio, Pack 1/3",Hawiton,HKJ-EU,yes,109,Ropa,2,Sujetadores deportivos para mujer,,,Ropa|Mujer|Ropa deportiva|Ropa interior deportiva|Sujetadores deportivos,https://www.amazon.es/dp/B07QKLCV74?psc=1,Azul,S-Elegir una talla de más grande,11.99,Sólo queda(n) 5 en stock.,https://images-na.ssl-images-amazon.com/images/I/717g6xzu4cL._AC_UL1500_.jpg|https://images-na.ssl-images-amazon.com/images/I/71FxhTPGc9L._AC_UL1500_.jpg|https://images-na.ssl-images-amazon.com/images/I/7103PDHD5iL._AC_UL1500_.jpg|https://images-na.ssl-images-amazon.com/images/I/712ZrECxCvL._AC_UL1000_.jpg|https://images-na.ssl-images-amazon.com/images/I/71w2KZd0p3L._AC_UL1500_.jpg|https://images-na.ssl-images-amazon.com/images/I/71ZRM30YTkL._AC_UL1000_.jpg|https://images-na.ssl-images-amazon.com/images/I/41xEYJqwCdL._AC_.jpg
B01LZKBXG8,B082G3QBNJ,"Marca Amazon - Iris & Lilly Braguita Mujer, Pack de 5",Iris & Lilly,Amazon,no,110,Ropa,2,Bikinis y Braguitas para mujer,4,Culottes y Shorts para mujer,Ropa|Mujer|Lencería y ropa interior|Braguitas y culottes|Bikinis y Braguitas,https://www.amazon.es/dp/B01LZKBXG8?psc=1,Blanco,36,14.99,En stock.,https://images-na.ssl-images-amazon.com/images/I/71Tpc1X7AnL._AC_UL1500_.jpg|https://images-na.ssl-images-amazon.com/images/I/91MjaHmYbzL._AC_UL1500_.jpg|https://images-na.ssl-images-amazon.com/images/I/915a6SuoeJL._AC_UL1500_.jpg
B07XNYSXL3,B07TV4RLS6,INNERSY Bragas Mujer Algodón Hipster Cómodo Transpirables Briefs Pack de 6,INNERSY,Innersy Life,yes,115,Ropa,5,Culottes y Shorts para mujer,,,Ropa|Mujer|Lencería y ropa interior|Braguitas y culottes|Culottes y Shorts,https://www.amazon.es/dp/B07XNYSXL3?psc=1,2azul Oscuro+2verde Oscuro+2gris,XS,18.99,En stock.,https://images-na.ssl-images-amazon.com/images/I/71Z3inZVa1L._AC_UL1500_.jpg|https://images-na.ssl-images-amazon.com/images/I/71U2MSAVWWL._AC_UL1500_.jpg|https://images-na.ssl-images-amazon.com/images/I/71mH1Y-2U9L._AC_UL1500_.jpg|https://images-na.ssl-images-amazon.com/images/I/61Xo3TSZgiL._AC_UL1001_.jpg|https://images-na.ssl-images-amazon.com/images/I/61bqEhLhlrL._AC_UL1001_.jpg|https://images-na.ssl-images-amazon.com/images/I/61sVLQtjhRL._AC_UL1001_.jpg|https://images-na.ssl-images-amazon.com/images/I/61ujGlG3rQL._AC_UL1001_.jpg
B07V3JTH88,B07HDZ2QZJ,"Caudblor 12 Pares Show calcetines de corte bajo de algodón para hombres y mujeres, blanco/gris/negro",Caudblor,FENGLAN-ES,yes,116,Ropa,3,Calcetines cortos para hombre,5,Calcetines para mujer,Ropa|Hombre|Calcetines|Calcetines cortos,https://www.amazon.es/dp/B07V3JTH88?psc=1,6*short+6*long,Hombre,13.99,En stock.,https://images-na.ssl-images-amazon.com/images/I/61RfoeHt%2BBL._AC_UL1500_.jpg
B07DCRMWXT,B07S81P24G,CRZ YOGA Mujer Naked Feeling Deportivos 7/8 Leggings Yoga Fitness Pantalon de Cintura Alta con Bolsillos-63cm,CRZ YOGA,Jimu Fashion,yes,117,Ropa,3,Leggings y medias deportivas para mujer,,,Ropa|Mujer|Ropa deportiva|Leggings y medias deportivas,https://www.amazon.es/dp/B07DCRMWXT?psc=1,Negro-r009,40,18,En stock.,https://images-na.ssl-images-amazon.com/images/I/61GX6088cpL._AC_UL1500_.jpg|https://images-na.ssl-images-amazon.com/images/I/612U7%2BH8D6L._AC_UL1500_.jpg|https://images-na.ssl-images-amazon.com/images/I/61N4lKkNuNL._AC_UL1500_.jpg|https://images-na.ssl-images-amazon.com/images/I/717NCbn9bBL._AC_UL1500_.jpg|https://images-na.ssl-images-amazon.com/images/I/71LB2anGk6L._AC_UL1500_.jpg|https://images-na.ssl-images-amazon.com/images/I/61kya63mqLL._AC_UL1500_.jpg
B06XJ4B8GV,B071V2DDXH,YIANNA Sujetador Deportivo Mujer con Relleno Extraíble Top Sujetadores Deportivos Yoga sin Costuras,YIANNA,YIANNA Direct,yes,128,Ropa,3,Sujetadores deportivos para mujer,,,Ropa|Mujer|Ropa deportiva|Ropa interior deportiva|Sujetadores deportivos,https://www.amazon.es/dp/B06XJ4B8GV?psc=1,Blanco,S,17.99,En stock.,https://images-na.ssl-images-amazon.com/images/I/612vtEzTELL._AC_UL1200_.jpg|https://images-na.ssl-images-amazon.com/images/I/61-rYO7sEZL._AC_UL1500_.jpg|https://images-na.ssl-images-amazon.com/images/I/61dYW-jJ5LL._AC_UL1500_.jpg|https://images-na.ssl-images-amazon.com/images/I/715DLp7bTOL._AC_UL1500_.jpg|https://images-na.ssl-images-amazon.com/images/I/81DVWfcH94L._AC_UL1500_.jpg|https://images-na.ssl-images-amazon.com/images/I/81jsoMrNo1L._AC_UL1500_.jpg|https://images-na.ssl-images-amazon.com/images/I/812g-tXQwBL._AC_UL1500_.jpg
B07KPYW1ZM,B07LC6SKW2,"adidas W E Lin Slim T Camiseta de Manga Corta, Mujer",adidas,TradeINN,no,132,Ropa,2,Camisetas de fitness para mujer,1,Camisetas para mujer,Ropa|Mujer|Ropa deportiva|Camisetas y camisas deportivas,https://www.amazon.es/dp/B07KPYW1ZM?psc=1,Blanco (White/Black),XXS,17.99,Envío en 1 a 3 semanas.,https://images-na.ssl-images-amazon.com/images/I/71cgncPz8AL._AC_UL1500_.jpg|https://images-na.ssl-images-amazon.com/images/I/71MVYgGxa6L._AC_UL1500_.jpg|https://images-na.ssl-images-amazon.com/images/I/71wO1XfdlyL._AC_UL1500_.jpg|https://images-na.ssl-images-amazon.com/images/I/71KUaJVFrVL._AC_UL1500_.jpg|https://images-na.ssl-images-amazon.com/images/I/51dTefg6F7L._AC_UL1000_.jpg|https://images-na.ssl-images-amazon.com/images/I/512Y%2BqtBy9L._AC_UL1000_.jpg|https://images-na.ssl-images-amazon.com/images/I/51kIY4h013L._AC_UL1000_.jpg|https://images-na.ssl-images-amazon.com/images/I/51CT45-JHCL._AC_UL1000_.jpg
B07KSY1MZT,B07L1QFPB7,"Sudaderas con Capucha Mujer, Sudadera para Mujer De Manga Larga Moda Sudadera Pullover Tops Blusa Calle",G-Anica,GBL Eur,no,133,Ropa,1,Sudaderas con capucha para mujer,,,"Ropa|Mujer|Jerséis, cárdigans y sudaderas|Sudaderas|Sudaderas con capucha",https://www.amazon.es/dp/B07KSY1MZT?psc=1,Gris,S,13.96,En stock.,https://images-na.ssl-images-amazon.com/images/I/71pbwynDCTL._AC_UL1000_.jpg
B081TT3ZN5,B081TSZ4Y5,"adidas Tres Bds Mallas, Mujer",adidas,,no,135,Ropa,4,Leggings y medias deportivas para mujer,,,Ropa|Mujer|Ropa deportiva|Leggings y medias deportivas,https://www.amazon.es/dp/B081TT3ZN5?psc=1,Negro (Black/White),34,,Disponible a través de estos vendedores.,https://images-na.ssl-images-amazon.com/images/I/71b2r9C4f-L._AC_SL1500_.jpg|https://images-na.ssl-images-amazon.com/images/I/71MwGFy4CdL._AC_SL1500_.jpg|https://images-na.ssl-images-amazon.com/images/I/91UpQ2Nax6L._AC_SL1500_.jpg|https://images-na.ssl-images-amazon.com/images/I/71uigymMNNL._AC_SL1500_.jpg
B072FTQ2LH,B071FQNRDF,L&K-II Leggins para Damas Pantalones Deportivos Largos para Training Running Yoga Fitness Transpirables con Cintura Alta 4113,GoVIA,eteem.service,no,136,Ropa,2,Leggings para mujer,,,Ropa|Mujer|Leggings,https://www.amazon.es/dp/B072FTQ2LH?psc=1,Azul,S/M(cintura:62-88),7.99,En stock.,https://images-na.ssl-images-amazon.com/images/I/71qBivchM3L._AC_UL1500_.jpg|https://images-na.ssl-images-amazon.com/images/I/713D88M9%2BIL._AC_UL1500_.jpg|https://images-na.ssl-images-amazon.com/images/I/71vyKIrNJCL._AC_UL1500_.jpg
B07R9GXDFJ,B07R5CXMQ3,Amazon Essentials French Terry Jogger Sweatpant - athletic-pants Mujer,Amazon Essentials,Amazon,no,138,Ropa,5,Pantalones deportivos para mujer (Ropa,,,Ropa|Mujer|Ropa deportiva|Pantalones deportivos,https://www.amazon.es/dp/B07R9GXDFJ?psc=1,Light Grey Heather Star,XS-S,20,En stock.,https://images-na.ssl-images-amazon.com/images/I/81s3UvAQTWL._AC_UL1500_.jpg|https://images-na.ssl-images-amazon.com/images/I/91fYvnjFReL._AC_UL1500_.jpg|https://images-na.ssl-images-amazon.com/images/I/81rGOkD3PBL._AC_UL1500_.jpg
B07RQNSJ1P,B07TXJBTMV,"HBselect Sostén De Lactancia Sin Costuras Set 3 pcs Multicolor,Sujetador de Maternidad,Sujetadores para Premamá Multicolor Sostén Embarazada",HBselect,HBselect,yes,141,Ropa,2,Sujetadores para premamá y de lactancia,,,Ropa|Mujer|Ropa premamá|Lencería y ropa interior|Sujetadores premamá y de lactancia,https://www.amazon.es/dp/B07RQNSJ1P?psc=1,"Set de 3 Negro,gris,violeta",S,19.99,En stock.,https://images-na.ssl-images-amazon.com/images/I/71dv3B-aLRL._AC_UL1500_.jpg|https://images-na.ssl-images-amazon.com/images/I/8158qC9NojL._AC_UL1500_.jpg|https://images-na.ssl-images-amazon.com/images/I/71kDa9zZAOL._AC_UL1500_.jpg|https://images-na.ssl-images-amazon.com/images/I/71CJGpHjCQL._AC_UL1500_.jpg|https://images-na.ssl-images-amazon.com/images/I/71UfLkfCotL._AC_UL1500_.jpg|https://images-na.ssl-images-amazon.com/images/I/71DjgFk6c5L._AC_UL1500_.jpg|https://images-na.ssl-images-amazon.com/images/I/71Gl%2B0MGFzL._AC_UL1500_.jpg
B07FQ5WHZP,B07N6H9P6Q,FITTOO Mallas Pantalones Deportivos Leggings Mujer Yoga de Alta Cintura Elásticos y Transpirables para Yoga Running Fitness con Gran Elásticos,FITTOO,Your Home Security,yes,142,Ropa,5,Leggings y medias deportivas para mujer,6,Pantalones deportivos para mujer (Ropa,Ropa|Mujer|Ropa deportiva|Leggings y medias deportivas,https://www.amazon.es/dp/B07FQ5WHZP?psc=1,#7,M,14.99,En stock.,https://images-na.ssl-images-amazon.com/images/I/71a2Y7jJ8kL._AC_UL1500_.jpg|https://images-na.ssl-images-amazon.com/images/I/71lKJX-0yXL._AC_UL1500_.jpg|https://images-na.ssl-images-amazon.com/images/I/71NT19nzXBL._AC_UL1100_.jpg|https://images-na.ssl-images-amazon.com/images/I/713JcFIdmIL._AC_UL1500_.jpg|https://images-na.ssl-images-amazon.com/images/I/61h0GSk5iqL._AC_UL1500_.jpg|https://images-na.ssl-images-amazon.com/images/I/61oepVwXHYL._AC_UL1100_.jpg
B084ZRZJGQ,B084ZW7PWQ,"Disney Lilo y Stitch Pijama Mujer Invierno, Pijamas De 2 Piezas Camisetas Mujer Manga Larga Y Pantalón con Personaje Stitch, Ropa De Dormir Algodón Tallas 36-46, Regalos para Chicas",Disney,F & F Stores,yes,148,Ropa,1,Pijamas para mujer,,,Ropa|Mujer|Ropa de dormir|Pijamas,https://www.amazon.es/dp/B084ZRZJGQ?psc=1,,36-38,24.95,En stock.,https://images-na.ssl-images-amazon.com/images/I/81qbOZWwgrL._AC_UL1500_.jpg|https://images-na.ssl-images-amazon.com/images/I/91jwFqdOqFL._AC_UL1500_.jpg|https://images-na.ssl-images-amazon.com/images/I/8119MStj4AL._AC_UL1500_.jpg|https://images-na.ssl-images-amazon.com/images/I/A1XUb3dClLL._AC_UL1500_.jpg|https://images-na.ssl-images-amazon.com/images/I/91q7dWSlDCL._AC_UL1500_.jpg|https://images-na.ssl-images-amazon.com/images/I/A1W7KyAcI5L._AC_UL1500_.jpg|https://images-na.ssl-images-amazon.com/images/I/81zKegBcqNL._AC_UL1500_.jpg
B0771XFC3P,B0776K3NB6,Boolavard Pack 4 Bra - el Confort Bra. Primera Calidad - Garantizada Mejor en el Mercado S-XXXL!,Boolavard,Boolavard,yes,149,Ropa,4,Sujetadores deportivos para mujer,,,Ropa|Mujer|Ropa deportiva|Ropa interior deportiva|Sujetadores deportivos,https://www.amazon.es/dp/B0771XFC3P?psc=1,3 Colour Set + Free Beige Bra,S - Chest Size - 34-35in UK 6 / EU 34,12.99,En stock.,https://images-na.ssl-images-amazon.com/images/I/81Ee4pEK76L._AC_UL1500_.jpg|https://images-na.ssl-images-amazon.com/images/I/41RVE6DExVL._AC_.jpg|https://images-na.ssl-images-amazon.com/images/I/41VhlBnn28L._AC_.jpg|https://images-na.ssl-images-amazon.com/images/I/71GHXnMF3OL._AC_UL1500_.jpg|https://images-na.ssl-images-amazon.com/images/I/41NHxOquW3L._AC_.jpg|https://images-na.ssl-images-amazon.com/images/I/411%2BwCGEwsL._AC_.jpg|https://images-na.ssl-images-amazon.com/images/I/71GHXnMF3OL._AC_UL1500_.jpg|https://images-na.ssl-images-amazon.com/images/I/41VMLiIVHVL._AC_.jpg|https://images-na.ssl-images-amazon.com/images/I/41Mh1TF51eL._AC_.jpg
B07Z61ZWJM,B07KB36JRG,"Ponmoo 2 en 1 Transpirable Ajustable Recuperación Post-Parto Vientre/Cintura/Soporte Pélvico Cinturón Faja para la Mujer y Maternidad, Faja Postparto Reductora Mujer Recuperación después del Parto",Ponmoo,Memoo,yes,153,Ropa,1,Fajas de embarazo para premamá,,,Ropa|Mujer|Ropa premamá|Lencería y ropa interior|Fajas de embarazo,https://www.amazon.es/dp/B07Z61ZWJM?psc=1,Beige,S: para cintura de 54 a 71 cm,15.99,Sólo queda(n) 5 en stock.,https://images-na.ssl-images-amazon.com/images/I/81to4XdizBL._AC_UL1500_.jpg|https://images-na.ssl-images-amazon.com/images/I/61RZnS69E9L._AC_UL1000_.jpg|https://images-na.ssl-images-amazon.com/images/I/61l4K242b6L._AC_UL1000_.jpg|https://images-na.ssl-images-amazon.com/images/I/61jraqGNnPL._AC_UL1188_.jpg|https://images-na.ssl-images-amazon.com/images/I/6168D9Vtr3L._AC_.jpg|https://images-na.ssl-images-amazon.com/images/I/61sjxNsWY0L._AC_UL1000_.jpg|https://images-na.ssl-images-amazon.com/images/I/81iyUkragdL._AC_UL1500_.jpg
B07NQ8Q59Q,B07JLJ8BJK,Dim Braguita (Pack de 5) para Mujer,Dim,Amazon,no,161,Ropa,3,Bikinis y Braguitas para mujer,,,Ropa|Mujer|Lencería y ropa interior|Braguitas y culottes|Bikinis y Braguitas,https://www.amazon.es/dp/B07NQ8Q59Q?psc=1,Multicolor (Lot Good Mood 8pn),36 (Talla del fabricante: 36/38),20.54,En stock.,https://images-na.ssl-images-amazon.com/images/I/71MIjddB9OL._AC_UL1500_.jpg
B07X643NWB,B07PN773V2,Puma Push-up Bra 1p Ecom Sujetador con Aros para Mujer,Puma,TradeINN,no,162,Ropa,1,Sujetadores básicos para mujer,,,Ropa|Mujer|Lencería y ropa interior|Sujetadores|Sujetadores básicos,https://www.amazon.es/dp/B07X643NWB?psc=1,Negro,75D,28.49,Envío en 6 a 10 días.,https://images-na.ssl-images-amazon.com/images/I/71QTShRjIgL._AC_UL1500_.jpg|https://images-na.ssl-images-amazon.com/images/I/71RVZk-dz3L._AC_UL1500_.jpg|https://images-na.ssl-images-amazon.com/images/I/719ZzLPqV3L._AC_UL1500_.jpg|https://images-na.ssl-images-amazon.com/images/I/71XpNgJHQVL._AC_UL1500_.jpg
B07HYZRHK9,B07HZ92BXM,Amazon Essentials 4-Pack Seamless Bonded Stretch Thong Panty Mujer,Amazon Essentials,Amazon,no,167,Ropa,6,Culottes y Shorts para mujer,,,Ropa|Mujer|Lencería y ropa interior|Braguitas y culottes|Culottes y Shorts,https://www.amazon.es/dp/B07HYZRHK9?psc=1,Azul Y Rosa,XS-S,18.98,En stock.,https://images-na.ssl-images-amazon.com/images/I/61OZhWv3A6L._AC_UL1500_.jpg|https://images-na.ssl-images-amazon.com/images/I/81EhbXh41ML._AC_UL1500_.jpg|https://images-na.ssl-images-amazon.com/images/I/81y-a501h5L._AC_UL1500_.jpg|https://images-na.ssl-images-amazon.com/images/I/81B4EQ9q24L._AC_UL1500_.jpg
