item>>brand,item>>categories,item>>description,item>>image,item>>instock,item>>price,item>>sku,item>>title,item>>url,"item>>Вес, кг",item>>Высота (см),item>>Высота товара в индивидуальной упаковке (см),item>>Гарантия (лет),item>>Глубина товара в индивидуальной упаковке (см),item>>Диаметр трубы подключения (дюйм),item>>Количество секций,item>>Максимальное давление (бар),item>>Марка,item>>Межосевое расстояние (см),item>>Объем (л),item>>Основной материал,item>>Площадь нагрева (в м²),item>>Рабочее давление (бар),item>>Серия,item>>Страна производства,item>>Теплоотдача (Вт),item>>Тип подводки,item>>Цвет,item>>Ширина (см),item>>Ширина товара в индивидуальной упаковке (см)
EQUATION,"Водоснабжение,Радиаторы отопления,Радиаторы биметаллические","Радиатор EQUATION биметаллический двухсторонний можно применять как при строительстве новых, так и при модернизации существующих систем отопления. Эти радиаторы отлично подойдут для помещений с панорамными окнами или витринным остеклением, где очень важен эстетичный внешний вид обеих сторон радиатора. Двухсторонняя конструкция — это не только универсальность и практичность, но и интересный дизайн и новый облик прибора, который создает уют и дает тепло вашему дому.ПреимуществаСекция радиатора состоит из стальной трубы, залитой под высоким давлением высокопрочным алюминиевым сплавом.Марка стали – «СЕВЕРКОР ЮНИ». В ее микроструктуре отсутствуют Коррозионно-Активные Неметаллические Включения (КАНВ), благодаря чему эта сталь обладает высокими антикоррозионными свойствами.Герметичность межсекционного стыка радиатора EQUATION достигается за счет образования замкового соединения. На торцах секций отфрезерованы проточки, в которые при сборке радиатора устанавливают прокладку из EPDM. Прокладка надежно фиксируется и гарантировано защищена слоем металла от выдавливания.Резьба в радиаторе EQUATION биметаллический выполняется и контролируется в строгом соответствии с ГОСТ 6357-81. Качественная и чистая резьба, без наплывов краски и дефектов - важная составляющая надежности прибора.Радиаторы идеально окрашены со всех сторон. Стандартный цвет - RAL 9016. Белоснежно белый цвет. Высококачественная порошковая эмаль наносится равномерно, без подтеков и наплывов и в течение всего срока службы придает безупречный внешний вид прибору.Радиаторы EQUATION биметаллический двухсторонний представлены тремя моделями с межосевыми расстояниями 500, 350 и 200 мм. Они имеют высокую теплоотдачу и могут применяться в системах отопления с любым типом теплоносителя: вода, антифриз или масло. Высокая теплоотдача достигается за счет продуманной симметричной конструкции радиатора, а также за счет большой металлоёмкости изделия и увеличенной площади поверхности боковых теплопередающих ребер.Имеют модификацию VENTIL с нижним подключением, под стандартный узел с межосевым расстоянием 50 мм.В Радиаторе EQUATION биметаллический двухсторонний с нижним подключением предустановлены: заглушки, кран Маевского и термостатический клапан. Для его подключения к системе отопления рекомендуем приобрести: двойной узел нижнего подключения прямой или угловой с внутренней резьбой на ¾ дюйма типа - евроконус. Для удобства регулировки температуры в помещении рекомендуем приобрести автоматический терморегулятор Для бокового подключения радиатора EQUATION биметаллический двухсторонний к системе отопления, в зависимости от диаметра подводных труб необходимо приобрести монтажный комплект 1""х3/4"" или 1""х1/2"" дюймаОбратите внимание. В радиаторе EQUATION биметаллический двухсторонний зазор между секциями составляет от 3,5 до 4,2 мм. Поэтому для настенного крепления прибора рекомендуем вам подобрать кронштейны толщиной не более 3,5 мм. Например, настенные регулируемые кронштейны RIFAR.Крепеж радиатора EQUATION биметаллический двухсторонний к полу удобно производить с помощью напольных регулируемых кронштейнов RIFAR","https://res.cloudinary.com/lmru/image/upload/b_white,c_pad,d_photoiscoming.png,f_auto,h_2000,q_auto,w_2000/v1/LMCode/89106836.jpg",Доступно для заказа,13243.00,89106836,Радиатор Equation 500/90 10 секций двухсторонний нижнее подключение биметалл,https://leroymerlin.ru/product/radiator-equation-500-90-10-sekciy-dvuhstoronniy-nizhnee-podklyuchenie-bimetall-89106836/,16.31,56.3,57.3,20,10.0,"1""",10,,EQUATION,500,2.0,Сталь / алюминий,17.5,20.0,Bimetal,Россия,1750,Нижний,Белый,80.0,81.0
RIFAR,"Водоснабжение,Радиаторы отопления,Радиаторы биметаллические","Биметаллический радиатор MONOLIT – это новый, запатентованный отопительный прибор компании «РИФАР» с особо высокими техническими характеристиками, отвечающими самым суровым условиям эксплуатации. Внутри радиатора теплоноситель движется по стальным каналам, соединенным с помощью уникальной технологии сварки в единую неразборную конструкцию. Благодаря этому в радиаторе MONOLIT в принципе отсутствуют участки, потенциально опасные для возникновения протечек. Радиаторы MONOLIT обладают исключительной надежностью, а также высокой теплоотдачей, которая достигается за счет развитой геометрии теплопередающих поверхностей из алюминиевого сплава.ПреимуществаГарантия производителя – 25 лет.Эффективность поддержания комфортного температурного режима.Высокая стойкость к коррозии. .Отсутствие межсекционных стыков.Индифферентность к типу теплоносителя и качеству его подготовки в системах индивидуального и коллективного отопления.Возможность использования радиатора при высокой (до 135 °С) температуре теплоносителя.Высокая прочность конструкции. Рабочее давление теплоносителя – до 30 атм; испытательное давление – 45 атм.Возможность применения в помещениях различного назначения, в том числе в медицинских учреждениях, в детских дошкольных учреждениях и т. д.Легкость монтажа. Нет необходимости установки переходников с левой и правой резьбой. Стандартные резьбовые соединения G1/2” или G3/4” являются неотъемлемой частью конструкции радиатора.","https://res.cloudinary.com/lmru/image/upload/b_white,c_pad,d_photoiscoming.png,f_auto,h_2000,q_auto,w_2000/v1/LMCode/12876448.jpg",Доступно для заказа,10944.00,12876448,Радиатор Rifar Monolit 500 8 секций боковое подключение биметалл,https://leroymerlin.ru/product/radiator-rifar-monolit-500-8-sekciy-bokovoe-podklyuchenie-bimetall-12876448/,16.35,57.7,10.8,25,65,"3/4""",8,45.0,RIFAR,500,1.6,Сталь / алюминий,16.0,30.0,Monolit,Россия,1568,Боковой,Белый,64.0,60
RIFAR,"Водоснабжение,Радиаторы отопления,Радиаторы биметаллические","Биметаллический радиатор MONOLIT – это новый, запатентованный отопительный прибор компании «РИФАР» с особо высокими техническими характеристиками, отвечающими самым суровым условиям эксплуатации. Внутри радиатора теплоноситель движется по стальным каналам, соединенным с помощью уникальной технологии сварки в единую неразборную конструкцию. Благодаря этому в радиаторе MONOLIT в принципе отсутствуют участки, потенциально опасные для возникновения протечек. Радиаторы MONOLIT обладают исключительной надежностью, а также высокой теплоотдачей, которая достигается за счет развитой геометрии теплопередающих поверхностей из алюминиевого сплава.ПреимуществаГарантия производителя – 25 лет.Эффективность поддержания комфортного температурного режима.Высокая стойкость к коррозии. .Отсутствие межсекционных стыков.Индифферентность к типу теплоносителя и качеству его подготовки в системах индивидуального и коллективного отопления.Возможность использования радиатора при высокой (до 135 °С) температуре теплоносителя.Высокая прочность конструкции. Рабочее давление теплоносителя – до 30 атм; испытательное давление – 45 атм.Возможность применения в помещениях различного назначения, в том числе в медицинских учреждениях, в детских дошкольных учреждениях и т. д.Легкость монтажа. Нет необходимости установки переходников с левой и правой резьбой. Стандартные резьбовые соединения G1/2” или G3/4” являются неотъемлемой частью конструкции радиатора.","https://res.cloudinary.com/lmru/image/upload/b_white,c_pad,d_photoiscoming.png,f_auto,h_2000,q_auto,w_2000/v1/LMCode/12876392.jpg",Доступно для заказа,8208.00,12876392,Радиатор Rifar Monolit 500 6 секций боковое подключение биметалл,https://leroymerlin.ru/product/radiator-rifar-monolit-500-6-sekciy-bokovoe-podklyuchenie-bimetall-12876392/,12.734,57.7,10.6,25,60,"3/4""",6,45.0,RIFAR,500,1.2,Сталь / алюминий,12.0,30.0,Monolit,Россия,1176,Боковой,Белый,48.0,48.8
EQUATION,"Водоснабжение,Радиаторы отопления,Радиаторы биметаллические","Радиатор EQUATION биметаллический двухсторонний можно применять как при строительстве новых, так и при модернизации существующих систем отопления. Эти радиаторы отлично подойдут для помещений с панорамными окнами или витринным остеклением, где очень важен эстетичный внешний вид обеих сторон радиатора. Двухсторонняя конструкция — это не только универсальность и практичность, но и интересный дизайн и новый облик прибора, который создает уют и дает тепло вашему дому.ПреимуществаСекция радиатора состоит из стальной трубы, залитой под высоким давлением высокопрочным алюминиевым сплавом.Марка стали – «СЕВЕРКОР ЮНИ». В ее микроструктуре отсутствуют Коррозионно-Активные Неметаллические Включения (КАНВ), благодаря чему эта сталь обладает высокими антикоррозионными свойствами.Герметичность межсекционного стыка радиатора EQUATION достигается за счет образования замкового соединения. На торцах секций отфрезерованы проточки, в которые при сборке радиатора устанавливают прокладку из EPDM. Прокладка надежно фиксируется и гарантировано защищена слоем металла от выдавливания.Резьба в радиаторе EQUATION биметаллический выполняется и контролируется в строгом соответствии с ГОСТ 6357-81. Качественная и чистая резьба, без наплывов краски и дефектов - важная составляющая надежности прибора.Радиаторы идеально окрашены со всех сторон. Стандартный цвет - RAL 9016. Белоснежно белый цвет. Высококачественная порошковая эмаль наносится равномерно, без подтеков и наплывов и в течение всего срока службы придает безупречный внешний вид прибору.Радиаторы EQUATION биметаллический двухсторонний представлены тремя моделями с межосевыми расстояниями 500, 350 и 200 мм. Они имеют высокую теплоотдачу и могут применяться в системах отопления с любым типом теплоносителя: вода, антифриз или масло. Высокая теплоотдача достигается за счет продуманной симметричной конструкции радиатора, а также за счет большой металлоёмкости изделия и увеличенной площади поверхности боковых теплопередающих ребер.Имеют модификацию VENTIL с нижним подключением, под стандартный узел с межосевым расстоянием 50 мм.В Радиаторе EQUATION биметаллический двухсторонний с нижним подключением предустановлены: заглушки, кран Маевского и термостатический клапан. Для его подключения к системе отопления рекомендуем приобрести: двойной узел нижнего подключения прямой или угловой с внутренней резьбой на ¾ дюйма типа - евроконус. Для удобства регулировки температуры в помещении рекомендуем приобрести автоматический терморегулятор Для бокового подключения радиатора EQUATION биметаллический двухсторонний к системе отопления, в зависимости от диаметра подводных труб необходимо приобрести монтажный комплект 1""х3/4"" или 1""х1/2"" дюймаОбратите внимание. В радиаторе EQUATION биметаллический двухсторонний зазор между секциями составляет от 3,5 до 4,2 мм. Поэтому для настенного крепления прибора рекомендуем вам подобрать кронштейны толщиной не более 3,5 мм. Например, настенные регулируемые кронштейны RIFAR.Крепеж радиатора EQUATION биметаллический двухсторонний к полу удобно производить с помощью напольных регулируемых кронштейнов RIFAR","https://res.cloudinary.com/lmru/image/upload/b_white,c_pad,d_photoiscoming.png,f_auto,h_2000,q_auto,w_2000/v1/LMCode/89106828.jpg",Доступно для заказа,6840.00,89106828,Радиатор Equation 500/90 6 секций двухсторонний биметалл,https://leroymerlin.ru/product/radiator-equation-500-90-6-sekciy-dvuhstoronniy-bimetall-89106828/,9.64,56.3,57.3,20,10.0,"1""",6,,EQUATION,500,1.2,Сталь / алюминий,10.5,20.0,Bimetal,Россия,1050,Боковой,Белый,48.0,49.0
RIFAR,"Водоснабжение,Радиаторы отопления,Радиаторы биметаллические","Биметаллический радиатор MONOLIT – это новый, запатентованный отопительный прибор компании «РИФАР» с особо высокими техническими характеристиками, отвечающими самым суровым условиям эксплуатации. Внутри радиатора теплоноситель движется по стальным каналам, соединенным с помощью уникальной технологии сварки в единую неразборную конструкцию. Благодаря этому в радиаторе MONOLIT в принципе отсутствуют участки, потенциально опасные для возникновения протечек. Радиаторы MONOLIT обладают исключительной надежностью, а также высокой теплоотдачей, которая достигается за счет развитой геометрии теплопередающих поверхностей из алюминиевого сплава.ПреимуществаГарантия производителя – 25 лет.Эффективность поддержания комфортного температурного режима.Высокая стойкость к коррозии. .Отсутствие межсекционных стыков.Индифферентность к типу теплоносителя и качеству его подготовки в системах индивидуального и коллективного отопления.Возможность использования радиатора при высокой (до 135 °С) температуре теплоносителя.Высокая прочность конструкции. Рабочее давление теплоносителя – до 30 атм; испытательное давление – 45 атм.Возможность применения в помещениях различного назначения, в том числе в медицинских учреждениях, в детских дошкольных учреждениях и т. д.Легкость монтажа. Нет необходимости установки переходников с левой и правой резьбой. Стандартные резьбовые соединения G1/2” или G3/4” являются неотъемлемой частью конструкции радиатора.","https://res.cloudinary.com/lmru/image/upload/b_white,c_pad,d_photoiscoming.png,f_auto,h_2000,q_auto,w_2000/v1/LMCode/12876499.jpg",Доступно для заказа,13680.00,12876499,Радиатор Rifar Monolit 500 10 секций боковое подключение биметалл,https://leroymerlin.ru/product/radiator-rifar-monolit-500-10-sekciy-bokovoe-podklyuchenie-bimetall-12876499/,20.432,57.7,10.8,25,81.2,"3/4""",10,45.0,RIFAR,500,2.0,Сталь / алюминий,20.0,30.0,Monolit,Россия,1960,Боковой,Белый,80.0,60.6
ROYAL THERMO,"Электротовары,Электрический обогрев дома и квартиры,Товары для отопления квартиры и дачи","Биметаллический дизайн-радиатор для любых систем отопления с боковым подключениемАэродинамический дизайн BILINER ®Разработанный IPG Design Studio (Италия) совместно с экспертами НИИ Сантехники (Россия) аэродинамический дизайн BILINER позволил достичь революционной тепловой эффективности радиатора при компактных размерах.Повышенная мощность, технология POWERSHIFT ®Дополнительное оребрение на вертикальном коллекторе секции увеличивает теплоотдачу радиатора на 5%. Такое решение способствует более быстрому обогреву помещений при том же размере и весе секций.100% НАСТОЯЩИЙ БИМЕТАЛЛПрименение полностью стального закладного элемента, выполненного из углеродистой стали марки 20, которая отличается повышенной коррозионной стойкостью и эксплуатационной надежностью. Гарантирует надежную работу в системах, подверженных гидроударам и с химически агрессивными теплоносителями (в том числе антифризами).Oxsilan® 9807 – новое поколение экологически чистого покрытия без тяжелых металлов и фосфатовOxsilan® 9807 наносится на секцию радиатора перед покраской и за счет улучшенной адгезии лакокрасочного покрытия повышает антикоррозийную стойкость и долговечность радиаторов.Сверхстойкая 7-этапная NANO-покраска TECNOFIRMA®Нанесение экологически чистых нано-красок AkzoNobel (Нидерланды) и FreiLacke (Германия) в семь этапов гарантирует стойкость к механическим повреждениям и обеспечивает долговечность покрытия радиатора в помещениях с повышенной влажностью.Цветовые возможности COLORPLUSТри цвета Bianco Traffico, Silver Satin и Noir Sable дизайнерской палитры FUTURA AKZONOBEL (Нидерланды) позволяют создать абсолютно уникальный радиатор.","https://res.cloudinary.com/lmru/image/upload/b_white,c_pad,d_photoiscoming.png,f_auto,h_2000,q_auto,w_2000/v1/LMCode/81979199.jpg",Доступно для заказа,10920.00,81979199,Радиатор Royal Thermo BiLiner 500 10 секций Bianco Traffico боковое подключение биметалл,https://leroymerlin.ru/product/radiator-royal-thermo-biliner-500-10-sekciy-bianco-traffico-bokovoe-podklyuchenie-bimetall-81979199/,19.062,57.4,11.8,25,83,"1""",10,45.0,ROYAL THERMO,500,2.05,Сталь / алюминий,19.0,30.0,BIliner,Россия,1710,Боковой,Белый,80.0,63
ROYAL THERMO,"Электротовары,Электрический обогрев дома и квартиры,Товары для отопления квартиры и дачи","Биметаллический дизайн-радиатор для любых систем отопления с боковым подключениемАэродинамический дизайн BILINER ®Разработанный IPG Design Studio (Италия) совместно с экспертами НИИ Сантехники (Россия) аэродинамический дизайн BILINER позволил достичь революционной тепловой эффективности радиатора при компактных размерах.Повышенная мощность, технология POWERSHIFT ®Дополнительное оребрение на вертикальном коллекторе секции увеличивает теплоотдачу радиатора на 5%. Такое решение способствует более быстрому обогреву помещений при том же размере и весе секций.100% НАСТОЯЩИЙ БИМЕТАЛЛПрименение полностью стального закладного элемента, выполненного из углеродистой стали марки 20, которая отличается повышенной коррозионной стойкостью и эксплуатационной надежностью. Гарантирует надежную работу в системах, подверженных гидроударам и с химически агрессивными теплоносителями (в том числе антифризами).Oxsilan® 9807 – новое поколение экологически чистого покрытия без тяжелых металлов и фосфатовOxsilan® 9807 наносится на секцию радиатора перед покраской и за счет улучшенной адгезии лакокрасочного покрытия повышает антикоррозийную стойкость и долговечность радиаторов.Сверхстойкая 7-этапная NANO-покраска TECNOFIRMA®Нанесение экологически чистых нано-красок AkzoNobel (Нидерланды) и FreiLacke (Германия) в семь этапов гарантирует стойкость к механическим повреждениям и обеспечивает долговечность покрытия радиатора в помещениях с повышенной влажностью.Цветовые возможности COLORPLUSТри цвета Bianco Traffico, Silver Satin и Noir Sable дизайнерской палитры FUTURA AKZONOBEL (Нидерланды) позволяют создать абсолютно уникальный радиатор.","https://res.cloudinary.com/lmru/image/upload/b_white,c_pad,d_photoiscoming.png,f_auto,h_2000,q_auto,w_2000/v1/LMCode/81979198.jpg",Доступно для заказа,8736.00,81979198,Радиатор Royal Thermo BiLiner 500 8 секций Bianco Traffico боковое подключение биметалл,https://leroymerlin.ru/product/radiator-royal-thermo-biliner-500-8-sekciy-bianco-traffico-bokovoe-podklyuchenie-bimetall-81979198/,14.866,57.4,11.6,25,66.6,"1""",8,45.0,ROYAL THERMO,500,1.64,Сталь / алюминий,15.0,30.0,BIliner,Россия,1368,Боковой,Белый,64.0,62.2
EQUATION,"Водоснабжение,Радиаторы отопления,Радиаторы биметаллические","Радиатор EQUATION биметаллический двухсторонний можно применять как при строительстве новых, так и при модернизации существующих систем отопления. Эти радиаторы отлично подойдут для помещений с панорамными окнами или витринным остеклением, где очень важен эстетичный внешний вид обеих сторон радиатора. Двухсторонняя конструкция — это не только универсальность и практичность, но и интересный дизайн и новый облик прибора, который создает уют и дает тепло вашему дому.ПреимуществаСекция радиатора состоит из стальной трубы, залитой под высоким давлением высокопрочным алюминиевым сплавом.Марка стали – «СЕВЕРКОР ЮНИ». В ее микроструктуре отсутствуют Коррозионно-Активные Неметаллические Включения (КАНВ), благодаря чему эта сталь обладает высокими антикоррозионными свойствами.Герметичность межсекционного стыка радиатора EQUATION достигается за счет образования замкового соединения. На торцах секций отфрезерованы проточки, в которые при сборке радиатора устанавливают прокладку из EPDM. Прокладка надежно фиксируется и гарантировано защищена слоем металла от выдавливания.Резьба в радиаторе EQUATION биметаллический выполняется и контролируется в строгом соответствии с ГОСТ 6357-81. Качественная и чистая резьба, без наплывов краски и дефектов - важная составляющая надежности прибора.Радиаторы идеально окрашены со всех сторон. Стандартный цвет - RAL 9016. Белоснежно белый цвет. Высококачественная порошковая эмаль наносится равномерно, без подтеков и наплывов и в течение всего срока службы придает безупречный внешний вид прибору.Радиаторы EQUATION биметаллический двухсторонний представлены тремя моделями с межосевыми расстояниями 500, 350 и 200 мм. Они имеют высокую теплоотдачу и могут применяться в системах отопления с любым типом теплоносителя: вода, антифриз или масло. Высокая теплоотдача достигается за счет продуманной симметричной конструкции радиатора, а также за счет большой металлоёмкости изделия и увеличенной площади поверхности боковых теплопередающих ребер.Имеют модификацию VENTIL с нижним подключением, под стандартный узел с межосевым расстоянием 50 мм.В Радиаторе EQUATION биметаллический двухсторонний с нижним подключением предустановлены: заглушки, кран Маевского и термостатический клапан. Для его подключения к системе отопления рекомендуем приобрести: двойной узел нижнего подключения прямой или угловой с внутренней резьбой на ¾ дюйма типа - евроконус. Для удобства регулировки температуры в помещении рекомендуем приобрести автоматический терморегулятор Для бокового подключения радиатора EQUATION биметаллический двухсторонний к системе отопления, в зависимости от диаметра подводных труб необходимо приобрести монтажный комплект 1""х3/4"" или 1""х1/2"" дюймаОбратите внимание. В радиаторе EQUATION биметаллический двухсторонний зазор между секциями составляет от 3,5 до 4,2 мм. Поэтому для настенного крепления прибора рекомендуем вам подобрать кронштейны толщиной не более 3,5 мм. Например, настенные регулируемые кронштейны RIFAR.Крепеж радиатора EQUATION биметаллический двухсторонний к полу удобно производить с помощью напольных регулируемых кронштейнов RIFAR","https://res.cloudinary.com/lmru/image/upload/b_white,c_pad,d_photoiscoming.png,f_auto,h_2000,q_auto,w_2000/v1/LMCode/89106829.jpg",Доступно для заказа,9120.00,89106829,Радиатор Equation 500/90 8 секций двухсторонний биметалл,https://leroymerlin.ru/product/radiator-equation-500-90-8-sekciy-dvuhstoronniy-bimetall-89106829/,12.72,56.3,57.3,20,10.0,"1""",8,,EQUATION,500,1.6,Сталь / алюминий,14.0,20.0,Bimetal,Россия,1400,Боковой,Белый,64.0,65.0
RIFAR,"Водоснабжение,Радиаторы отопления,Радиаторы биметаллические","Биметаллический радиатор MONOLIT – это новый, запатентованный отопительный прибор компании «РИФАР» с особо высокими техническими характеристиками, отвечающими самым суровым условиям эксплуатации. Внутри радиатора теплоноситель движется по стальным каналам, соединенным с помощью уникальной технологии сварки в единую неразборную конструкцию. Благодаря этому в радиаторе MONOLIT в принципе отсутствуют участки, потенциально опасные для возникновения протечек. Радиаторы MONOLIT обладают исключительной надежностью, а также высокой теплоотдачей, которая достигается за счет развитой геометрии теплопередающих поверхностей из алюминиевого сплава.ПреимуществаГарантия производителя – 25 лет.Эффективность поддержания комфортного температурного режима.Высокая стойкость к коррозии. .Отсутствие межсекционных стыков.Индифферентность к типу теплоносителя и качеству его подготовки в системах индивидуального и коллективного отопления.Возможность использования радиатора при высокой (до 135 °С) температуре теплоносителя.Высокая прочность конструкции. Рабочее давление теплоносителя – до 30 атм; испытательное давление – 45 атм.Возможность применения в помещениях различного назначения, в том числе в медицинских учреждениях, в детских дошкольных учреждениях и т. д.Легкость монтажа. Нет необходимости установки переходников с левой и правой резьбой. Стандартные резьбовые соединения G1/2” или G3/4” являются неотъемлемой частью конструкции радиатора.","https://res.cloudinary.com/lmru/image/upload/b_white,c_pad,d_photoiscoming.png,f_auto,h_2000,q_auto,w_2000/v1/LMCode/12876544.jpg",Доступно для заказа,16416.00,12876544,Радиатор Rifar Monolit 500 12 секций боковое подключение биметалл,https://leroymerlin.ru/product/radiator-rifar-monolit-500-12-sekciy-bokovoe-podklyuchenie-bimetall-12876544/,24.186,57.7,10.9,25,96,"3/4""",12,45.0,RIFAR,500,2.4,Сталь / алюминий,24.0,30.0,Monolit,Россия,2352,Боковой,Белый,96.0,60
EQUATION,"Электротовары,Электрический обогрев дома и квартиры,Товары для отопления квартиры и дачи","Equation - биметаллический радиатор водяного отопления, предназначенный для обогрева жилых помещений. Радиатор включает 10 секций. Биметаллический радиатор представляет собой конструкцию, выполненную из стальных труб, залитых под высоким давлением высококачественным алюминиевым сплавом. Благодаря подобной конструкции в этих радиаторах удачно сочетаются прочностные характеристики и высокий номинальный тепловой поток. Биметаллические радиаторы отопления обладают повышенной прочностью и способны выдерживать большие перепады давления. Надежность и эффективность биметаллических радиаторов отопления обеспечивают безопасность и долгий срок службы. Рекомендованы к установке в квартире. Радиаторы Equation – это современное решение для создания комфортного микроклимата в Вашем доме. Произведено на заводе RIFAR","https://res.cloudinary.com/lmru/image/upload/b_white,c_pad,d_photoiscoming.png,f_auto,h_2000,q_auto,w_2000/v1/LMCode/18360733.jpg",Доступно для заказа,11370.00,18360733,Радиатор Equation 500/100 10 секций боковое подключение биметалл,https://leroymerlin.ru/product/radiator-equation-500-100-10-sekciy-bokovoe-podklyuchenie-bimetall-18360733/,18.298,57.0,11,15,80,"1""",10,30.0,EQUATION,500,1.2,Сталь / алюминий,20.0,20.0,,Россия,1980,Боковой,Белый,80.0,59
EQUATION,"Электротовары,Электрический обогрев дома и квартиры,Товары для отопления квартиры и дачи","Equation - биметаллический радиатор водяного отопления, предназначенный для обогрева жилых помещений. Радиатор включает 12 секций. Биметаллический радиатор представляет собой конструкцию, выполненную из стальных труб, залитых под высоким давлением высококачественным алюминиевым сплавом. Благодаря подобной конструкции в этих радиаторах удачно сочетаются прочностные характеристики и высокий номинальный тепловой поток. Биметаллические радиаторы отопления обладают повышенной прочностью и способны выдерживать большие перепады давления. Надежность и эффективность биметаллических радиаторов отопления обеспечивают безопасность и долгий срок службы. Рекомендованы к установке в квартире. Радиаторы Equation – это современное решение для создания комфортного микроклимата в Вашем доме. Произведено на заводе RIFAR","https://res.cloudinary.com/lmru/image/upload/b_white,c_pad,d_photoiscoming.png,f_auto,h_2000,q_auto,w_2000/v1/LMCode/18360741.jpg",Доступно для заказа,13644.00,18360741,Радиатор Equation 500/100 12 секций боковое подключение биметалл,https://leroymerlin.ru/product/radiator-equation-500-100-12-sekciy-bokovoe-podklyuchenie-bimetall-18360741/,21.78,57.0,10.7,15,96,"1""",12,30.0,EQUATION,500,1.8,Сталь / алюминий,24.0,20.0,,Россия,2376,Боковой,Белый,96.0,59
EQUATION,"Водоснабжение,Радиаторы отопления,Радиаторы биметаллические","Радиатор EQUATION биметаллический двухсторонний можно применять как при строительстве новых, так и при модернизации существующих систем отопления. Эти радиаторы отлично подойдут для помещений с панорамными окнами или витринным остеклением, где очень важен эстетичный внешний вид обеих сторон радиатора. Двухсторонняя конструкция — это не только универсальность и практичность, но и интересный дизайн и новый облик прибора, который создает уют и дает тепло вашему дому.ПреимуществаСекция радиатора состоит из стальной трубы, залитой под высоким давлением высокопрочным алюминиевым сплавом.Марка стали – «СЕВЕРКОР ЮНИ». В ее микроструктуре отсутствуют Коррозионно-Активные Неметаллические Включения (КАНВ), благодаря чему эта сталь обладает высокими антикоррозионными свойствами.Герметичность межсекционного стыка радиатора EQUATION достигается за счет образования замкового соединения. На торцах секций отфрезерованы проточки, в которые при сборке радиатора устанавливают прокладку из EPDM. Прокладка надежно фиксируется и гарантировано защищена слоем металла от выдавливания.Резьба в радиаторе EQUATION биметаллический выполняется и контролируется в строгом соответствии с ГОСТ 6357-81. Качественная и чистая резьба, без наплывов краски и дефектов - важная составляющая надежности прибора.Радиаторы идеально окрашены со всех сторон. Стандартный цвет - RAL 9016. Белоснежно белый цвет. Высококачественная порошковая эмаль наносится равномерно, без подтеков и наплывов и в течение всего срока службы придает безупречный внешний вид прибору.Радиаторы EQUATION биметаллический двухсторонний представлены тремя моделями с межосевыми расстояниями 500, 350 и 200 мм. Они имеют высокую теплоотдачу и могут применяться в системах отопления с любым типом теплоносителя: вода, антифриз или масло. Высокая теплоотдача достигается за счет продуманной симметричной конструкции радиатора, а также за счет большой металлоёмкости изделия и увеличенной площади поверхности боковых теплопередающих ребер.Имеют модификацию VENTIL с нижним подключением, под стандартный узел с межосевым расстоянием 50 мм.В Радиаторе EQUATION биметаллический двухсторонний с нижним подключением предустановлены: заглушки, кран Маевского и термостатический клапан. Для его подключения к системе отопления рекомендуем приобрести: двойной узел нижнего подключения прямой или угловой с внутренней резьбой на ¾ дюйма типа - евроконус. Для удобства регулировки температуры в помещении рекомендуем приобрести автоматический терморегулятор Для бокового подключения радиатора EQUATION биметаллический двухсторонний к системе отопления, в зависимости от диаметра подводных труб необходимо приобрести монтажный комплект 1""х3/4"" или 1""х1/2"" дюймаОбратите внимание. В радиаторе EQUATION биметаллический двухсторонний зазор между секциями составляет от 3,5 до 4,2 мм. Поэтому для настенного крепления прибора рекомендуем вам подобрать кронштейны толщиной не более 3,5 мм. Например, настенные регулируемые кронштейны RIFAR.Крепеж радиатора EQUATION биметаллический двухсторонний к полу удобно производить с помощью напольных регулируемых кронштейнов RIFAR","https://res.cloudinary.com/lmru/image/upload/b_white,c_pad,d_photoiscoming.png,f_auto,h_2000,q_auto,w_2000/v1/LMCode/89106831.jpg",Доступно для заказа,13680.00,89106831,Радиатор Equation 500/90 12 секций двухсторонний биметалл,https://leroymerlin.ru/product/radiator-equation-500-90-12-sekciy-dvuhstoronniy-bimetall-89106831/,18.89,56.3,57.3,20,10.0,"1""",12,,EQUATION,500,2.4,Сталь / алюминий,21.0,20.0,Bimetal,Россия,2100,Боковой,Белый,96.0,97.0
EQUATION,"Электротовары,Электрический обогрев дома и квартиры,Товары для отопления квартиры и дачи","Equation - биметаллический радиатор водяного отопления, предназначенный для обогрева жилых помещений. Радиатор включает 6 секций. Биметаллический радиатор представляет собой конструкцию, выполненную из стальных труб, залитых под высоким давлением высококачественным алюминиевым сплавом. Благодаря подобной конструкции в этих радиаторах удачно сочетаются прочностные характеристики и высокий номинальный тепловой поток. Биметаллические радиаторы отопления обладают повышенной прочностью и способны выдерживать большие перепады давления. Надежность и эффективность биметаллических радиаторов отопления обеспечивают безопасность и долгий срок службы. Рекомендованы к установке в квартире. Радиаторы Equation – это современное решение для создания комфортного микроклимата в Вашем доме. Произведено на заводе RIFAR","https://res.cloudinary.com/lmru/image/upload/b_white,c_pad,d_photoiscoming.png,f_auto,h_2000,q_auto,w_2000/v1/LMCode/18360709.jpg",Доступно для заказа,6822.00,18360709,Радиатор Equation 500/100 6 секций боковое подключение биметалл,https://leroymerlin.ru/product/radiator-equation-500-100-6-sekciy-bokovoe-podklyuchenie-bimetall-18360709/,11.125,57.0,10.5,15,58.7,"1""",6,30.0,EQUATION,500,1.2,Сталь / алюминий,12.0,20.0,,Россия,1830,Боковой,Белый,48.0,47.8
EQUATION,"Электротовары,Электрический обогрев дома и квартиры,Товары для отопления квартиры и дачи","Equation - биметаллический радиатор водяного отопления, предназначенный для обогрева жилых помещений. Радиатор включает 8 секций. Биметаллический радиатор представляет собой конструкцию, выполненную из стальных труб, залитых под высоким давлением высококачественным алюминиевым сплавом. Благодаря подобной конструкции в этих радиаторах удачно сочетаются прочностные характеристики и высокий номинальный тепловой поток. Биметаллические радиаторы отопления обладают повышенной прочностью и способны выдерживать большие перепады давления. Надежность и эффективность биметаллических радиаторов отопления обеспечивают безопасность и долгий срок службы. Рекомендованы к установке в квартире. Радиаторы Equation – это современное решение для создания комфортного микроклимата в Вашем доме. Произведено на заводе RIFAR","https://res.cloudinary.com/lmru/image/upload/b_white,c_pad,d_photoiscoming.png,f_auto,h_2000,q_auto,w_2000/v1/LMCode/18360725.jpg",,9096.00,18360725,Радиатор Equation 500/100 8 секций боковое подключение биметалл,https://leroymerlin.ru/product/radiator-equation-500-100-8-sekciy-bokovoe-podklyuchenie-bimetall-18360725/,14.698,57.0,10.6,15,64.2,"1""",8,30.0,EQUATION,500,1.0,Сталь / алюминий,16.0,20.0,,Россия,990,Боковой,Белый,64.0,59.2
ROYAL THERMO,"Электротовары,Электрический обогрев дома и квартиры,Товары для отопления квартиры и дачи","Биметаллический дизайн-радиатор для любых систем отопления с боковым подключениемАэродинамический дизайн BILINER ®Разработанный IPG Design Studio (Италия) совместно с экспертами НИИ Сантехники (Россия) аэродинамический дизайн BILINER позволил достичь революционной тепловой эффективности радиатора при компактных размерах.Повышенная мощность, технология POWERSHIFT ®Дополнительное оребрение на вертикальном коллекторе секции увеличивает теплоотдачу радиатора на 5%. Такое решение способствует более быстрому обогреву помещений при том же размере и весе секций.100% НАСТОЯЩИЙ БИМЕТАЛЛПрименение полностью стального закладного элемента, выполненного из углеродистой стали марки 20, которая отличается повышенной коррозионной стойкостью и эксплуатационной надежностью. Гарантирует надежную работу в системах, подверженных гидроударам и с химически агрессивными теплоносителями (в том числе антифризами).Oxsilan® 9807 – новое поколение экологически чистого покрытия без тяжелых металлов и фосфатовOxsilan® 9807 наносится на секцию радиатора перед покраской и за счет улучшенной адгезии лакокрасочного покрытия повышает антикоррозийную стойкость и долговечность радиаторов.Сверхстойкая 7-этапная NANO-покраска TECNOFIRMA®Нанесение экологически чистых нано-красок AkzoNobel (Нидерланды) и FreiLacke (Германия) в семь этапов гарантирует стойкость к механическим повреждениям и обеспечивает долговечность покрытия радиатора в помещениях с повышенной влажностью.Цветовые возможности COLORPLUSТри цвета Bianco Traffico, Silver Satin и Noir Sable дизайнерской палитры FUTURA AKZONOBEL (Нидерланды) позволяют создать абсолютно уникальный радиатор.","https://res.cloudinary.com/lmru/image/upload/b_white,c_pad,d_photoiscoming.png,f_auto,h_2000,q_auto,w_2000/v1/LMCode/81979197.jpg",Доступно для заказа,6552.00,81979197,Радиатор Royal Thermo BiLiner 500 6 секций Bianco Traffico боковое подключение биметалл,https://leroymerlin.ru/product/radiator-royal-thermo-biliner-500-6-sekciy-bianco-traffico-bokovoe-podklyuchenie-bimetall-81979197/,11.44,57.4,11.6,25,62.2,"1""",6,45.0,ROYAL THERMO,500,1.23,Сталь / алюминий,11.0,30.0,BIliner,Россия,1026,Боковой,Белый,48.0,50.4
EQUATION,"Водоснабжение,Радиаторы отопления,Радиаторы биметаллические","Скачать документы сертификацииРадиатор Equation 500/80/8 устанавливается в системах водяного отопления жилых зданий для обогрева помещений площадью до 12,9 м². Биметаллический корпус изготовлен из стали и алюминия. Цвет — белый. Размер радиатора — 64 × 56,8 × 8 см.Изделие вмещает 1,44 л теплоносителя. Рабочее давление в системе отопления — 20 бар. Вид подключения радиатора — боковой. Монтаж производится трубами или фитингами с резьбой диаметром 1"". Страна изготовления — Россия, гарантия производителя — 20 лет.ОсобенностиМодель состоит из 8 секций, соединенных резьбовыми втулками с герметичными прокладками.Теплоотдача радиатора составляет 1285 Вт.Особая форма секций обеспечивает хорошую циркуляцию воздуха в помещении, что позволяет прогревать его быстро и равномерно.","https://res.cloudinary.com/lmru/image/upload/b_white,c_pad,d_photoiscoming.png,f_auto,h_2000,q_auto,w_2000/v1/LMCode/86565619.jpg",Доступно для заказа,7028.00,86565619,"Радиатор Equation 500/80/8, 8 секций, боковое подключение, биметалл",https://leroymerlin.ru/product/radiator-equation-500-80-8-86565619/,13.316,56.8,9.6,20,66.5,"1""",8,,EQUATION,500,1.44,Сталь / алюминий,12.9,20.0,Bimetal,Россия,1288,Боковой,Белый,64.0,60.2
ROYAL THERMO,"Электротовары,Электрический обогрев дома и квартиры,Товары для отопления квартиры и дачи","Биметаллический дизайн-радиатор для любых систем отопления с боковым подключениемАэродинамический дизайн BILINER ®Разработанный IPG Design Studio (Италия) совместно с экспертами НИИ Сантехники (Россия) аэродинамический дизайн BILINER позволил достичь революционной тепловой эффективности радиатора при компактных размерах.Повышенная мощность, технология POWERSHIFT ®Дополнительное оребрение на вертикальном коллекторе секции увеличивает теплоотдачу радиатора на 5%. Такое решение способствует более быстрому обогреву помещений при том же размере и весе секций.100% НАСТОЯЩИЙ БИМЕТАЛЛПрименение полностью стального закладного элемента, выполненного из углеродистой стали марки 20, которая отличается повышенной коррозионной стойкостью и эксплуатационной надежностью. Гарантирует надежную работу в системах, подверженных гидроударам и с химически агрессивными теплоносителями (в том числе антифризами).Oxsilan® 9807 – новое поколение экологически чистого покрытия без тяжелых металлов и фосфатовOxsilan® 9807 наносится на секцию радиатора перед покраской и за счет улучшенной адгезии лакокрасочного покрытия повышает антикоррозийную стойкость и долговечность радиаторов.Сверхстойкая 7-этапная NANO-покраска TECNOFIRMA®Нанесение экологически чистых нано-красок AkzoNobel (Нидерланды) и FreiLacke (Германия) в семь этапов гарантирует стойкость к механическим повреждениям и обеспечивает долговечность покрытия радиатора в помещениях с повышенной влажностью.Цветовые возможности COLORPLUSТри цвета Bianco Traffico, Silver Satin и Noir Sable дизайнерской палитры FUTURA AKZONOBEL (Нидерланды) позволяют создать абсолютно уникальный радиатор.","https://res.cloudinary.com/lmru/image/upload/b_white,c_pad,d_photoiscoming.png,f_auto,h_2000,q_auto,w_2000/v1/LMCode/81979200.jpg",Доступно для заказа,13104.00,81979200,Радиатор Royal Thermo BiLiner 500 12 секций Bianco Traffico боковое подключение биметалл,https://leroymerlin.ru/product/radiator-royal-thermo-biliner-500-12-sekciy-bianco-traffico-bokovoe-podklyuchenie-bimetall-81979200/,22.2,57.4,11.4,25,99.3,"1""",12,45.0,ROYAL THERMO,500,2.46,Сталь / алюминий,22.0,30.0,BIliner,Россия,2052,Боковой,Белый,96.0,63
EQUATION,"Водоснабжение,Радиаторы отопления,Радиаторы биметаллические","Скачать документы сертификацииРадиатор Equation 500/80/6 устанавливается в системах водяного отопления жилых зданий для обогрева помещений площадью до 9,6 м². Биметаллический корпус изготовлен из стали и алюминия. Цвет — белый. Размер радиатора — 48 × 56,8 × 8 см.Изделие вмещает 1,08 л теплоносителя. Рабочее давление в системе отопления — 20 бар. Вид подключения радиатора — боковой. Монтаж производится трубами или фитингами с резьбой диаметром 1"". Страна изготовления — Россия, гарантия производителя — 20 лет.ОсобенностиМодель состоит из 6 секций, соединенных резьбовыми втулками с герметичными прокладками.Теплоотдача радиатора составляет 964 Вт.Особая форма секций обеспечивает хорошую циркуляцию воздуха в помещении, что позволяет прогревать его быстро и равномерно.","https://res.cloudinary.com/lmru/image/upload/b_white,c_pad,d_photoiscoming.png,f_auto,h_2000,q_auto,w_2000/v1/LMCode/86565618.jpg",Доступно для заказа,5271.00,86565618,"Радиатор Equation 500/80/6, 6 секций, боковое подключение, биметалл",https://leroymerlin.ru/product/radiator-equation-500-80-6-86565618/,10.085,56.8,9.6,20,61.2,"1""",6,,EQUATION,500,1.08,Сталь / алюминий,9.6,20.0,Bimetal,Россия,966,Боковой,Белый,48.0,50.5
RIFAR,"Электротовары,Электрический обогрев дома и квартиры,Товары для отопления квартиры и дачи","Биметаллический радиатор MONOLIT – это новый, запатентованный отопительный прибор компании «РИФАР» с особо высокими техническими характеристиками, отвечающими самым суровым условиям эксплуатации. Внутри радиатора теплоноситель движется по стальным каналам, соединенным с помощью уникальной технологии сварки в единую неразборную конструкцию. Благодаря этому в радиаторе MONOLIT в принципе отсутствуют участки, потенциально опасные для возникновения протечек. Радиаторы MONOLIT обладают исключительной надежностью, а также высокой теплоотдачей, которая достигается за счет развитой геометрии теплопередающих поверхностей из алюминиевого сплава.ПреимуществаГарантия производителя – 25 лет.Эффективность поддержания комфортного температурного режима.Высокая стойкость к коррозии. .Отсутствие межсекционных стыков.Индифферентность к типу теплоносителя и качеству его подготовки в системах индивидуального и коллективного отопления.Возможность использования радиатора при высокой (до 135 °С) температуре теплоносителя.Высокая прочность конструкции. Рабочее давление теплоносителя – до 30 атм; испытательное давление – 45 атм.Возможность применения в помещениях различного назначения, в том числе в медицинских учреждениях, в детских дошкольных учреждениях и т. д.Легкость монтажа. Нет необходимости установки переходников с левой и правой резьбой. Стандартные резьбовые соединения G1/2” или G3/4” являются неотъемлемой частью конструкции радиатора.","https://res.cloudinary.com/lmru/image/upload/b_white,c_pad,d_photoiscoming.png,f_auto,h_2000,q_auto,w_2000/v1/LMCode/12876376.jpg",Доступно для заказа,5472.00,12876376,Радиатор Rifar Monolit 500 4 секции боковое подключение биметалл,https://leroymerlin.ru/product/radiator-rifar-monolit-500-4-sekcii-bokovoe-podklyuchenie-bimetall-12876376/,8.588,57.7,10.6,25,60.6,"3/4""",4,45.0,RIFAR,500,0.8,Сталь / алюминий,8.0,30.0,Monolit,Россия,784,Боковой,Белый,32.0,33
MONLAN,"Электротовары,Электрический обогрев дома и квартиры,Товары для отопления квартиры и дачи","Биметаллический радиатор торговой марки Monlan имеет шесть секций, способен вмещать объем воды 10,8 л. Прибор предназначен для систем водяного отопления, подключается к трубам диаметром 1 дюйм. Межосевое расстояние составляет 500 мм, глубина изделия – 80 мм. Конструкция состоит из стальных и алюминиевых элементов. Радиатор выдерживает давление до 30 атм. Преимущества: - эффективно выполняет свои функции благодаря высокой теплоотдаче; - конструкция прибора подходит для всех типов водяных отопительных систем; - внешний вид изделия эстетичен, не требует дополнительного декоративного оформления. «Леруа Мерлен» предлагает купить биметаллические радиаторы Monlan с различным количеством секций по оптимальной цене.","https://res.cloudinary.com/lmru/image/upload/b_white,c_pad,d_photoiscoming.png,f_auto,h_2000,q_auto,w_2000/v1/LMCode/13276647.jpg",,4104.00,13276647,Радиатор Monlan 500/80 6 секций боковое подключение биметалл,https://leroymerlin.ru/product/radiator-monlan-500-80-6-sekciy-bokovoe-podklyuchenie-bimetall-13276647/,8.147,55.7,9.1,15,61.7,"1""",6,38.0,MONLAN,500,1.08,Сталь / алюминий,7.0,25.0,Bimetal,Китай,774,Боковой,Белый,7.6,52.1
RIFAR,"Водоснабжение,Радиаторы отопления,Радиаторы биметаллические","Радиатор Rifar Supremo – неразборная монолитная конструкция из стальных труб с толщиной стенки как у водопроводных труб, соединенных контактно-стыковой сваркой. В радиаторе модели Supremo отсутствуют ниппельные соединения. Благодаря этому в радиаторе Supremo в принципе отсутствуют участки, потенциально опасные для возникновения протечек. Двухтрубный вертикальный канал позволяет улучшить циркуляцию теплоносителя и повысить эффективность теплоотдачи. При производстве радиаторов компания РИФАР использует стальные трубы собственного изготовления из качественной конструкционной стали, обеспечивающие высокую коррозионную стойкость выпускаемых приборов и их высокие эксплуатационные характеристики.Радиатор Supremo подходит для любых видов подключений. Он может быть установлен по всем стандартным схемам. При этом можно использовать стандартные узлы нижнего подключения с межосевым расстоянием 50 мм. В радиаторе Supremo допускается использование различных теплоносителей, таких как вода, антифризы или масло.","https://res.cloudinary.com/lmru/image/upload/b_white,c_pad,d_photoiscoming.png,f_auto,h_2000,q_auto,w_2000/v1/LMCode/82560810.jpg",Доступно для заказа,8512.00,82560810,Радиатор Rifar Supremo 500 4 секции боковое подключение биметалл цвет серый,https://leroymerlin.ru/product/radiator-rifar-supremo-500-4-sekcii-bokovoe-podklyuchenie-bimetall-cvet-seryy-82560810/,9.59,57.5,10.4,25,61.7,"3/4""",4,45.0,RIFAR,500,0.88,Сталь / алюминий,8.0,30.0,Supremo,Россия,808,Боковой,Серый,32.0,34.6
MONLAN,"Электротовары,Электрический обогрев дома и квартиры,Товары для отопления квартиры и дачи","Биметаллический радиатор торговой марки Monlan предназначен для организации систем водяного отопления. Основная конструкция изготовлена из стали, наружные пластины – из алюминия. Изделие включает 8 секций с межосевым расстоянием 500 мм и глубиной 80 мм. Радиатор способен выдерживать рабочее давление в системе до 30 атм. Отопительный прибор подсоединяется к трубам диаметром 1 дюйм. Преимущества: - радиатор подходит для любых видов отопительных систем; - его конструкция способна выдерживать высокое давление; - изделие имеет эстетичный дизайн. В «Леруа Мерлен» можно купить биметаллические радиаторы Monlan по конкурентной цене.","https://res.cloudinary.com/lmru/image/upload/b_white,c_pad,d_photoiscoming.png,f_auto,h_2000,q_auto,w_2000/v1/LMCode/13276815.jpg",,5472.00,13276815,Радиатор Monlan 500/80 8 секций боковое подключение биметалл,https://leroymerlin.ru/product/radiator-monlan-500-80-8-sekciy-bokovoe-podklyuchenie-bimetall-13276815/,10.702,55.7,8.9,15,68.2,"1""",8,38.0,MONLAN,500,1.52,Сталь / алюминий,10.0,25.0,Bimetal,Китай,1032,Боковой,Белый,7.6,59.2
EQUATION,"Водоснабжение,Радиаторы отопления,Радиаторы биметаллические","Скачать документы сертификацииРадиатор Equation 500/80/10 устанавливается в системах водяного отопления жилых зданий для обогрева помещений площадью до 16,1 м². Биметаллический корпус изготовлен из стали и алюминия. Цвет — белый. Размер радиатора — 80 × 56,8 × 8 см.Изделие вмещает 1,8 л теплоносителя. Рабочее давление в системе отопления — 20 бар. Вид подключения радиатора — боковой. Монтаж производится трубами или фитингами с резьбой диаметром 1"". Страна изготовления — Россия, гарантия производителя — 20 лет.ОсобенностиМодель состоит из 10 секций, соединенных резьбовыми втулками с герметичными прокладками.Теплоотдача радиатора составляет 1607 Вт.Особая форма секций обеспечивает хорошую циркуляцию воздуха в помещении, что позволяет прогревать его быстро и равномерно.","https://res.cloudinary.com/lmru/image/upload/b_white,c_pad,d_photoiscoming.png,f_auto,h_2000,q_auto,w_2000/v1/LMCode/86565620.jpg",Доступно для заказа,8786.00,86565620,"Радиатор Equation 500/80/10, 10 секций, боковое подключение, биметалл",https://leroymerlin.ru/product/radiator-equation-500-80-10-86565620/,16.13,56.8,10.1,20,92.9,"1""",10,,EQUATION,500,1.8,Сталь / алюминий,16.1,20.0,Bimetal,Россия,1610,Боковой,Белый,80.0,59.8
ROYAL THERMO,"Водоснабжение,Радиаторы отопления,Радиаторы биметаллические","Биметаллический дизайн-радиатор для любых систем отопления с боковым подключениемАэродинамический дизайн BILINER ®Разработанный IPG Design Studio (Италия) совместно с экспертами НИИ Сантехники (Россия) аэродинамический дизайн BILINER позволил достичь революционной тепловой эффективности радиатора при компактных размерах.Повышенная мощность, технология POWERSHIFT ®Дополнительное оребрение на вертикальном коллекторе секции увеличивает теплоотдачу радиатора на 5%. Такое решение способствует более быстрому обогреву помещений при том же размере и весе секций.100% НАСТОЯЩИЙ БИМЕТАЛЛПрименение полностью стального закладного элемента, выполненного из углеродистой стали марки 20, которая отличается повышенной коррозионной стойкостью и эксплуатационной надежностью. Гарантирует надежную работу в системах, подверженных гидроударам и с химически агрессивными теплоносителями (в том числе антифризами).Oxsilan® 9807 – новое поколение экологически чистого покрытия без тяжелых металлов и фосфатовOxsilan® 9807 наносится на секцию радиатора перед покраской и за счет улучшенной адгезии лакокрасочного покрытия повышает антикоррозийную стойкость и долговечность радиаторов.Сверхстойкая 7-этапная NANO-покраска TECNOFIRMA®Нанесение экологически чистых нано-красок AkzoNobel (Нидерланды) и FreiLacke (Германия) в семь этапов гарантирует стойкость к механическим повреждениям и обеспечивает долговечность покрытия радиатора в помещениях с повышенной влажностью.Цветовые возможности COLORPLUSТри цвета Bianco Traffico, Silver Satin и Noir Sable дизайнерской палитры FUTURA AKZONOBEL (Нидерланды) позволяют создать абсолютно уникальный радиатор.","https://res.cloudinary.com/lmru/image/upload/b_white,c_pad,d_photoiscoming.png,f_auto,h_2000,q_auto,w_2000/v1/LMCode/81979196.jpg",Доступно для заказа,4368.00,81979196,Радиатор Royal Thermo BiLiner 500 4 секции Bianco Traffico боковое подключение биметалл,https://leroymerlin.ru/product/radiator-royal-thermo-biliner-500-4-sekcii-bianco-traffico-bokovoe-podklyuchenie-bimetall-81979196/,7.591,57.4,64.5,25,11.9,"1""",4,45.0,ROYAL THERMO,500,0.82,Сталь / алюминий,8.0,30.0,BIliner,Россия,684,Боковой,Белый,32.0,35.9
ROYAL THERMO,"Электротовары,Электрический обогрев дома и квартиры,Товары для отопления квартиры и дачи","Биметаллический дизайн-радиатор для любых систем отопления с боковым подключениемАэродинамический дизайн BILINER ®Разработанный IPG Design Studio (Италия) совместно с экспертами НИИ Сантехники (Россия) аэродинамический дизайн BILINER позволил достичь революционной тепловой эффективности радиатора при компактных размерах.Повышенная мощность, технология POWERSHIFT ®Дополнительное оребрение на вертикальном коллекторе секции увеличивает теплоотдачу радиатора на 5%. Такое решение способствует более быстрому обогреву помещений при том же размере и весе секций.100% НАСТОЯЩИЙ БИМЕТАЛЛПрименение полностью стального закладного элемента, выполненного из углеродистой стали марки 20, которая отличается повышенной коррозионной стойкостью и эксплуатационной надежностью. Гарантирует надежную работу в системах, подверженных гидроударам и с химически агрессивными теплоносителями (в том числе антифризами).Oxsilan® 9807 – новое поколение экологически чистого покрытия без тяжелых металлов и фосфатовOxsilan® 9807 наносится на секцию радиатора перед покраской и за счет улучшенной адгезии лакокрасочного покрытия повышает антикоррозийную стойкость и долговечность радиаторов.Сверхстойкая 7-этапная NANO-покраска TECNOFIRMA®Нанесение экологически чистых нано-красок AkzoNobel (Нидерланды) и FreiLacke (Германия) в семь этапов гарантирует стойкость к механическим повреждениям и обеспечивает долговечность покрытия радиатора в помещениях с повышенной влажностью.Цветовые возможности COLORPLUSТри цвета Bianco Traffico, Silver Satin и Noir Sable дизайнерской палитры FUTURA AKZONOBEL (Нидерланды) позволяют создать абсолютно уникальный радиатор.","https://res.cloudinary.com/lmru/image/upload/b_white,c_pad,d_photoiscoming.png,f_auto,h_2000,q_auto,w_2000/v1/LMCode/81979187.jpg",Доступно для заказа,6780.00,81979187,Радиатор Royal Thermo BiLiner 500 6 секций Noir Sable боковое подключение биметалл,https://leroymerlin.ru/product/radiator-royal-thermo-biliner-500-6-sekciy-noir-sable-bokovoe-podklyuchenie-bimetall-81979187/,11.379,57.4,11.6,25,63.7,"1""",6,45.0,ROYAL THERMO,500,1.23,Сталь / алюминий,11.0,30.0,BIliner,Россия,1026,Боковой,Черный,48.0,50.9
MONLAN,"Электротовары,Электрический обогрев дома и квартиры,Товары для отопления квартиры и дачи","Биметаллический радиатор торговой марки Monlan имеет десять секций панельного типа и может вмещать 18 л теплоносителя. Прибор предназначен для организации систем отопления под давлением, способен выдерживать до 30 атм. Радиатор подсоединяется к трубам диаметром 1 дюйм. Изделие имеет оптимальные размеры – 822х570х80 мм, расстояние между осями составляет 500 мм. Элементы конструкции, внутри которых циркулирует теплоноситель, изготовлены из стали, внешние пластины – из алюминия. Преимущества: - высококачественная сталь, из которой изготовлена основная конструкция прибора, обеспечивает антикоррозийные свойства, алюминиевые пластины – высокую теплоотдачу; - срок службы биметаллического радиатора может достигать 25 лет; - однородная поверхность внутренних каналов способствует беспрепятственному перемещению теплоносителя. «Леруа Мерлен» предлагает купить эстетичные и надежные биметаллические радиаторы Monlan по конкурентной цене.","https://res.cloudinary.com/lmru/image/upload/b_white,c_pad,d_photoiscoming.png,f_auto,h_2000,q_auto,w_2000/v1/LMCode/13276831.jpg",,6840.00,13276831,Радиатор Monlan 500/80 10 секций боковое подключение биметалл,https://leroymerlin.ru/product/radiator-monlan-500-80-10-sekciy-bokovoe-podklyuchenie-bimetall-13276831/,13.197,55.7,8.9,15,84,"1""",10,38.0,MONLAN,500,1.7,Сталь / алюминий,13.0,25.0,Bimetal,Китай,1290,Боковой,Белый,7.6,60
EQUATION,"Водоснабжение,Радиаторы отопления,Радиаторы биметаллические","Скачать документы сертификацииРадиатор Equation 500/80/12 устанавливается в системах водяного отопления жилых зданий для обогрева помещений площадью до 19,3 м². Биметаллический корпус изготовлен из стали и алюминия. Цвет — белый. Размер радиатора — 96 × 56,8 × 8 см.Изделие вмещает 2,16 л теплоносителя. Рабочее давление в системе отопления — 20 бар. Вид подключения радиатора — боковой. Монтаж производится трубами или фитингами с резьбой диаметром 1"". Страна изготовления — Россия, гарантия производителя — 20 лет.ОсобенностиМодель состоит из 12 секций, соединенных резьбовыми втулками с герметичными прокладками.Теплоотдача радиатора составляет 1928 Вт.Особая форма секций обеспечивает хорошую циркуляцию воздуха в помещении, что позволяет прогревать его быстро и равномерно.","https://res.cloudinary.com/lmru/image/upload/b_white,c_pad,d_photoiscoming.png,f_auto,h_2000,q_auto,w_2000/v1/LMCode/86565621.jpg",Доступно для заказа,10535.00,86565621,"Радиатор Equation 500/80/12, 12 секций, боковое подключение, биметалл",https://leroymerlin.ru/product/radiator-equation-500-80-12-86565621/,19.559,56.8,9.4,20,98.9,"1""",12,,EQUATION,500,2.16,Сталь / алюминий,19.3,20.0,Bimetal,Россия,1932,Боковой,Белый,96.0,60.5
EQUATION,"Водоснабжение,Радиаторы отопления,Радиаторы биметаллические","Equation - биметаллический радиатор водяного отопления, предназначенный для обогрева жилых помещений. Радиатор включает 5 секций. Биметаллический радиатор представляет собой конструкцию, выполненную из стальных труб, залитых под высоким давлением высококачественным алюминиевым сплавом. Благодаря подобной конструкции в этих радиаторах удачно сочетаются прочностные характеристики и высокий номинальный тепловой поток. Биметаллические радиаторы отопления обладают повышенной прочностью и способны выдерживать большие перепады давления. Надежность и эффективность биметаллических радиаторов отопления обеспечивают безопасность и долгий срок службы. Рекомендованы к установке в квартире. Радиаторы Equation – это современное решение для создания комфортного микроклимата в Вашем доме. Произведено на заводе RIFAR","https://res.cloudinary.com/lmru/image/upload/b_white,c_pad,d_photoiscoming.png,f_auto,h_2000,q_auto,w_2000/v1/LMCode/18360696.jpg",Доступно для заказа,5685.00,18360696,Радиатор Equation 500/100 5 секций боковое подключение биметалл,https://leroymerlin.ru/product/radiator-equation-500-100-5-sekciy-bokovoe-podklyuchenie-bimetall-18360696/,9.27,57.0,10.6,15,59.2,"1""",5,30.0,EQUATION,500,1.0,Сталь / алюминий,10.0,20.0,,Россия,1464,Боковой,Белый,40.0,40.2
EQUATION,"Водоснабжение,Радиаторы отопления,Радиаторы биметаллические","Радиатор EQUATION биметаллический двухсторонний можно применять как при строительстве новых, так и при модернизации существующих систем отопления. Эти радиаторы отлично подойдут для помещений с панорамными окнами или витринным остеклением, где очень важен эстетичный внешний вид обеих сторон радиатора. Двухсторонняя конструкция — это не только универсальность и практичность, но и интересный дизайн и новый облик прибора, который создает уют и дает тепло вашему дому.ПреимуществаСекция радиатора состоит из стальной трубы, залитой под высоким давлением высокопрочным алюминиевым сплавом.Марка стали – «СЕВЕРКОР ЮНИ». В ее микроструктуре отсутствуют Коррозионно-Активные Неметаллические Включения (КАНВ), благодаря чему эта сталь обладает высокими антикоррозионными свойствами.Герметичность межсекционного стыка радиатора EQUATION достигается за счет образования замкового соединения. На торцах секций отфрезерованы проточки, в которые при сборке радиатора устанавливают прокладку из EPDM. Прокладка надежно фиксируется и гарантировано защищена слоем металла от выдавливания.Резьба в радиаторе EQUATION биметаллический выполняется и контролируется в строгом соответствии с ГОСТ 6357-81. Качественная и чистая резьба, без наплывов краски и дефектов - важная составляющая надежности прибора.Радиаторы идеально окрашены со всех сторон. Стандартный цвет - RAL 9016. Белоснежно белый цвет. Высококачественная порошковая эмаль наносится равномерно, без подтеков и наплывов и в течение всего срока службы придает безупречный внешний вид прибору.Радиаторы EQUATION биметаллический двухсторонний представлены тремя моделями с межосевыми расстояниями 500, 350 и 200 мм. Они имеют высокую теплоотдачу и могут применяться в системах отопления с любым типом теплоносителя: вода, антифриз или масло. Высокая теплоотдача достигается за счет продуманной симметричной конструкции радиатора, а также за счет большой металлоёмкости изделия и увеличенной площади поверхности боковых теплопередающих ребер.Имеют модификацию VENTIL с нижним подключением, под стандартный узел с межосевым расстоянием 50 мм.В Радиаторе EQUATION биметаллический двухсторонний с нижним подключением предустановлены: заглушки, кран Маевского и термостатический клапан. Для его подключения к системе отопления рекомендуем приобрести: двойной узел нижнего подключения прямой или угловой с внутренней резьбой на ¾ дюйма типа - евроконус. Для удобства регулировки температуры в помещении рекомендуем приобрести автоматический терморегулятор Для бокового подключения радиатора EQUATION биметаллический двухсторонний к системе отопления, в зависимости от диаметра подводных труб необходимо приобрести монтажный комплект 1""х3/4"" или 1""х1/2"" дюймаОбратите внимание. В радиаторе EQUATION биметаллический двухсторонний зазор между секциями составляет от 3,5 до 4,2 мм. Поэтому для настенного крепления прибора рекомендуем вам подобрать кронштейны толщиной не более 3,5 мм. Например, настенные регулируемые кронштейны RIFAR.Крепеж радиатора EQUATION биметаллический двухсторонний к полу удобно производить с помощью напольных регулируемых кронштейнов RIFAR","https://res.cloudinary.com/lmru/image/upload/b_white,c_pad,d_photoiscoming.png,f_auto,h_2000,q_auto,w_2000/v1/LMCode/89106830.jpg",Доступно для заказа,11400.00,89106830,Радиатор Equation 500/90 10 секций двухсторонний биметалл,https://leroymerlin.ru/product/radiator-equation-500-90-10-sekciy-dvuhstoronniy-bimetall-89106830/,15.81,56.3,57.3,20,10.0,"1""",10,,EQUATION,500,2.0,Сталь / алюминий,17.5,20.0,Bimetal,Россия,1980,Боковой,Белый,80.0,81.0
ROYAL THERMO,"Водоснабжение,Радиаторы отопления,Радиаторы биметаллические","Биметаллический дизайн-радиатор PianoForte Tower внешне напоминает парящий в воздухе небоскреб. Такой радиатор станет идеальным решением, когда необходимо обогреть помещение с большими окнами во всю стену, эркером или широким окном с балконной дверью в пол, где невозможно найти место для установки радиаторов с большим количеством секций. Как правило, радиаторы отопления PianoForte Tower идеально подходят для интерьеров стилей «лофт», «хай-тек», шале, используются в офисных и торговых центрах.Радиатор отличается не только оригинальным дизайном, но и высокой теплоотдачей, которая достигается за счет большого числа секций, фронтальных конвективных окон и дополнительного оребрения на вертикальном коллекторе каждой секции.Внимание! Товар весом более 25 кг. необходимо перемещать минимум двумя людьми или с помощью механизированного оборудования.","https://res.cloudinary.com/lmru/image/upload/b_white,c_pad,d_photoiscoming.png,f_auto,h_2000,q_auto,w_2000/v1/LMCode/82477708.jpg",,50720.00,82477708,Радиатор Royal Thermo PianoForte Tower 22 секции Noir Sable боковое подключение биметалл,https://leroymerlin.ru/product/radiator-royal-thermo-pianoforte-tower-22-sekcii-noir-sable-bokovoe-podklyuchenie-bimetall-82477708/,48.7,59.1,61.1,25,12.0,"1""",22,45.0,ROYAL THERMO,500,4.51,Сталь / алюминий,21.0,30.0,Pianoforte,Россия,1968,Боковой,Черный,176.0,178.0
MONLAN,"Электротовары,Электрический обогрев дома и квартиры,Товары для отопления квартиры и дачи","Биметаллический радиатор торговой марки Monlan панельного типа включает двенадцать секций. Прибор подсоединяется к трубам диаметром 1 дюйм в системах водяного отопления. Теплоноситель циркулирует по элементам конструкции, изготовленным из стали. Высокую теплоотдачу обеспечивают алюминиевые пластины. Изделие надежно благодаря способу производства – литью под высоким давлением. Радиатор имеет оптимальные размеры – 977х570х80 мм, расстояние между осями составляет 500 мм. Преимущества: - может применяться в системах с теплоносителями низкого качества благодаря антикоррозийным свойствам стали; - позволяет эффективно обогревать большую площадь помещений за счет значительного количества секций; - современный внешний вид изделия подходит к любым интерьерам. «Леруа Мерлен» предлагает купить высокоэффективные биметаллические радиаторы Monlan для создания надежных систем отопления. Наши цены – конкурентны.","https://res.cloudinary.com/lmru/image/upload/b_white,c_pad,d_photoiscoming.png,f_auto,h_2000,q_auto,w_2000/v1/LMCode/13276874.jpg",,8208.00,13276874,Радиатор Monlan 500/80 12 секций боковое подключение биметалл,https://leroymerlin.ru/product/radiator-monlan-500-80-12-sekciy-bokovoe-podklyuchenie-bimetall-13276874/,16.617,55.7,9.1,15,94.1,"1""",12,38.0,MONLAN,500,2.16,Сталь / алюминий,15.5,25.0,Bimetal,Китай,1548,Боковой,Белый,7.6,56.7
RIFAR,"Электротовары,Электрический обогрев дома и квартиры,Товары для отопления квартиры и дачи","Радиатор RIFAR MONOLIT включает шесть секций. Биметаллический отопительный прибор способен эффективно поддерживать температуру в помещении благодаря тепловой мощности 828 Вт. Радиатор применяется при организации водяных отопительных систем, подсоединяется к трубам диаметром 3/4 дюйма. Основная конструкция изготовлена из стали, пластины – из алюминия. Расстояние между осями составляет 350 мм. Преимущества: - единая конструкция обеспечивает возможность эксплуатации прибора при высоких давлениях; - некачественный теплоноситель не ухудшает функциональных возможностей прибора благодаря рабочим каналам, изготовленным из высококачественной стали; - производитель гарантирует бесперебойную эксплуатацию в течение 10 лет; - внешний вид изделия соответствует представлениям об эстетике интерьеров. «Леруа Мерлен» предлагает купить надежные биметаллические радиаторы российского бренда RIFAR с целью создания энергоэффективной отопительной системы. Цены – ниже среднерыночного уровня.","https://res.cloudinary.com/lmru/image/upload/b_white,c_pad,d_photoiscoming.png,f_auto,h_2000,q_auto,w_2000/v1/LMCode/13313778.jpg",Доступно для заказа,7851.00,13313778,Радиатор Rifar Monolit 350 6 секций боковое подключение биметалл,https://leroymerlin.ru/product/radiator-rifar-monolit-350-6-sekciy-bokovoe-podklyuchenie-bimetall-13313778/,9.196,41.5,11.1,25,49.6,"3/4""",6,45.0,RIFAR,350,1.08,Сталь / алюминий,8.28,30.0,Monolit,Россия,828,Боковой,Белый,48.0,47.4
RIFAR,"Электротовары,Электрический обогрев дома и квартиры,Товары для отопления квартиры и дачи","Радиатор RIFAR MONOLIT состоит из восьми секций и обеспечивает тепловую мощность 1 088 кВт. Биметаллический отопительный прибор изготовлен с применением инновационной технологии покраски: поверхность покрыта конверсионным слоем, анафорезным грунтом и порошковой эмалью. Основная конструкция изготовлена из стали, внешние панели – из алюминия. Радиатор имеет компактные размеры – 640х415х100 мм, межосевое расстояние – 350 мм. Преимущества: - цельная сварная конструкция позволяет выдерживать высокое рабочее давление – до 100 атм; - может эксплуатироваться при температуре до +135 °C; - в своем классе отопительный прибор обладает одним из наиболее высоких показателей мощности. В «Леруа Мерлен» можно купить биметаллические радиаторы торговой марки RIFAR по доступной цене. Для установки радиатора необходимы дополнительные фитинги – кран Маевского и заглушка, шаровый кран.","https://res.cloudinary.com/lmru/image/upload/b_white,c_pad,d_photoiscoming.png,f_auto,h_2000,q_auto,w_2000/v1/LMCode/13313831.jpg",Доступно для заказа,10468.00,13313831,Радиатор Rifar Monolit 350 8 секций боковое подключение биметалл,https://leroymerlin.ru/product/radiator-rifar-monolit-350-8-sekciy-bokovoe-podklyuchenie-bimetall-13313831/,12.25,41.5,11.4,25,65.6,"3/4""",8,45.0,RIFAR,350,1.44,Сталь / алюминий,11.0,30.0,Monolit,Россия,1104,Боковой,Белый,64.0,47.1
RIFAR,"Электротовары,Электрический обогрев дома и квартиры,Товары для отопления квартиры и дачи","Радиатор RIFAR MONOLIT изготовлен российской компанией «Рифар» с помощью инновационной технологии сварки. Отсутствие резьбовых соединений обеспечивает возможность эксплуатации при высоких давлениях – до 100 атм. Полная герметичность исключает протечки, конструкция не деформируется при некачественных теплоносителях. Основные элементы изготовлены из стали, панели – из алюминия. Заводом предусмотрены межосевое расстояние 350 мм и резьба 3/4 дюйма. Для подсоединения радиатора к трубам меньшего диаметра необходимы переходники. Крепежные элементы не входят в комплект. Преимущества: - радиатор пригоден к использованию в централизованных и локальных системах; - могут применяться любые виды теплоносителей, сертифицированные для водяных систем отопления; - производитель предусматривает срок эксплуатации прибора не менее 25 лет; - уникальная покраска исключает царапины и другие виды внешних повреждений. В «Леруа Мерлен» можно купить биметаллические радиаторы торговой марки RIFAR по доступной цене. Рекомендуется подобрать к ним соответствующие фитинги и кронштейны для крепления.","https://res.cloudinary.com/lmru/image/upload/b_white,c_pad,d_photoiscoming.png,f_auto,h_2000,q_auto,w_2000/v1/LMCode/13313874.jpg",Доступно для заказа,13085.00,13313874,Радиатор Rifar Monolit 350 10 секций боковое подключение биметалл,https://leroymerlin.ru/product/radiator-rifar-monolit-350-10-sekciy-bokovoe-podklyuchenie-bimetall-13313874/,15.319,41.5,11.1,25,81.7,"3/4""",10,45.0,RIFAR,350,0.72,Сталь / алюминий,13.8,30.0,Monolit,Россия,1380,Боковой,Белый,80.0,47.5
EQUATION,"Водоснабжение,Радиаторы отопления,Радиаторы биметаллические","Радиатор EQUATION биметаллический двухсторонний можно применять как при строительстве новых, так и при модернизации существующих систем отопления. Эти радиаторы отлично подойдут для помещений с панорамными окнами или витринным остеклением, где очень важен эстетичный внешний вид обеих сторон радиатора. Двухсторонняя конструкция — это не только универсальность и практичность, но и интересный дизайн и новый облик прибора, который создает уют и дает тепло вашему дому.ПреимуществаСекция радиатора состоит из стальной трубы, залитой под высоким давлением высокопрочным алюминиевым сплавом.Марка стали – «СЕВЕРКОР ЮНИ». В ее микроструктуре отсутствуют Коррозионно-Активные Неметаллические Включения (КАНВ), благодаря чему эта сталь обладает высокими антикоррозионными свойствами.Герметичность межсекционного стыка радиатора EQUATION достигается за счет образования замкового соединения. На торцах секций отфрезерованы проточки, в которые при сборке радиатора устанавливают прокладку из EPDM. Прокладка надежно фиксируется и гарантировано защищена слоем металла от выдавливания.Резьба в радиаторе EQUATION биметаллический выполняется и контролируется в строгом соответствии с ГОСТ 6357-81. Качественная и чистая резьба, без наплывов краски и дефектов - важная составляющая надежности прибора.Радиаторы идеально окрашены со всех сторон. Стандартный цвет - RAL 9016. Белоснежно белый цвет. Высококачественная порошковая эмаль наносится равномерно, без подтеков и наплывов и в течение всего срока службы придает безупречный внешний вид прибору.Радиаторы EQUATION биметаллический двухсторонний представлены тремя моделями с межосевыми расстояниями 500, 350 и 200 мм. Они имеют высокую теплоотдачу и могут применяться в системах отопления с любым типом теплоносителя: вода, антифриз или масло. Высокая теплоотдача достигается за счет продуманной симметричной конструкции радиатора, а также за счет большой металлоёмкости изделия и увеличенной площади поверхности боковых теплопередающих ребер.Имеют модификацию VENTIL с нижним подключением, под стандартный узел с межосевым расстоянием 50 мм.В Радиаторе EQUATION биметаллический двухсторонний с нижним подключением предустановлены: заглушки, кран Маевского и термостатический клапан. Для его подключения к системе отопления рекомендуем приобрести: двойной узел нижнего подключения прямой или угловой с внутренней резьбой на ¾ дюйма типа - евроконус. Для удобства регулировки температуры в помещении рекомендуем приобрести автоматический терморегулятор Для бокового подключения радиатора EQUATION биметаллический двухсторонний к системе отопления, в зависимости от диаметра подводных труб необходимо приобрести монтажный комплект 1""х3/4"" или 1""х1/2"" дюймаОбратите внимание. В радиаторе EQUATION биметаллический двухсторонний зазор между секциями составляет от 3,5 до 4,2 мм. Поэтому для настенного крепления прибора рекомендуем вам подобрать кронштейны толщиной не более 3,5 мм. Например, настенные регулируемые кронштейны RIFAR.Крепеж радиатора EQUATION биметаллический двухсторонний к полу удобно производить с помощью напольных регулируемых кронштейнов RIFAR","https://res.cloudinary.com/lmru/image/upload/b_white,c_pad,d_photoiscoming.png,f_auto,h_2000,q_auto,w_2000/v1/LMCode/89106827.jpg",Доступно для заказа,4560.00,89106827,Радиатор Equation 500/90 4 секции двухсторонний биметалл,https://leroymerlin.ru/product/radiator-equation-500-90-4-sekcii-dvuhstoronniy-bimetall-89106827/,6.56,56.3,57.3,20,10.0,"1""",4,,EQUATION,500,0.8,Сталь / алюминий,7.0,20.0,Bimetal,Россия,700,Боковой,Белый,32.0,33.0
ROYAL THERMO,"Электротовары,Электрический обогрев дома и квартиры,Товары для отопления квартиры и дачи","Биметаллический дизайн-радиатор для любых систем отопления с боковым подключениемАэродинамический дизайн BILINER ®Разработанный IPG Design Studio (Италия) совместно с экспертами НИИ Сантехники (Россия) аэродинамический дизайн BILINER позволил достичь революционной тепловой эффективности радиатора при компактных размерах.Повышенная мощность, технология POWERSHIFT ®Дополнительное оребрение на вертикальном коллекторе секции увеличивает теплоотдачу радиатора на 5%. Такое решение способствует более быстрому обогреву помещений при том же размере и весе секций.100% НАСТОЯЩИЙ БИМЕТАЛЛПрименение полностью стального закладного элемента, выполненного из углеродистой стали марки 20, которая отличается повышенной коррозионной стойкостью и эксплуатационной надежностью. Гарантирует надежную работу в системах, подверженных гидроударам и с химически агрессивными теплоносителями (в том числе антифризами).Oxsilan® 9807 – новое поколение экологически чистого покрытия без тяжелых металлов и фосфатовOxsilan® 9807 наносится на секцию радиатора перед покраской и за счет улучшенной адгезии лакокрасочного покрытия повышает антикоррозийную стойкость и долговечность радиаторов.Сверхстойкая 7-этапная NANO-покраска TECNOFIRMA®Нанесение экологически чистых нано-красок AkzoNobel (Нидерланды) и FreiLacke (Германия) в семь этапов гарантирует стойкость к механическим повреждениям и обеспечивает долговечность покрытия радиатора в помещениях с повышенной влажностью.Цветовые возможности COLORPLUSТри цвета Bianco Traffico, Silver Satin и Noir Sable дизайнерской палитры FUTURA AKZONOBEL (Нидерланды) позволяют создать абсолютно уникальный радиатор.","https://res.cloudinary.com/lmru/image/upload/b_white,c_pad,d_photoiscoming.png,f_auto,h_2000,q_auto,w_2000/v1/LMCode/81979193.jpg",Доступно для заказа,9005.00,81979193,Радиатор Royal Thermo BiLiner 500 8 секций Silver Satin боковое подключение биметалл,https://leroymerlin.ru/product/radiator-royal-thermo-biliner-500-8-sekciy-silver-satin-bokovoe-podklyuchenie-bimetall-81979193/,15.084,57.4,11.9,25,68.3,"1""",8,45.0,ROYAL THERMO,500,1.64,Сталь / алюминий,14.0,30.0,BIliner,Россия,1280,Боковой,Серый,64.0,63.6
RIFAR,"Водоснабжение,Радиаторы отопления,Радиаторы биметаллические","Биметаллический радиатор MONOLIT – это новый, запатентованный отопительный прибор компании «РИФАР» с особо высокими техническими характеристиками, отвечающими самым суровым условиям эксплуатации. Внутри радиатора теплоноситель движется по стальным каналам, соединенным с помощью уникальной технологии сварки в единую неразборную конструкцию. Благодаря этому в радиаторе MONOLIT в принципе отсутствуют участки, потенциально опасные для возникновения протечек. Радиаторы MONOLIT обладают исключительной надежностью, а также высокой теплоотдачей, которая достигается за счет развитой геометрии теплопередающих поверхностей из алюминиевого сплава.ПриемуществаГарантия производителя – 25 лет.Эффективность поддержания комфортного температурного режима.Высокая стойкость к коррозии. .Отсутствие межсекционных стыков.Индифферентность к типу теплоносителя и качеству его подготовки в системах индивидуального и коллективного отопления.Возможность использования радиатора при высокой (до 135 °С) температуре теплоносителя.Высокая прочность конструкции. Рабочее давление теплоносителя – до 30 атм; испытательное давление – 45 атм.Возможность применения в помещениях различного назначения, в том числе в медицинских учреждениях, в детских дошкольных учреждениях и т. д.Легкость монтажа. Нет необходимости установки переходников с левой и правой резьбой. Стандартные резьбовые соединения G1/2” или G3/4” являются неотъемлемой частью конструкции радиатора.","https://res.cloudinary.com/lmru/image/upload/b_white,c_pad,d_photoiscoming.png,f_auto,h_2000,q_auto,w_2000/v1/LMCode/82560796.jpg",Доступно для заказа,10830.00,82560796,Радиатор Rifar Monolit 500 6 секций боковое подключение биметалл цвет чёрный,https://leroymerlin.ru/product/radiator-rifar-monolit-500-6-sekciy-bokovoe-podklyuchenie-bimetall-cvet-chernyy-82560796/,12.523,57.7,11.1,25,61.1,"3/4""",6,45.0,RIFAR,500,1.2,Сталь / алюминий,12.0,30.0,Monolit,Россия,1176,Боковой,Черный,48.0,49.4
RIFAR,"Электротовары,Электрический обогрев дома и квартиры,Товары для отопления квартиры и дачи","Радиатор Supremo 500 Rifar S500-8 объемом 1,76 л подойдет для дома или квартиры. Классический горизонтальный отопительный прибор на 8 секций имеет неразборную монолитную структуру. Ребра изготовлены из алюминия, трубки для теплоносителя — из устойчивой к коррозии высоколегированной стали. Теплоотдача радиатора составляет 1616 Вт, что позволяет ему обогревать площадь 16 м².Радиатор с межосевым расстоянием 50 см подключается при помощи боковой подводки к трубе диаметром 3/4"". В незаполненном состоянии весит всего 17,6 кг. Ширина — 64 см, высота — 57,5 см. Модель окрашена в белый цвет.Преимущества радиатора SupremoВыдерживает высокое рабочее давление в системе — до 30 бар. Максимальное давление — до 99,9 бар.Надежен благодаря монолитной конструкции и трубам с большой толщиной стенок.Травмобезопасен благодаря отсутствию острых граней.Прост в уборке за счет отсутствия труднодоступных поверхностей и прочному покрытию, устойчивому к любым моющим средствам.Не занимает много места: толщина составляет 9 см, с крепежом — 11 см.","https://res.cloudinary.com/lmru/image/upload/b_white,c_pad,d_photoiscoming.png,f_auto,h_2000,q_auto,w_2000/v1/LMCode/82392033.jpg",Доступно для заказа,12592.00,82392033,"Радиатор Rifar Supremo S500-8, 8 секций, боковое подключение, биметалл",https://leroymerlin.ru/product/radiator-rifar-supremo-s500-8-82392033/,17.948,57.5,9.6,25,65,"3/4""",8,45.0,RIFAR,500,1.76,Сталь / алюминий,16.0,30.0,Supremo,Россия,1616,Боковой,Белый,64.0,60
RIFAR,"Электротовары,Электрический обогрев дома и квартиры,Товары для отопления квартиры и дачи","Радиатор RIFAR MONOLIT имеет высокую тепловую мощность (1 650 кВт) благодаря двенадцати секциям. Прибор способен эффективно отапливать значительные площади помещений. Производитель предусмотрел единую сварную конструкцию, обеспечивающую полную герметичность. Радиатор может эксплуатироваться в централизованных и локальных отопительных системах при рабочем давлении до 100 атм. Имеет межосевое расстояние 350 мм и может подсоединяться к трубам диаметром 3/4 дюйма. Преимущества: - основные конструктивные элементы изготовлены из стали и обеспечивают хорошие эксплуатационные характеристики: бесперебойную работу при высоких давлениях и температурах, устойчивость к воздействию агрессивных сред; - могут применяться незамерзающие теплоносители; - качественное покрытие и эстетичный дизайн позволяют использовать прибор в любых интерьерах. «Леруа Мерлен» предлагает купить высокоэффективные биметаллические радиаторы российского производителя по минимальной цене. Отопительные приборы имеют сертификаты соответствия стандартам.","https://res.cloudinary.com/lmru/image/upload/b_white,c_pad,d_photoiscoming.png,f_auto,h_2000,q_auto,w_2000/v1/LMCode/13313938.jpg",Доступно для заказа,15702.00,13313938,Радиатор Rifar Monolit 350 12 секций боковое подключение биметалл,https://leroymerlin.ru/product/radiator-rifar-monolit-350-12-sekciy-bokovoe-podklyuchenie-bimetall-13313938/,18.11,41.5,11.4,25,97.9,"3/4""",12,45.0,RIFAR,350,1.8,Сталь / алюминий,16.0,30.0,Monolit,Россия,1656,Боковой,Белый,96.0,47
RIFAR,"Электротовары,Электрический обогрев дома и квартиры,Товары для отопления квартиры и дачи","Радиатор Supremo 500 Rifar S500-6 объемом 1,32 л подойдет для дома или квартиры. Классический горизонтальный отопительный прибор на 6 секций имеет неразборную монолитную структуру. Ребра изготовлены из алюминия, трубки для теплоносителя — из устойчивой к коррозии высоколегированной стали. Теплоотдача радиатора составляет 1212 Вт, что позволяет ему обогревать площадь 12 м².Радиатор с межосевым расстоянием 50 см подключается при помощи боковой подводки к трубе диаметром 3/4"". В незаполненном состоянии весит всего 13,2 кг. Ширина — 48 см, высота — 57,5 см. Модель окрашена в белый цвет.Преимущества радиатора SupremoВыдерживает высокое рабочее давление в системе — до 30 бар. Максимальное давление — до 99,9 бар.Надежен благодаря монолитной конструкции и трубам с большой толщиной стенок.Травмобезопасен благодаря отсутствию острых граней.Прост в уборке за счет отсутствия труднодоступных поверхностей и прочному покрытию, устойчивому к любым моющим средствам.Не занимает много места: толщина составляет 9 см, с крепежом — 11 см.","https://res.cloudinary.com/lmru/image/upload/b_white,c_pad,d_photoiscoming.png,f_auto,h_2000,q_auto,w_2000/v1/LMCode/82392031.jpg",Доступно для заказа,9444.00,82392031,"Радиатор Rifar Supremo S500-6, 6 секций, боковое подключение, биметалл",https://leroymerlin.ru/product/radiator-rifar-supremo-s500-6-82392031/,13.64,57.5,9.8,25,59.8,"3/4""",6,45.0,RIFAR,500,1.32,Сталь / алюминий,12.0,30.0,Supremo,Россия,1212,Боковой,Белый,48.0,49
ROYAL THERMO,"Водоснабжение,Радиаторы отопления,Радиаторы биметаллические","Биметаллический дизайн-радиатор для любых систем отопления с боковым подключениемАэродинамический дизайн BILINER ®Разработанный IPG Design Studio (Италия) совместно с экспертами НИИ Сантехники (Россия) аэродинамический дизайн BILINER позволил достичь революционной тепловой эффективности радиатора при компактных размерах.Повышенная мощность, технология POWERSHIFT ®Дополнительное оребрение на вертикальном коллекторе секции увеличивает теплоотдачу радиатора на 5%. Такое решение способствует более быстрому обогреву помещений при том же размере и весе секций.100% НАСТОЯЩИЙ БИМЕТАЛЛПрименение полностью стального закладного элемента, выполненного из углеродистой стали марки 20, которая отличается повышенной коррозионной стойкостью и эксплуатационной надежностью. Гарантирует надежную работу в системах, подверженных гидроударам и с химически агрессивными теплоносителями (в том числе антифризами).Oxsilan® 9807 – новое поколение экологически чистого покрытия без тяжелых металлов и фосфатовOxsilan® 9807 наносится на секцию радиатора перед покраской и за счет улучшенной адгезии лакокрасочного покрытия повышает антикоррозийную стойкость и долговечность радиаторов.Сверхстойкая 7-этапная NANO-покраска TECNOFIRMA®Нанесение экологически чистых нано-красок AkzoNobel (Нидерланды) и FreiLacke (Германия) в семь этапов гарантирует стойкость к механическим повреждениям и обеспечивает долговечность покрытия радиатора в помещениях с повышенной влажностью.Цветовые возможности COLORPLUSТри цвета Bianco Traffico, Silver Satin и Noir Sable дизайнерской палитры FUTURA AKZONOBEL (Нидерланды) позволяют создать абсолютно уникальный радиатор.","https://res.cloudinary.com/lmru/image/upload/b_white,c_pad,d_photoiscoming.png,f_auto,h_2000,q_auto,w_2000/v1/LMCode/81979192.jpg",Доступно для заказа,6780.00,81979192,Радиатор Royal Thermo BiLiner 500 6 секций Silver Satin боковое подключение биметалл,https://leroymerlin.ru/product/radiator-royal-thermo-biliner-500-6-sekciy-silver-satin-bokovoe-podklyuchenie-bimetall-81979192/,11.48,57.4,11.9,25,63.7,"1""",6,45.0,ROYAL THERMO,500,1.23,Сталь / алюминий,11.0,30.0,BIliner,Россия,960,Боковой,Серый,48.0,52.2
ROYAL THERMO,"Электротовары,Электрический обогрев дома и квартиры,Товары для отопления квартиры и дачи","Биметаллический дизайн-радиатор для любых систем отопления с боковым подключениемАэродинамический дизайн BILINER ®Разработанный IPG Design Studio (Италия) совместно с экспертами НИИ Сантехники (Россия) аэродинамический дизайн BILINER позволил достичь революционной тепловой эффективности радиатора при компактных размерах.Повышенная мощность, технология POWERSHIFT ®Дополнительное оребрение на вертикальном коллекторе секции увеличивает теплоотдачу радиатора на 5%. Такое решение способствует более быстрому обогреву помещений при том же размере и весе секций.100% НАСТОЯЩИЙ БИМЕТАЛЛПрименение полностью стального закладного элемента, выполненного из углеродистой стали марки 20, которая отличается повышенной коррозионной стойкостью и эксплуатационной надежностью. Гарантирует надежную работу в системах, подверженных гидроударам и с химически агрессивными теплоносителями (в том числе антифризами).Oxsilan® 9807 – новое поколение экологически чистого покрытия без тяжелых металлов и фосфатовOxsilan® 9807 наносится на секцию радиатора перед покраской и за счет улучшенной адгезии лакокрасочного покрытия повышает антикоррозийную стойкость и долговечность радиаторов.Сверхстойкая 7-этапная NANO-покраска TECNOFIRMA®Нанесение экологически чистых нано-красок AkzoNobel (Нидерланды) и FreiLacke (Германия) в семь этапов гарантирует стойкость к механическим повреждениям и обеспечивает долговечность покрытия радиатора в помещениях с повышенной влажностью.Цветовые возможности COLORPLUSТри цвета Bianco Traffico, Silver Satin и Noir Sable дизайнерской палитры FUTURA AKZONOBEL (Нидерланды) позволяют создать абсолютно уникальный радиатор.","https://res.cloudinary.com/lmru/image/upload/b_white,c_pad,d_photoiscoming.png,f_auto,h_2000,q_auto,w_2000/v1/LMCode/81979194.jpg",Доступно для заказа,11300.00,81979194,Радиатор Royal Thermo BiLiner 500 10 секций Silver Satin боковое подключение биметалл,https://leroymerlin.ru/product/radiator-royal-thermo-biliner-500-10-sekciy-silver-satin-bokovoe-podklyuchenie-bimetall-81979194/,18.8,57.4,11,25,83,"1""",10,45.0,ROYAL THERMO,500,2.05,Сталь / алюминий,18.0,30.0,BIliner,Россия,1600,Боковой,Серый,80.0,62.8
RIFAR,"Электротовары,Электрический обогрев дома и квартиры,Товары для отопления квартиры и дачи","Радиатор Supremo 500 Rifar S500-10 объемом 2,2 л подойдет для дома или квартиры. Классический горизонтальный отопительный прибор на 10 секций имеет неразборную монолитную структуру. Ребра изготовлены из алюминия, трубки для теплоносителя — из устойчивой к коррозии высоколегированной стали. Теплоотдача радиатора составляет 2020 Вт, что позволяет ему обогревать площадь 20 м².Радиатор с межосевым расстоянием 50 см подключается при помощи боковой подводки к трубе диаметром 3/4"". В незаполненном состоянии весит всего 22 кг. Ширина — 80 см, высота — 57,5 см. Модель окрашена в белый цвет.Преимущества радиатора SupremoВыдерживает высокое рабочее давление в системе — до 30 бар. Максимальное давление — до 99,9 бар.Надежен благодаря монолитной конструкции и трубам с большой толщиной стенок.Травмобезопасен благодаря отсутствию острых граней.Прост в уборке за счет отсутствия труднодоступных поверхностей и прочному покрытию, устойчивому к любым моющим средствам.Не занимает много места: толщина составляет 9 см, с крепежом — 11 см.","https://res.cloudinary.com/lmru/image/upload/b_white,c_pad,d_photoiscoming.png,f_auto,h_2000,q_auto,w_2000/v1/LMCode/82392035.jpg",Доступно для заказа,15741.00,82392035,"Радиатор Rifar Supremo S500-10, 10 секций, боковое подключение, биметалл",https://leroymerlin.ru/product/radiator-rifar-supremo-s500-10-82392035/,22.062,57.5,9.6,25,81.6,"3/4""",10,45.0,RIFAR,500,2.2,Сталь / алюминий,20.0,30.0,Supremo,Россия,2020,Боковой,Белый,80.0,59.6
RIFAR,"Водоснабжение,Радиаторы отопления,Радиаторы биметаллические",,"https://res.cloudinary.com/lmru/image/upload/b_white,c_pad,d_photoiscoming.png,f_auto,h_2000,q_auto,w_2000/v1/LMCode/82433806.jpg",Доступно для заказа,6840.00,82433806,Радиатор Rifar Base 500 6 секций биметалл,https://leroymerlin.ru/product/radiator-rifar-base-500-6-sekciy-bimetall-82433806/,11.54,57.0,57.0,10,10.0,"1""",6,30.0,RIFAR,500,1.2,Сталь / алюминий,12.0,20.0,В500,Россия,1182,Боковой,Белый,48.0,48.0
RIFAR,"Электротовары,Электрический обогрев дома и квартиры,Товары для отопления квартиры и дачи","Радиатор биметаллический B200 — горизонтальный отопительный прибор, выполненный в классическом стиле. Имеет 12 секций, окрашен в белый цвет. Прибор состоит из трубной рамы (конструкционная сталь), по которой циркулирует теплоноситель, и оребренного корпуса (алюминиевый сплав), отдающего тепло. Используется в водяных отопительных системах отопления открытого или закрытого типа, подключенных к внешним теплосетям. Страна производства — Россия.Ключевые параметрыРазмеры — 10,0×26,1×96 см (Т×В×Ш). Низкий биметаллический радиатор подходит для комнат с невысокими подоконниками.Тепловая мощность — 1200 Вт: прибор рассчитан на обогрев помещения площадью 12 м². При выборе мощности дополнительно учитываются высота потолка, количество окон, площадь внешних стен, другие факторы.Рабочее/испытательное давление — 20/30 бар.При монтаже учитываются: боковой тип подключения, межосевое расстояние 0,2 м, общая толщина с крепежом 12 см.Объем — 1,92 л, вес без воды — 10,8 кг.Преимущества и особенностиЗакрытая задняя поверхность секции, позволяющая сочетать прибор с панорамными окнами.Возможность установки под низкими подоконникам.Повышенная теплоотдача, стойкость к гидроударам.Коррозийная стойкость.Соответствие стандарту EN 442.Современный дизайн.Надежные межсекционные замковые соединения с прокладкой типа O-ring и фрезерованным торцом коллектора.","https://res.cloudinary.com/lmru/image/upload/b_white,c_pad,d_photoiscoming.png,f_auto,h_2000,q_auto,w_2000/v1/LMCode/82332413.jpg",Доступно для заказа,13224.00,82332413,Радиатор Rifar B200 12 секций боковое подключение биметалл,https://leroymerlin.ru/product/radiator-rifar-b200-12-sekciy-bokovoe-podklyuchenie-bimetall-82332413/,11.698,26.1,11.1,10,96,"1""",12,30.0,RIFAR,200,1.92,Сталь / алюминий,12.0,20.0,B200,Россия,1200,Боковой,Белый,96.0,30.1
EQUATION,"Водоснабжение,Радиаторы отопления,Радиаторы биметаллические","Радиатор EQUATION биметаллический двухсторонний можно применять как при строительстве новых, так и при модернизации существующих систем отопления. Эти радиаторы отлично подойдут для помещений с панорамными окнами или витринным остеклением, где очень важен эстетичный внешний вид обеих сторон радиатора. Двухсторонняя конструкция — это не только универсальность и практичность, но и интересный дизайн и новый облик прибора, который создает уют и дает тепло вашему дому.ПреимуществаСекция радиатора состоит из стальной трубы, залитой под высоким давлением высокопрочным алюминиевым сплавом.Марка стали – «СЕВЕРКОР ЮНИ». В ее микроструктуре отсутствуют Коррозионно-Активные Неметаллические Включения (КАНВ), благодаря чему эта сталь обладает высокими антикоррозионными свойствами.Герметичность межсекционного стыка радиатора EQUATION достигается за счет образования замкового соединения. На торцах секций отфрезерованы проточки, в которые при сборке радиатора устанавливают прокладку из EPDM. Прокладка надежно фиксируется и гарантировано защищена слоем металла от выдавливания.Резьба в радиаторе EQUATION биметаллический выполняется и контролируется в строгом соответствии с ГОСТ 6357-81. Качественная и чистая резьба, без наплывов краски и дефектов - важная составляющая надежности прибора.Радиаторы идеально окрашены со всех сторон. Стандартный цвет - RAL 9016. Белоснежно белый цвет. Высококачественная порошковая эмаль наносится равномерно, без подтеков и наплывов и в течение всего срока службы придает безупречный внешний вид прибору.Радиаторы EQUATION биметаллический двухсторонний представлены тремя моделями с межосевыми расстояниями 500, 350 и 200 мм. Они имеют высокую теплоотдачу и могут применяться в системах отопления с любым типом теплоносителя: вода, антифриз или масло. Высокая теплоотдача достигается за счет продуманной симметричной конструкции радиатора, а также за счет большой металлоёмкости изделия и увеличенной площади поверхности боковых теплопередающих ребер.Имеют модификацию VENTIL с нижним подключением, под стандартный узел с межосевым расстоянием 50 мм.В Радиаторе EQUATION биметаллический двухсторонний с нижним подключением предустановлены: заглушки, кран Маевского и термостатический клапан. Для его подключения к системе отопления рекомендуем приобрести: двойной узел нижнего подключения прямой или угловой с внутренней резьбой на ¾ дюйма типа - евроконус. Для удобства регулировки температуры в помещении рекомендуем приобрести автоматический терморегулятор Для бокового подключения радиатора EQUATION биметаллический двухсторонний к системе отопления, в зависимости от диаметра подводных труб необходимо приобрести монтажный комплект 1""х3/4"" или 1""х1/2"" дюймаОбратите внимание. В радиаторе EQUATION биметаллический двухсторонний зазор между секциями составляет от 3,5 до 4,2 мм. Поэтому для настенного крепления прибора рекомендуем вам подобрать кронштейны толщиной не более 3,5 мм. Например, настенные регулируемые кронштейны RIFAR.Крепеж радиатора EQUATION биметаллический двухсторонний к полу удобно производить с помощью напольных регулируемых кронштейнов RIFAR","https://res.cloudinary.com/lmru/image/upload/b_white,c_pad,d_photoiscoming.png,f_auto,h_2000,q_auto,w_2000/v1/LMCode/89106824.jpg",Доступно для заказа,8968.00,89106824,Радиатор Equation 350/90 8 секций двухсторонний биметалл,https://leroymerlin.ru/product/radiator-equation-350-90-8-sekciy-dvuhstoronniy-bimetall-89106824/,9.5,41.3,42.3,20,10.0,"1""",8,,EQUATION,350,1.44,Сталь / алюминий,10.64,20.0,Bimetal,Россия,1064,Боковой,Белый,64.0,65.0
RIFAR,"Водоснабжение,Радиаторы отопления,Радиаторы биметаллические","Радиатор RIFAR MONOLIT имеет четыре секции и обеспечивает теплоотдачу мощностью 0,5 кВт. Биметаллический отопительный прибор способен выдерживать давление до 100 атм. Теплоноситель перемещается по каналам цельной конструкции, изготовленной из стали. Теплоэффективность обеспечивают алюминиевые пластины. Изделие имеет небольшие размеры – 320х415х100 мм, а межосевое расстояние составляет 350 мм. Преимущества: - отопительный прибор универсален, может применяться в централизованных и автономных системах; - монолитная конструкция предотвращает возникновение утечек; - внешний вид изделия соответствует современным представлениям об эстетике. «Леруа Мерлен» предлагает купить биметаллические радиаторы российского бренда RIFAR с различным количеством секций по минимальной цене.","https://res.cloudinary.com/lmru/image/upload/b_white,c_pad,d_photoiscoming.png,f_auto,h_2000,q_auto,w_2000/v1/LMCode/13313700.jpg",Доступно для заказа,5234.00,13313700,Радиатор Rifar Monolit 350 4 секции боковое подключение биметалл,https://leroymerlin.ru/product/radiator-rifar-monolit-350-4-sekcii-bokovoe-podklyuchenie-bimetall-13313700/,6.392,41.5,11.1,25,47.5,"3/4""",4,45.0,RIFAR,350,0.72,Сталь / алюминий,5.52,30.0,Monolit,Россия,552,Боковой,Белый,32.0,33.8
RIFAR,"Водоснабжение,Радиаторы отопления,Радиаторы биметаллические",,"https://res.cloudinary.com/lmru/image/upload/b_white,c_pad,d_photoiscoming.png,f_auto,h_2000,q_auto,w_2000/v1/LMCode/82433808.jpg",Доступно для заказа,9120.00,82433808,Радиатор Rifar Base 500 8 секций биметалл,https://leroymerlin.ru/product/radiator-rifar-base-500-8-sekciy-bimetall-82433808/,15.22,57.0,57.0,10,10.0,"1""",8,30.0,RIFAR,500,1.6,Сталь / алюминий,16.0,20.0,В500,Россия,1576,Боковой,Белый,64.0,64.0
RIFAR,"Электротовары,Электрический обогрев дома и квартиры,Товары для отопления квартиры и дачи","Радиатор биметаллический B200 — горизонтальный отопительный прибор, выполненный в классическом стиле. Имеет 10 секций, окрашен в белый цвет. Прибор состоит из трубной рамы (конструкционная сталь), по которой циркулирует теплоноситель, и оребренного корпуса (алюминиевый сплав), отдающего тепло. Используется в водяных отопительных системах отопления открытого или закрытого типа, подключенных к внешним теплосетям. Страна производства — Россия.Ключевые параметрыРазмеры — 10,0×26,1×80 см (Т×В×Ш). Низкий биметаллический радиатор подходит для комнат с невысокими подоконниками.Тепловая мощность — 1000 Вт: прибор рассчитан на обогрев помещения площадью 10 м². При выборе мощности дополнительно учитываются высота потолка, количество окон, площадь внешних стен, другие факторы.Рабочее/испытательное давление — 20/30 бар.При монтаже учитываются: боковой тип подключения, межосевое расстояние 0,2 м, общая толщина с крепежом 12 см.Объем — 1,6 л, вес без воды — 9 кг.Преимущества и особенностиЗакрытая задняя поверхность секции, позволяющая сочетать прибор с панорамными окнами.Возможность установки под низкими подоконникам.Повышенная теплоотдача, стойкость к гидроударам.Коррозийная стойкость.Соответствие стандарту EN 442.Современный дизайн.Надежные межсекционные замковые соединения с прокладкой типа O-ring и фрезерованным торцом коллектора.","https://res.cloudinary.com/lmru/image/upload/b_white,c_pad,d_photoiscoming.png,f_auto,h_2000,q_auto,w_2000/v1/LMCode/82332412.jpg",Доступно для заказа,11020.00,82332412,Радиатор Rifar B200 10 секций боковое подключение биметалл,https://leroymerlin.ru/product/radiator-rifar-b200-10-sekciy-bokovoe-podklyuchenie-bimetall-82332412/,9.793,26.1,11.1,10,81,"1""",10,30.0,RIFAR,200,1.6,Сталь / алюминий,10.0,20.0,B200,Россия,1000,Боковой,Белый,80.0,31.1
ROYAL THERMO,"Электротовары,Электрический обогрев дома и квартиры,Товары для отопления квартиры и дачи","Биметаллический дизайн-радиатор для любых систем отопления с боковым подключениемАэродинамический дизайн BILINER ®Разработанный IPG Design Studio (Италия) совместно с экспертами НИИ Сантехники (Россия) аэродинамический дизайн BILINER позволил достичь революционной тепловой эффективности радиатора при компактных размерах.Повышенная мощность, технология POWERSHIFT ®Дополнительное оребрение на вертикальном коллекторе секции увеличивает теплоотдачу радиатора на 5%. Такое решение способствует более быстрому обогреву помещений при том же размере и весе секций.100% НАСТОЯЩИЙ БИМЕТАЛЛПрименение полностью стального закладного элемента, выполненного из углеродистой стали марки 20, которая отличается повышенной коррозионной стойкостью и эксплуатационной надежностью. Гарантирует надежную работу в системах, подверженных гидроударам и с химически агрессивными теплоносителями (в том числе антифризами).Oxsilan® 9807 – новое поколение экологически чистого покрытия без тяжелых металлов и фосфатовOxsilan® 9807 наносится на секцию радиатора перед покраской и за счет улучшенной адгезии лакокрасочного покрытия повышает антикоррозийную стойкость и долговечность радиаторов.Сверхстойкая 7-этапная NANO-покраска TECNOFIRMA®Нанесение экологически чистых нано-красок AkzoNobel (Нидерланды) и FreiLacke (Германия) в семь этапов гарантирует стойкость к механическим повреждениям и обеспечивает долговечность покрытия радиатора в помещениях с повышенной влажностью.Цветовые возможности COLORPLUSТри цвета Bianco Traffico, Silver Satin и Noir Sable дизайнерской палитры FUTURA AKZONOBEL (Нидерланды) позволяют создать абсолютно уникальный радиатор.","https://res.cloudinary.com/lmru/image/upload/b_white,c_pad,d_photoiscoming.png,f_auto,h_2000,q_auto,w_2000/v1/LMCode/81979189.jpg",Доступно для заказа,10877.00,81979189,Радиатор Royal Thermo BiLiner 500 10 секций Noir Sable боковое подключение биметалл,https://leroymerlin.ru/product/radiator-royal-thermo-biliner-500-10-sekciy-noir-sable-bokovoe-podklyuchenie-bimetall-81979189/,18.75,57.4,11,25,83.2,"1""",10,45.0,ROYAL THERMO,500,2.05,Сталь / алюминий,19.0,30.0,BIliner,Италия,1710,Боковой,Черный,80.0,62.3
